ISO-10303-21;
HEADER;
FILE_DESCRIPTION(('KiCad electronic assembly'),'2;1');
FILE_NAME('Servo_Bus.step','2026-09-27T08:20:53',('Pcbnew'),('Kicad'),
  'Open CASCADE STEP processor 7.9','KiCad to STEP converter','Unknown'
  );
FILE_SCHEMA(('AUTOMOTIVE_DESIGN { 1 0 10303 214 1 1 1 1 }'));
ENDSEC;
DATA;
#1 = APPLICATION_PROTOCOL_DEFINITION('international standard',
  'automotive_design',2000,#2);
#2 = APPLICATION_CONTEXT(
  'core data for automotive mechanical design processes');
#3 = SHAPE_DEFINITION_REPRESENTATION(#4,#10);
#4 = PRODUCT_DEFINITION_SHAPE('','',#5);
#5 = PRODUCT_DEFINITION('design','',#6,#9);
#6 = PRODUCT_DEFINITION_FORMATION('','',#7);
#7 = PRODUCT('Servo_Bus 1','Servo_Bus 1','',(#8));
#8 = PRODUCT_CONTEXT('',#2,'mechanical');
#9 = PRODUCT_DEFINITION_CONTEXT('part definition',#2,'design');
#10 = SHAPE_REPRESENTATION('',(#11,#15,#19,#23,#27,#31,#35,#39,#43,#47,
    #51,#55,#59,#63),#67);
#11 = AXIS2_PLACEMENT_3D('',#12,#13,#14);
#12 = CARTESIAN_POINT('',(0.,0.,0.));
#13 = DIRECTION('',(0.,0.,1.));
#14 = DIRECTION('',(1.,0.,-0.));
#15 = AXIS2_PLACEMENT_3D('',#16,#17,#18);
#16 = CARTESIAN_POINT('',(14.5,8.6,4.095));
#17 = DIRECTION('',(0.,0.,1.));
#18 = DIRECTION('',(-1.,-1.224646799147E-16,0.));
#19 = AXIS2_PLACEMENT_3D('',#20,#21,#22);
#20 = CARTESIAN_POINT('',(49.,8.6,4.095));
#21 = DIRECTION('',(0.,0.,1.));
#22 = DIRECTION('',(-1.,-1.224646799147E-16,0.));
#23 = AXIS2_PLACEMENT_3D('',#24,#25,#26);
#24 = CARTESIAN_POINT('',(61.5,31.25,4.095));
#25 = DIRECTION('',(0.,0.,1.));
#26 = DIRECTION('',(1.,0.,0.));
#27 = AXIS2_PLACEMENT_3D('',#28,#29,#30);
#28 = CARTESIAN_POINT('',(37.5,8.6,4.095));
#29 = DIRECTION('',(0.,0.,1.));
#30 = DIRECTION('',(-1.,-1.224646799147E-16,0.));
#31 = AXIS2_PLACEMENT_3D('',#32,#33,#34);
#32 = CARTESIAN_POINT('',(49.5,31.25,4.095));
#33 = DIRECTION('',(0.,0.,1.));
#34 = DIRECTION('',(1.,0.,0.));
#35 = AXIS2_PLACEMENT_3D('',#36,#37,#38);
#36 = CARTESIAN_POINT('',(25.25,31.25,4.095));
#37 = DIRECTION('',(0.,0.,1.));
#38 = DIRECTION('',(1.,0.,0.));
#39 = AXIS2_PLACEMENT_3D('',#40,#41,#42);
#40 = CARTESIAN_POINT('',(26.,8.6,4.095));
#41 = DIRECTION('',(0.,0.,1.));
#42 = DIRECTION('',(-1.,-1.224646799147E-16,0.));
#43 = AXIS2_PLACEMENT_3D('',#44,#45,#46);
#44 = CARTESIAN_POINT('',(40.65,20.,4.595));
#45 = DIRECTION('',(1.,2.334869823773E-16,1.110223024625E-16));
#46 = DIRECTION('',(-2.334869823773E-16,1.,0.));
#47 = AXIS2_PLACEMENT_3D('',#48,#49,#50);
#48 = CARTESIAN_POINT('',(13.5,31.25,4.095));
#49 = DIRECTION('',(0.,0.,1.));
#50 = DIRECTION('',(1.,0.,0.));
#51 = AXIS2_PLACEMENT_3D('',#52,#53,#54);
#52 = CARTESIAN_POINT('',(37.5,31.45,4.095));
#53 = DIRECTION('',(0.,0.,1.));
#54 = DIRECTION('',(1.,0.,0.));
#55 = AXIS2_PLACEMENT_3D('',#56,#57,#58);
#56 = CARTESIAN_POINT('',(34.65,20.5,4.595));
#57 = DIRECTION('',(1.,-1.144237745222E-17,1.110223024625E-16));
#58 = DIRECTION('',(1.144237745222E-17,1.,0.));
#59 = AXIS2_PLACEMENT_3D('',#60,#61,#62);
#60 = CARTESIAN_POINT('',(60.5,8.6,4.095));
#61 = DIRECTION('',(0.,0.,1.));
#62 = DIRECTION('',(-1.,-1.224646799147E-16,0.));
#63 = AXIS2_PLACEMENT_3D('',#64,#65,#66);
#64 = CARTESIAN_POINT('',(0.,0.,0.));
#65 = DIRECTION('',(0.,0.,1.));
#66 = DIRECTION('',(1.,0.,-0.));
#67 = ( GEOMETRIC_REPRESENTATION_CONTEXT(3) 
GLOBAL_UNCERTAINTY_ASSIGNED_CONTEXT((#71)) GLOBAL_UNIT_ASSIGNED_CONTEXT(
(#68,#69,#70)) REPRESENTATION_CONTEXT('Context #1',
  '3D Context with UNIT and UNCERTAINTY') );
#68 = ( LENGTH_UNIT() NAMED_UNIT(*) SI_UNIT(.MILLI.,.METRE.) );
#69 = ( NAMED_UNIT(*) PLANE_ANGLE_UNIT() SI_UNIT($,.RADIAN.) );
#70 = ( NAMED_UNIT(*) SI_UNIT($,.STERADIAN.) SOLID_ANGLE_UNIT() );
#71 = UNCERTAINTY_MEASURE_WITH_UNIT(LENGTH_MEASURE(1.E-06),#68,
  'distance_accuracy_value','confusion accuracy');
#72 = PRODUCT_RELATED_PRODUCT_CATEGORY('part',$,(#7));
#73 = SHAPE_DEFINITION_REPRESENTATION(#74,#80);
#74 = PRODUCT_DEFINITION_SHAPE('','',#75);
#75 = PRODUCT_DEFINITION('design','',#76,#79);
#76 = PRODUCT_DEFINITION_FORMATION('','',#77);
#77 = PRODUCT('22-05-7035','22-05-7035','',(#78));
#78 = PRODUCT_CONTEXT('',#2,'mechanical');
#79 = PRODUCT_DEFINITION_CONTEXT('part definition',#2,'design');
#80 = SHAPE_REPRESENTATION('',(#11,#81,#85),#89);
#81 = AXIS2_PLACEMENT_3D('',#82,#83,#84);
#82 = CARTESIAN_POINT('',(0.,0.,0.));
#83 = DIRECTION('',(0.,0.,1.));
#84 = DIRECTION('',(1.,0.,-0.));
#85 = AXIS2_PLACEMENT_3D('',#86,#87,#88);
#86 = CARTESIAN_POINT('',(0.,0.,0.));
#87 = DIRECTION('',(0.,0.,1.));
#88 = DIRECTION('',(1.,0.,-0.));
#89 = ( GEOMETRIC_REPRESENTATION_CONTEXT(3) 
GLOBAL_UNCERTAINTY_ASSIGNED_CONTEXT((#93)) GLOBAL_UNIT_ASSIGNED_CONTEXT(
(#90,#91,#92)) REPRESENTATION_CONTEXT('Context #1',
  '3D Context with UNIT and UNCERTAINTY') );
#90 = ( LENGTH_UNIT() NAMED_UNIT(*) SI_UNIT(.MILLI.,.METRE.) );
#91 = ( NAMED_UNIT(*) PLANE_ANGLE_UNIT() SI_UNIT($,.RADIAN.) );
#92 = ( NAMED_UNIT(*) SI_UNIT($,.STERADIAN.) SOLID_ANGLE_UNIT() );
#93 = UNCERTAINTY_MEASURE_WITH_UNIT(LENGTH_MEASURE(1.E-06),#90,
  'distance_accuracy_value','confusion accuracy');
#94 = CONTEXT_DEPENDENT_SHAPE_REPRESENTATION(#95,#97);
#95 = ( REPRESENTATION_RELATIONSHIP('','',#80,#10) 
REPRESENTATION_RELATIONSHIP_WITH_TRANSFORMATION(#96) 
SHAPE_REPRESENTATION_RELATIONSHIP() );
#96 = ITEM_DEFINED_TRANSFORMATION('','',#11,#15);
#97 = PRODUCT_DEFINITION_SHAPE('Placement','Placement of an item',#98);
#98 = NEXT_ASSEMBLY_USAGE_OCCURRENCE('3','J3','',#5,#75,$);
#99 = PRODUCT_RELATED_PRODUCT_CATEGORY('part',$,(#77));
#100 = SHAPE_DEFINITION_REPRESENTATION(#101,#107);
#101 = PRODUCT_DEFINITION_SHAPE('','',#102);
#102 = PRODUCT_DEFINITION('design','',#103,#106);
#103 = PRODUCT_DEFINITION_FORMATION('','',#104);
#104 = PRODUCT('SOLID','SOLID','',(#105));
#105 = PRODUCT_CONTEXT('',#2,'mechanical');
#106 = PRODUCT_DEFINITION_CONTEXT('part definition',#2,'design');
#107 = ADVANCED_BREP_SHAPE_REPRESENTATION('',(#11,#108),#3966);
#108 = MANIFOLD_SOLID_BREP('',#109);
#109 = CLOSED_SHELL('',(#110,#182,#294,#325,#357,#452,#476,#532,#563,
    #725,#766,#801,#834,#867,#894,#907,#965,#1007,#1017,#1058,#1093,
    #1126,#1159,#1186,#1199,#1257,#1299,#1309,#1350,#1385,#1418,#1451,
    #1478,#1491,#1549,#1591,#1601,#1640,#1665,#1728,#1752,#1792,#1838,
    #1862,#1895,#1950,#1968,#1992,#2010,#2027,#2044,#2056,#2211,#2243,
    #2261,#2319,#2361,#2371,#2403,#2421,#2479,#2521,#2531,#2563,#2581,
    #2639,#2681,#2691,#2722,#2753,#2777,#2808,#2832,#2849,#2865,#2896,
    #2912,#2924,#2940,#2953,#2969,#2982,#3001,#3014,#3026,#3043,#3060,
    #3072,#3247,#3284,#3316,#3340,#3371,#3388,#3419,#3451,#3481,#3505,
    #3535,#3560,#3577,#3601,#3618,#3649,#3662,#3688,#3701,#3739,#3757,
    #3782,#3806,#3829,#3842,#3854,#3872,#3897,#3914,#3926,#3938,#3955));
#110 = ADVANCED_FACE('',(#111),#177,.T.);
#111 = FACE_BOUND('',#112,.T.);
#112 = EDGE_LOOP('',(#113,#123,#131,#139,#147,#155,#163,#171));
#113 = ORIENTED_EDGE('',*,*,#114,.T.);
#114 = EDGE_CURVE('',#115,#117,#119,.T.);
#115 = VERTEX_POINT('',#116);
#116 = CARTESIAN_POINT('',(-4.95,2.95,1.750006814142));
#117 = VERTEX_POINT('',#118);
#118 = CARTESIAN_POINT('',(-4.95,2.95,2.45));
#119 = LINE('',#120,#121);
#120 = CARTESIAN_POINT('',(-4.95,2.95,1.750006814142));
#121 = VECTOR('',#122,1.);
#122 = DIRECTION('',(0.,0.,1.));
#123 = ORIENTED_EDGE('',*,*,#124,.T.);
#124 = EDGE_CURVE('',#117,#125,#127,.T.);
#125 = VERTEX_POINT('',#126);
#126 = CARTESIAN_POINT('',(4.95,2.95,2.45));
#127 = LINE('',#128,#129);
#128 = CARTESIAN_POINT('',(-4.95,2.95,2.45));
#129 = VECTOR('',#130,1.);
#130 = DIRECTION('',(1.,0.,0.));
#131 = ORIENTED_EDGE('',*,*,#132,.T.);
#132 = EDGE_CURVE('',#125,#133,#135,.T.);
#133 = VERTEX_POINT('',#134);
#134 = CARTESIAN_POINT('',(4.95,2.95,1.750006814142));
#135 = LINE('',#136,#137);
#136 = CARTESIAN_POINT('',(4.95,2.95,2.45));
#137 = VECTOR('',#138,1.);
#138 = DIRECTION('',(0.,0.,-1.));
#139 = ORIENTED_EDGE('',*,*,#140,.T.);
#140 = EDGE_CURVE('',#133,#141,#143,.T.);
#141 = VERTEX_POINT('',#142);
#142 = CARTESIAN_POINT('',(4.25,2.949998099483,1.750003407071));
#143 = LINE('',#144,#145);
#144 = CARTESIAN_POINT('',(4.95,2.95,1.750006814142));
#145 = VECTOR('',#146,1.);
#146 = DIRECTION('',(-0.999999999984,-2.715023759423E-06,
    -4.867244423933E-06));
#147 = ORIENTED_EDGE('',*,*,#148,.T.);
#148 = EDGE_CURVE('',#141,#149,#151,.T.);
#149 = VERTEX_POINT('',#150);
#150 = CARTESIAN_POINT('',(4.25,2.95,2.));
#151 = LINE('',#152,#153);
#152 = CARTESIAN_POINT('',(4.25,2.949998099483,1.750003407071));
#153 = VECTOR('',#154,1.);
#154 = DIRECTION('',(0.,7.602170130819E-06,0.999999999971));
#155 = ORIENTED_EDGE('',*,*,#156,.F.);
#156 = EDGE_CURVE('',#157,#149,#159,.T.);
#157 = VERTEX_POINT('',#158);
#158 = CARTESIAN_POINT('',(-4.25,2.95,2.));
#159 = LINE('',#160,#161);
#160 = CARTESIAN_POINT('',(-4.25,2.95,2.));
#161 = VECTOR('',#162,1.);
#162 = DIRECTION('',(1.,0.,0.));
#163 = ORIENTED_EDGE('',*,*,#164,.F.);
#164 = EDGE_CURVE('',#165,#157,#167,.T.);
#165 = VERTEX_POINT('',#166);
#166 = CARTESIAN_POINT('',(-4.25,2.949998099483,1.750003407071));
#167 = LINE('',#168,#169);
#168 = CARTESIAN_POINT('',(-4.25,2.949998099483,1.750003407071));
#169 = VECTOR('',#170,1.);
#170 = DIRECTION('',(0.,7.602170130819E-06,0.999999999971));
#171 = ORIENTED_EDGE('',*,*,#172,.F.);
#172 = EDGE_CURVE('',#115,#165,#173,.T.);
#173 = LINE('',#174,#175);
#174 = CARTESIAN_POINT('',(-4.95,2.95,1.750006814142));
#175 = VECTOR('',#176,1.);
#176 = DIRECTION('',(0.999999999984,-2.715023758788E-06,
    -4.867244423933E-06));
#177 = PLANE('',#178);
#178 = AXIS2_PLACEMENT_3D('',#179,#180,#181);
#179 = CARTESIAN_POINT('',(0.,2.95,0.));
#180 = DIRECTION('',(0.,1.,0.));
#181 = DIRECTION('',(1.,0.,0.));
#182 = ADVANCED_FACE('',(#183),#289,.T.);
#183 = FACE_BOUND('',#184,.F.);
#184 = EDGE_LOOP('',(#185,#195,#203,#211,#219,#227,#235,#243,#251,#259,
    #267,#275,#283));
#185 = ORIENTED_EDGE('',*,*,#186,.F.);
#186 = EDGE_CURVE('',#187,#189,#191,.T.);
#187 = VERTEX_POINT('',#188);
#188 = CARTESIAN_POINT('',(3.16,2.95,-2.));
#189 = VERTEX_POINT('',#190);
#190 = CARTESIAN_POINT('',(3.16,2.95,-1.750050506339));
#191 = LINE('',#192,#193);
#192 = CARTESIAN_POINT('',(3.16,2.95,-2.));
#193 = VECTOR('',#194,1.);
#194 = DIRECTION('',(0.,0.,1.));
#195 = ORIENTED_EDGE('',*,*,#196,.F.);
#196 = EDGE_CURVE('',#197,#187,#199,.T.);
#197 = VERTEX_POINT('',#198);
#198 = CARTESIAN_POINT('',(-3.16,2.95,-2.));
#199 = LINE('',#200,#201);
#200 = CARTESIAN_POINT('',(-3.16,2.95,-2.));
#201 = VECTOR('',#202,1.);
#202 = DIRECTION('',(1.,0.,0.));
#203 = ORIENTED_EDGE('',*,*,#204,.F.);
#204 = EDGE_CURVE('',#205,#197,#207,.T.);
#205 = VERTEX_POINT('',#206);
#206 = CARTESIAN_POINT('',(-3.16,2.95,-1.750050506339));
#207 = LINE('',#208,#209);
#208 = CARTESIAN_POINT('',(-3.16,2.95,-1.750050506339));
#209 = VECTOR('',#210,1.);
#210 = DIRECTION('',(0.,0.,-1.));
#211 = ORIENTED_EDGE('',*,*,#212,.T.);
#212 = EDGE_CURVE('',#205,#213,#215,.T.);
#213 = VERTEX_POINT('',#214);
#214 = CARTESIAN_POINT('',(-4.25,2.95,-0.660050506339));
#215 = LINE('',#216,#217);
#216 = CARTESIAN_POINT('',(-3.16,2.95,-1.750050506339));
#217 = VECTOR('',#218,1.);
#218 = DIRECTION('',(-0.707106781187,0.,0.707106781187));
#219 = ORIENTED_EDGE('',*,*,#220,.T.);
#220 = EDGE_CURVE('',#213,#221,#223,.T.);
#221 = VERTEX_POINT('',#222);
#222 = CARTESIAN_POINT('',(-4.25,2.95,8.329856296231E-02));
#223 = LINE('',#224,#225);
#224 = CARTESIAN_POINT('',(-4.25,2.95,-0.660050506339));
#225 = VECTOR('',#226,1.);
#226 = DIRECTION('',(0.,0.,1.));
#227 = ORIENTED_EDGE('',*,*,#228,.F.);
#228 = EDGE_CURVE('',#229,#221,#231,.T.);
#229 = VERTEX_POINT('',#230);
#230 = CARTESIAN_POINT('',(-4.95,2.95,8.329856296231E-02));
#231 = LINE('',#232,#233);
#232 = CARTESIAN_POINT('',(-4.95,2.95,8.329856296231E-02));
#233 = VECTOR('',#234,1.);
#234 = DIRECTION('',(1.,0.,0.));
#235 = ORIENTED_EDGE('',*,*,#236,.F.);
#236 = EDGE_CURVE('',#237,#229,#239,.T.);
#237 = VERTEX_POINT('',#238);
#238 = CARTESIAN_POINT('',(-4.95,2.95,-0.95));
#239 = LINE('',#240,#241);
#240 = CARTESIAN_POINT('',(-4.95,2.95,-0.95));
#241 = VECTOR('',#242,1.);
#242 = DIRECTION('',(0.,0.,1.));
#243 = ORIENTED_EDGE('',*,*,#244,.F.);
#244 = EDGE_CURVE('',#245,#237,#247,.T.);
#245 = VERTEX_POINT('',#246);
#246 = CARTESIAN_POINT('',(-3.45,2.95,-2.45));
#247 = LINE('',#248,#249);
#248 = CARTESIAN_POINT('',(-3.45,2.95,-2.45));
#249 = VECTOR('',#250,1.);
#250 = DIRECTION('',(-0.707106781187,0.,0.707106781187));
#251 = ORIENTED_EDGE('',*,*,#252,.F.);
#252 = EDGE_CURVE('',#253,#245,#255,.T.);
#253 = VERTEX_POINT('',#254);
#254 = CARTESIAN_POINT('',(4.95,2.95,-2.45));
#255 = LINE('',#256,#257);
#256 = CARTESIAN_POINT('',(4.95,2.95,-2.45));
#257 = VECTOR('',#258,1.);
#258 = DIRECTION('',(-1.,0.,0.));
#259 = ORIENTED_EDGE('',*,*,#260,.F.);
#260 = EDGE_CURVE('',#261,#253,#263,.T.);
#261 = VERTEX_POINT('',#262);
#262 = CARTESIAN_POINT('',(4.95,2.95,8.329856296231E-02));
#263 = LINE('',#264,#265);
#264 = CARTESIAN_POINT('',(4.95,2.95,8.329856296231E-02));
#265 = VECTOR('',#266,1.);
#266 = DIRECTION('',(0.,0.,-1.));
#267 = ORIENTED_EDGE('',*,*,#268,.T.);
#268 = EDGE_CURVE('',#261,#269,#271,.T.);
#269 = VERTEX_POINT('',#270);
#270 = CARTESIAN_POINT('',(4.25,2.95,8.329856296231E-02));
#271 = LINE('',#272,#273);
#272 = CARTESIAN_POINT('',(4.95,2.95,8.329856296231E-02));
#273 = VECTOR('',#274,1.);
#274 = DIRECTION('',(-1.,0.,0.));
#275 = ORIENTED_EDGE('',*,*,#276,.T.);
#276 = EDGE_CURVE('',#269,#277,#279,.T.);
#277 = VERTEX_POINT('',#278);
#278 = CARTESIAN_POINT('',(4.25,2.95,-0.660050506339));
#279 = LINE('',#280,#281);
#280 = CARTESIAN_POINT('',(4.25,2.95,8.329856296231E-02));
#281 = VECTOR('',#282,1.);
#282 = DIRECTION('',(0.,0.,-1.));
#283 = ORIENTED_EDGE('',*,*,#284,.T.);
#284 = EDGE_CURVE('',#277,#189,#285,.T.);
#285 = LINE('',#286,#287);
#286 = CARTESIAN_POINT('',(4.25,2.95,-0.660050506339));
#287 = VECTOR('',#288,1.);
#288 = DIRECTION('',(-0.707106781187,0.,-0.707106781187));
#289 = PLANE('',#290);
#290 = AXIS2_PLACEMENT_3D('',#291,#292,#293);
#291 = CARTESIAN_POINT('',(0.,2.95,0.));
#292 = DIRECTION('',(0.,1.,0.));
#293 = DIRECTION('',(1.,0.,0.));
#294 = ADVANCED_FACE('',(#295),#320,.T.);
#295 = FACE_BOUND('',#296,.F.);
#296 = EDGE_LOOP('',(#297,#298,#306,#314));
#297 = ORIENTED_EDGE('',*,*,#172,.F.);
#298 = ORIENTED_EDGE('',*,*,#299,.T.);
#299 = EDGE_CURVE('',#115,#300,#302,.T.);
#300 = VERTEX_POINT('',#301);
#301 = CARTESIAN_POINT('',(-4.95,2.54,1.26));
#302 = LINE('',#303,#304);
#303 = CARTESIAN_POINT('',(-4.95,2.95,1.750006814142));
#304 = VECTOR('',#305,1.);
#305 = DIRECTION('',(0.,-0.641717383641,-0.76694119692));
#306 = ORIENTED_EDGE('',*,*,#307,.T.);
#307 = EDGE_CURVE('',#300,#308,#310,.T.);
#308 = VERTEX_POINT('',#309);
#309 = CARTESIAN_POINT('',(-4.25,2.54,1.26));
#310 = LINE('',#311,#312);
#311 = CARTESIAN_POINT('',(-4.95,2.54,1.26));
#312 = VECTOR('',#313,1.);
#313 = DIRECTION('',(1.,0.,0.));
#314 = ORIENTED_EDGE('',*,*,#315,.F.);
#315 = EDGE_CURVE('',#165,#308,#316,.T.);
#316 = LINE('',#317,#318);
#317 = CARTESIAN_POINT('',(-4.25,2.949998099483,1.750003407071));
#318 = VECTOR('',#319,1.);
#319 = DIRECTION('',(0.,-0.64171825848,-0.766940464922));
#320 = PLANE('',#321);
#321 = AXIS2_PLACEMENT_3D('',#322,#323,#324);
#322 = CARTESIAN_POINT('',(-4.95,2.95,1.750006814142));
#323 = DIRECTION('',(0.,0.76694119692,-0.641717383641));
#324 = DIRECTION('',(0.,-0.641717383641,-0.76694119692));
#325 = ADVANCED_FACE('',(#326),#352,.T.);
#326 = FACE_BOUND('',#327,.F.);
#327 = EDGE_LOOP('',(#328,#329,#330,#338,#346));
#328 = ORIENTED_EDGE('',*,*,#299,.F.);
#329 = ORIENTED_EDGE('',*,*,#114,.T.);
#330 = ORIENTED_EDGE('',*,*,#331,.F.);
#331 = EDGE_CURVE('',#332,#117,#334,.T.);
#332 = VERTEX_POINT('',#333);
#333 = CARTESIAN_POINT('',(-4.95,-1.95,2.45));
#334 = LINE('',#335,#336);
#335 = CARTESIAN_POINT('',(-4.95,-1.95,2.45));
#336 = VECTOR('',#337,1.);
#337 = DIRECTION('',(0.,1.,0.));
#338 = ORIENTED_EDGE('',*,*,#339,.T.);
#339 = EDGE_CURVE('',#332,#340,#342,.T.);
#340 = VERTEX_POINT('',#341);
#341 = CARTESIAN_POINT('',(-4.95,-1.95,1.26));
#342 = LINE('',#343,#344);
#343 = CARTESIAN_POINT('',(-4.95,-1.95,2.45));
#344 = VECTOR('',#345,1.);
#345 = DIRECTION('',(0.,0.,-1.));
#346 = ORIENTED_EDGE('',*,*,#347,.F.);
#347 = EDGE_CURVE('',#300,#340,#348,.T.);
#348 = LINE('',#349,#350);
#349 = CARTESIAN_POINT('',(-4.95,2.54,1.26));
#350 = VECTOR('',#351,1.);
#351 = DIRECTION('',(0.,-1.,0.));
#352 = PLANE('',#353);
#353 = AXIS2_PLACEMENT_3D('',#354,#355,#356);
#354 = CARTESIAN_POINT('',(-4.95,-2.95,-0.95));
#355 = DIRECTION('',(-1.,0.,0.));
#356 = DIRECTION('',(0.,0.,1.));
#357 = ADVANCED_FACE('',(#358),#447,.T.);
#358 = FACE_BOUND('',#359,.F.);
#359 = EDGE_LOOP('',(#360,#370,#378,#386,#394,#402,#410,#418,#424,#425,
    #433,#441));
#360 = ORIENTED_EDGE('',*,*,#361,.F.);
#361 = EDGE_CURVE('',#362,#364,#366,.T.);
#362 = VERTEX_POINT('',#363);
#363 = CARTESIAN_POINT('',(-4.95,-2.95,0.16));
#364 = VERTEX_POINT('',#365);
#365 = CARTESIAN_POINT('',(-4.95,2.05,0.16));
#366 = LINE('',#367,#368);
#367 = CARTESIAN_POINT('',(-4.95,-2.95,0.16));
#368 = VECTOR('',#369,1.);
#369 = DIRECTION('',(0.,1.,0.));
#370 = ORIENTED_EDGE('',*,*,#371,.F.);
#371 = EDGE_CURVE('',#372,#362,#374,.T.);
#372 = VERTEX_POINT('',#373);
#373 = CARTESIAN_POINT('',(-4.95,-2.95,-1.45));
#374 = LINE('',#375,#376);
#375 = CARTESIAN_POINT('',(-4.95,-2.95,-1.45));
#376 = VECTOR('',#377,1.);
#377 = DIRECTION('',(0.,0.,1.));
#378 = ORIENTED_EDGE('',*,*,#379,.T.);
#379 = EDGE_CURVE('',#372,#380,#382,.T.);
#380 = VERTEX_POINT('',#381);
#381 = CARTESIAN_POINT('',(-4.95,-4.45,-1.45));
#382 = LINE('',#383,#384);
#383 = CARTESIAN_POINT('',(-4.95,-2.95,-1.45));
#384 = VECTOR('',#385,1.);
#385 = DIRECTION('',(0.,-1.,0.));
#386 = ORIENTED_EDGE('',*,*,#387,.T.);
#387 = EDGE_CURVE('',#380,#388,#390,.T.);
#388 = VERTEX_POINT('',#389);
#389 = CARTESIAN_POINT('',(-4.95,-4.95,-1.95));
#390 = LINE('',#391,#392);
#391 = CARTESIAN_POINT('',(-4.95,-4.45,-1.45));
#392 = VECTOR('',#393,1.);
#393 = DIRECTION('',(0.,-0.707106781187,-0.707106781187));
#394 = ORIENTED_EDGE('',*,*,#395,.T.);
#395 = EDGE_CURVE('',#388,#396,#398,.T.);
#396 = VERTEX_POINT('',#397);
#397 = CARTESIAN_POINT('',(-4.95,-4.95,-2.45));
#398 = LINE('',#399,#400);
#399 = CARTESIAN_POINT('',(-4.95,-4.95,-1.95));
#400 = VECTOR('',#401,1.);
#401 = DIRECTION('',(0.,0.,-1.));
#402 = ORIENTED_EDGE('',*,*,#403,.T.);
#403 = EDGE_CURVE('',#396,#404,#406,.T.);
#404 = VERTEX_POINT('',#405);
#405 = CARTESIAN_POINT('',(-4.95,-1.85,-2.45));
#406 = LINE('',#407,#408);
#407 = CARTESIAN_POINT('',(-4.95,-4.95,-2.45));
#408 = VECTOR('',#409,1.);
#409 = DIRECTION('',(0.,1.,0.));
#410 = ORIENTED_EDGE('',*,*,#411,.T.);
#411 = EDGE_CURVE('',#404,#412,#414,.T.);
#412 = VERTEX_POINT('',#413);
#413 = CARTESIAN_POINT('',(-4.95,-1.85,-0.95));
#414 = LINE('',#415,#416);
#415 = CARTESIAN_POINT('',(-4.95,-1.85,-2.45));
#416 = VECTOR('',#417,1.);
#417 = DIRECTION('',(0.,0.,1.));
#418 = ORIENTED_EDGE('',*,*,#419,.T.);
#419 = EDGE_CURVE('',#412,#237,#420,.T.);
#420 = LINE('',#421,#422);
#421 = CARTESIAN_POINT('',(-4.95,-1.85,-0.95));
#422 = VECTOR('',#423,1.);
#423 = DIRECTION('',(0.,1.,0.));
#424 = ORIENTED_EDGE('',*,*,#236,.T.);
#425 = ORIENTED_EDGE('',*,*,#426,.F.);
#426 = EDGE_CURVE('',#427,#229,#429,.T.);
#427 = VERTEX_POINT('',#428);
#428 = CARTESIAN_POINT('',(-4.95,2.55,0.56));
#429 = LINE('',#430,#431);
#430 = CARTESIAN_POINT('',(-4.95,2.55,0.56));
#431 = VECTOR('',#432,1.);
#432 = DIRECTION('',(0.,0.642787609687,-0.766044443119));
#433 = ORIENTED_EDGE('',*,*,#434,.F.);
#434 = EDGE_CURVE('',#435,#427,#437,.T.);
#435 = VERTEX_POINT('',#436);
#436 = CARTESIAN_POINT('',(-4.95,2.05,0.56));
#437 = LINE('',#438,#439);
#438 = CARTESIAN_POINT('',(-4.95,2.05,0.56));
#439 = VECTOR('',#440,1.);
#440 = DIRECTION('',(0.,1.,0.));
#441 = ORIENTED_EDGE('',*,*,#442,.F.);
#442 = EDGE_CURVE('',#364,#435,#443,.T.);
#443 = LINE('',#444,#445);
#444 = CARTESIAN_POINT('',(-4.95,2.05,0.16));
#445 = VECTOR('',#446,1.);
#446 = DIRECTION('',(0.,0.,1.));
#447 = PLANE('',#448);
#448 = AXIS2_PLACEMENT_3D('',#449,#450,#451);
#449 = CARTESIAN_POINT('',(-4.95,-2.95,-0.95));
#450 = DIRECTION('',(-1.,0.,0.));
#451 = DIRECTION('',(0.,0.,1.));
#452 = ADVANCED_FACE('',(#453),#471,.T.);
#453 = FACE_BOUND('',#454,.F.);
#454 = EDGE_LOOP('',(#455,#463,#464,#465));
#455 = ORIENTED_EDGE('',*,*,#456,.F.);
#456 = EDGE_CURVE('',#332,#457,#459,.T.);
#457 = VERTEX_POINT('',#458);
#458 = CARTESIAN_POINT('',(4.95,-1.95,2.45));
#459 = LINE('',#460,#461);
#460 = CARTESIAN_POINT('',(-4.95,-1.95,2.45));
#461 = VECTOR('',#462,1.);
#462 = DIRECTION('',(1.,0.,0.));
#463 = ORIENTED_EDGE('',*,*,#331,.T.);
#464 = ORIENTED_EDGE('',*,*,#124,.T.);
#465 = ORIENTED_EDGE('',*,*,#466,.F.);
#466 = EDGE_CURVE('',#457,#125,#467,.T.);
#467 = LINE('',#468,#469);
#468 = CARTESIAN_POINT('',(4.95,-1.95,2.45));
#469 = VECTOR('',#470,1.);
#470 = DIRECTION('',(0.,1.,0.));
#471 = PLANE('',#472);
#472 = AXIS2_PLACEMENT_3D('',#473,#474,#475);
#473 = CARTESIAN_POINT('',(-4.95,-2.95,2.45));
#474 = DIRECTION('',(0.,0.,1.));
#475 = DIRECTION('',(1.,0.,-0.));
#476 = ADVANCED_FACE('',(#477),#527,.F.);
#477 = FACE_BOUND('',#478,.F.);
#478 = EDGE_LOOP('',(#479,#489,#497,#503,#504,#505,#513,#521));
#479 = ORIENTED_EDGE('',*,*,#480,.T.);
#480 = EDGE_CURVE('',#481,#483,#485,.T.);
#481 = VERTEX_POINT('',#482);
#482 = CARTESIAN_POINT('',(4.25,-1.95,1.45));
#483 = VERTEX_POINT('',#484);
#484 = CARTESIAN_POINT('',(-4.25,-1.95,1.45));
#485 = LINE('',#486,#487);
#486 = CARTESIAN_POINT('',(4.25,-1.95,1.45));
#487 = VECTOR('',#488,1.);
#488 = DIRECTION('',(-1.,0.,0.));
#489 = ORIENTED_EDGE('',*,*,#490,.F.);
#490 = EDGE_CURVE('',#491,#483,#493,.T.);
#491 = VERTEX_POINT('',#492);
#492 = CARTESIAN_POINT('',(-4.25,-1.95,1.26));
#493 = LINE('',#494,#495);
#494 = CARTESIAN_POINT('',(-4.25,-1.95,1.26));
#495 = VECTOR('',#496,1.);
#496 = DIRECTION('',(0.,0.,1.));
#497 = ORIENTED_EDGE('',*,*,#498,.F.);
#498 = EDGE_CURVE('',#340,#491,#499,.T.);
#499 = LINE('',#500,#501);
#500 = CARTESIAN_POINT('',(-4.95,-1.95,1.26));
#501 = VECTOR('',#502,1.);
#502 = DIRECTION('',(1.,0.,0.));
#503 = ORIENTED_EDGE('',*,*,#339,.F.);
#504 = ORIENTED_EDGE('',*,*,#456,.T.);
#505 = ORIENTED_EDGE('',*,*,#506,.T.);
#506 = EDGE_CURVE('',#457,#507,#509,.T.);
#507 = VERTEX_POINT('',#508);
#508 = CARTESIAN_POINT('',(4.95,-1.95,1.26));
#509 = LINE('',#510,#511);
#510 = CARTESIAN_POINT('',(4.95,-1.95,2.45));
#511 = VECTOR('',#512,1.);
#512 = DIRECTION('',(0.,0.,-1.));
#513 = ORIENTED_EDGE('',*,*,#514,.T.);
#514 = EDGE_CURVE('',#507,#515,#517,.T.);
#515 = VERTEX_POINT('',#516);
#516 = CARTESIAN_POINT('',(4.25,-1.95,1.26));
#517 = LINE('',#518,#519);
#518 = CARTESIAN_POINT('',(4.95,-1.95,1.26));
#519 = VECTOR('',#520,1.);
#520 = DIRECTION('',(-1.,0.,0.));
#521 = ORIENTED_EDGE('',*,*,#522,.T.);
#522 = EDGE_CURVE('',#515,#481,#523,.T.);
#523 = LINE('',#524,#525);
#524 = CARTESIAN_POINT('',(4.25,-1.95,1.26));
#525 = VECTOR('',#526,1.);
#526 = DIRECTION('',(0.,0.,1.));
#527 = PLANE('',#528);
#528 = AXIS2_PLACEMENT_3D('',#529,#530,#531);
#529 = CARTESIAN_POINT('',(4.95,-1.95,1.26));
#530 = DIRECTION('',(0.,1.,0.));
#531 = DIRECTION('',(0.,-0.,1.));
#532 = ADVANCED_FACE('',(#533),#558,.T.);
#533 = FACE_BOUND('',#534,.F.);
#534 = EDGE_LOOP('',(#535,#545,#551,#552));
#535 = ORIENTED_EDGE('',*,*,#536,.F.);
#536 = EDGE_CURVE('',#537,#539,#541,.T.);
#537 = VERTEX_POINT('',#538);
#538 = CARTESIAN_POINT('',(-4.25,-2.95,1.45));
#539 = VERTEX_POINT('',#540);
#540 = CARTESIAN_POINT('',(4.25,-2.95,1.45));
#541 = LINE('',#542,#543);
#542 = CARTESIAN_POINT('',(-4.25,-2.95,1.45));
#543 = VECTOR('',#544,1.);
#544 = DIRECTION('',(1.,0.,0.));
#545 = ORIENTED_EDGE('',*,*,#546,.T.);
#546 = EDGE_CURVE('',#537,#483,#547,.T.);
#547 = LINE('',#548,#549);
#548 = CARTESIAN_POINT('',(-4.25,-2.95,1.45));
#549 = VECTOR('',#550,1.);
#550 = DIRECTION('',(0.,1.,0.));
#551 = ORIENTED_EDGE('',*,*,#480,.F.);
#552 = ORIENTED_EDGE('',*,*,#553,.F.);
#553 = EDGE_CURVE('',#539,#481,#554,.T.);
#554 = LINE('',#555,#556);
#555 = CARTESIAN_POINT('',(4.25,-2.95,1.45));
#556 = VECTOR('',#557,1.);
#557 = DIRECTION('',(0.,1.,0.));
#558 = PLANE('',#559);
#559 = AXIS2_PLACEMENT_3D('',#560,#561,#562);
#560 = CARTESIAN_POINT('',(-4.95,-2.95,1.45));
#561 = DIRECTION('',(0.,0.,1.));
#562 = DIRECTION('',(1.,0.,-0.));
#563 = ADVANCED_FACE('',(#564,#660,#680,#700),#720,.F.);
#564 = FACE_BOUND('',#565,.F.);
#565 = EDGE_LOOP('',(#566,#576,#584,#592,#600,#608,#616,#624,#632,#638,
    #639,#647,#653,#654));
#566 = ORIENTED_EDGE('',*,*,#567,.F.);
#567 = EDGE_CURVE('',#568,#570,#572,.T.);
#568 = VERTEX_POINT('',#569);
#569 = CARTESIAN_POINT('',(4.95,-2.95,0.16));
#570 = VERTEX_POINT('',#571);
#571 = CARTESIAN_POINT('',(4.25,-2.95,0.16));
#572 = LINE('',#573,#574);
#573 = CARTESIAN_POINT('',(4.95,-2.95,0.16));
#574 = VECTOR('',#575,1.);
#575 = DIRECTION('',(-1.,0.,0.));
#576 = ORIENTED_EDGE('',*,*,#577,.F.);
#577 = EDGE_CURVE('',#578,#568,#580,.T.);
#578 = VERTEX_POINT('',#579);
#579 = CARTESIAN_POINT('',(4.95,-2.95,-1.45));
#580 = LINE('',#581,#582);
#581 = CARTESIAN_POINT('',(4.95,-2.95,-1.45));
#582 = VECTOR('',#583,1.);
#583 = DIRECTION('',(0.,0.,1.));
#584 = ORIENTED_EDGE('',*,*,#585,.F.);
#585 = EDGE_CURVE('',#586,#578,#588,.T.);
#586 = VERTEX_POINT('',#587);
#587 = CARTESIAN_POINT('',(2.86,-2.95,-1.45));
#588 = LINE('',#589,#590);
#589 = CARTESIAN_POINT('',(2.86,-2.95,-1.45));
#590 = VECTOR('',#591,1.);
#591 = DIRECTION('',(1.,0.,0.));
#592 = ORIENTED_EDGE('',*,*,#593,.F.);
#593 = EDGE_CURVE('',#594,#586,#596,.T.);
#594 = VERTEX_POINT('',#595);
#595 = CARTESIAN_POINT('',(2.14,-2.95,-1.45));
#596 = LINE('',#597,#598);
#597 = CARTESIAN_POINT('',(2.14,-2.95,-1.45));
#598 = VECTOR('',#599,1.);
#599 = DIRECTION('',(1.,0.,0.));
#600 = ORIENTED_EDGE('',*,*,#601,.F.);
#601 = EDGE_CURVE('',#602,#594,#604,.T.);
#602 = VERTEX_POINT('',#603);
#603 = CARTESIAN_POINT('',(0.36,-2.95,-1.45));
#604 = LINE('',#605,#606);
#605 = CARTESIAN_POINT('',(0.36,-2.95,-1.45));
#606 = VECTOR('',#607,1.);
#607 = DIRECTION('',(1.,0.,0.));
#608 = ORIENTED_EDGE('',*,*,#609,.F.);
#609 = EDGE_CURVE('',#610,#602,#612,.T.);
#610 = VERTEX_POINT('',#611);
#611 = CARTESIAN_POINT('',(-0.36,-2.95,-1.45));
#612 = LINE('',#613,#614);
#613 = CARTESIAN_POINT('',(-0.36,-2.95,-1.45));
#614 = VECTOR('',#615,1.);
#615 = DIRECTION('',(1.,0.,0.));
#616 = ORIENTED_EDGE('',*,*,#617,.F.);
#617 = EDGE_CURVE('',#618,#610,#620,.T.);
#618 = VERTEX_POINT('',#619);
#619 = CARTESIAN_POINT('',(-2.14,-2.95,-1.45));
#620 = LINE('',#621,#622);
#621 = CARTESIAN_POINT('',(-2.14,-2.95,-1.45));
#622 = VECTOR('',#623,1.);
#623 = DIRECTION('',(1.,0.,0.));
#624 = ORIENTED_EDGE('',*,*,#625,.F.);
#625 = EDGE_CURVE('',#626,#618,#628,.T.);
#626 = VERTEX_POINT('',#627);
#627 = CARTESIAN_POINT('',(-2.86,-2.95,-1.45));
#628 = LINE('',#629,#630);
#629 = CARTESIAN_POINT('',(-2.86,-2.95,-1.45));
#630 = VECTOR('',#631,1.);
#631 = DIRECTION('',(1.,0.,0.));
#632 = ORIENTED_EDGE('',*,*,#633,.F.);
#633 = EDGE_CURVE('',#372,#626,#634,.T.);
#634 = LINE('',#635,#636);
#635 = CARTESIAN_POINT('',(-4.95,-2.95,-1.45));
#636 = VECTOR('',#637,1.);
#637 = DIRECTION('',(1.,0.,0.));
#638 = ORIENTED_EDGE('',*,*,#371,.T.);
#639 = ORIENTED_EDGE('',*,*,#640,.T.);
#640 = EDGE_CURVE('',#362,#641,#643,.T.);
#641 = VERTEX_POINT('',#642);
#642 = CARTESIAN_POINT('',(-4.25,-2.95,0.16));
#643 = LINE('',#644,#645);
#644 = CARTESIAN_POINT('',(-4.95,-2.95,0.16));
#645 = VECTOR('',#646,1.);
#646 = DIRECTION('',(1.,0.,0.));
#647 = ORIENTED_EDGE('',*,*,#648,.F.);
#648 = EDGE_CURVE('',#537,#641,#649,.T.);
#649 = LINE('',#650,#651);
#650 = CARTESIAN_POINT('',(-4.25,-2.95,1.45));
#651 = VECTOR('',#652,1.);
#652 = DIRECTION('',(0.,0.,-1.));
#653 = ORIENTED_EDGE('',*,*,#536,.T.);
#654 = ORIENTED_EDGE('',*,*,#655,.F.);
#655 = EDGE_CURVE('',#570,#539,#656,.T.);
#656 = LINE('',#657,#658);
#657 = CARTESIAN_POINT('',(4.25,-2.95,0.16));
#658 = VECTOR('',#659,1.);
#659 = DIRECTION('',(0.,0.,1.));
#660 = FACE_BOUND('',#661,.F.);
#661 = EDGE_LOOP('',(#662,#673));
#662 = ORIENTED_EDGE('',*,*,#663,.T.);
#663 = EDGE_CURVE('',#664,#666,#668,.T.);
#664 = VERTEX_POINT('',#665);
#665 = CARTESIAN_POINT('',(0.,-2.95,-0.98));
#666 = VERTEX_POINT('',#667);
#667 = CARTESIAN_POINT('',(0.,-2.95,-0.28));
#668 = CIRCLE('',#669,0.35);
#669 = AXIS2_PLACEMENT_3D('',#670,#671,#672);
#670 = CARTESIAN_POINT('',(0.,-2.95,-0.63));
#671 = DIRECTION('',(0.,-1.,0.));
#672 = DIRECTION('',(0.,0.,-1.));
#673 = ORIENTED_EDGE('',*,*,#674,.T.);
#674 = EDGE_CURVE('',#666,#664,#675,.T.);
#675 = CIRCLE('',#676,0.35);
#676 = AXIS2_PLACEMENT_3D('',#677,#678,#679);
#677 = CARTESIAN_POINT('',(0.,-2.95,-0.63));
#678 = DIRECTION('',(0.,-1.,0.));
#679 = DIRECTION('',(0.,0.,1.));
#680 = FACE_BOUND('',#681,.F.);
#681 = EDGE_LOOP('',(#682,#693));
#682 = ORIENTED_EDGE('',*,*,#683,.T.);
#683 = EDGE_CURVE('',#684,#686,#688,.T.);
#684 = VERTEX_POINT('',#685);
#685 = CARTESIAN_POINT('',(-2.5,-2.95,-0.98));
#686 = VERTEX_POINT('',#687);
#687 = CARTESIAN_POINT('',(-2.5,-2.95,-0.28));
#688 = CIRCLE('',#689,0.35);
#689 = AXIS2_PLACEMENT_3D('',#690,#691,#692);
#690 = CARTESIAN_POINT('',(-2.5,-2.95,-0.63));
#691 = DIRECTION('',(0.,-1.,0.));
#692 = DIRECTION('',(0.,0.,-1.));
#693 = ORIENTED_EDGE('',*,*,#694,.T.);
#694 = EDGE_CURVE('',#686,#684,#695,.T.);
#695 = CIRCLE('',#696,0.35);
#696 = AXIS2_PLACEMENT_3D('',#697,#698,#699);
#697 = CARTESIAN_POINT('',(-2.5,-2.95,-0.63));
#698 = DIRECTION('',(0.,-1.,0.));
#699 = DIRECTION('',(0.,0.,1.));
#700 = FACE_BOUND('',#701,.F.);
#701 = EDGE_LOOP('',(#702,#713));
#702 = ORIENTED_EDGE('',*,*,#703,.T.);
#703 = EDGE_CURVE('',#704,#706,#708,.T.);
#704 = VERTEX_POINT('',#705);
#705 = CARTESIAN_POINT('',(2.5,-2.95,-0.98));
#706 = VERTEX_POINT('',#707);
#707 = CARTESIAN_POINT('',(2.5,-2.95,-0.28));
#708 = CIRCLE('',#709,0.35);
#709 = AXIS2_PLACEMENT_3D('',#710,#711,#712);
#710 = CARTESIAN_POINT('',(2.5,-2.95,-0.63));
#711 = DIRECTION('',(0.,-1.,0.));
#712 = DIRECTION('',(0.,0.,-1.));
#713 = ORIENTED_EDGE('',*,*,#714,.T.);
#714 = EDGE_CURVE('',#706,#704,#715,.T.);
#715 = CIRCLE('',#716,0.35);
#716 = AXIS2_PLACEMENT_3D('',#717,#718,#719);
#717 = CARTESIAN_POINT('',(2.5,-2.95,-0.63));
#718 = DIRECTION('',(0.,-1.,0.));
#719 = DIRECTION('',(0.,0.,1.));
#720 = PLANE('',#721);
#721 = AXIS2_PLACEMENT_3D('',#722,#723,#724);
#722 = CARTESIAN_POINT('',(0.,-2.95,0.));
#723 = DIRECTION('',(0.,1.,0.));
#724 = DIRECTION('',(1.,0.,0.));
#725 = ADVANCED_FACE('',(#726),#761,.T.);
#726 = FACE_BOUND('',#727,.T.);
#727 = EDGE_LOOP('',(#728,#736,#737,#745,#754));
#728 = ORIENTED_EDGE('',*,*,#729,.T.);
#729 = EDGE_CURVE('',#730,#704,#732,.T.);
#730 = VERTEX_POINT('',#731);
#731 = CARTESIAN_POINT('',(2.5,-3.3,-0.98));
#732 = LINE('',#733,#734);
#733 = CARTESIAN_POINT('',(2.5,-3.3,-0.98));
#734 = VECTOR('',#735,1.);
#735 = DIRECTION('',(0.,1.,0.));
#736 = ORIENTED_EDGE('',*,*,#703,.T.);
#737 = ORIENTED_EDGE('',*,*,#738,.F.);
#738 = EDGE_CURVE('',#739,#706,#741,.T.);
#739 = VERTEX_POINT('',#740);
#740 = CARTESIAN_POINT('',(2.5,-3.3,-0.28));
#741 = LINE('',#742,#743);
#742 = CARTESIAN_POINT('',(2.5,-3.3,-0.28));
#743 = VECTOR('',#744,1.);
#744 = DIRECTION('',(0.,1.,0.));
#745 = ORIENTED_EDGE('',*,*,#746,.F.);
#746 = EDGE_CURVE('',#747,#739,#749,.T.);
#747 = VERTEX_POINT('',#748);
#748 = CARTESIAN_POINT('',(2.85,-3.3,-0.63));
#749 = CIRCLE('',#750,0.35);
#750 = AXIS2_PLACEMENT_3D('',#751,#752,#753);
#751 = CARTESIAN_POINT('',(2.5,-3.3,-0.63));
#752 = DIRECTION('',(0.,-1.,0.));
#753 = DIRECTION('',(1.,0.,0.));
#754 = ORIENTED_EDGE('',*,*,#755,.F.);
#755 = EDGE_CURVE('',#730,#747,#756,.T.);
#756 = CIRCLE('',#757,0.35);
#757 = AXIS2_PLACEMENT_3D('',#758,#759,#760);
#758 = CARTESIAN_POINT('',(2.5,-3.3,-0.63));
#759 = DIRECTION('',(0.,-1.,0.));
#760 = DIRECTION('',(0.,0.,-1.));
#761 = CYLINDRICAL_SURFACE('',#762,0.35);
#762 = AXIS2_PLACEMENT_3D('',#763,#764,#765);
#763 = CARTESIAN_POINT('',(2.5,2.7375,-0.63));
#764 = DIRECTION('',(0.,-1.,0.));
#765 = DIRECTION('',(0.,0.,1.));
#766 = ADVANCED_FACE('',(#767),#796,.T.);
#767 = FACE_BOUND('',#768,.T.);
#768 = EDGE_LOOP('',(#769,#770,#771,#780,#789));
#769 = ORIENTED_EDGE('',*,*,#755,.T.);
#770 = ORIENTED_EDGE('',*,*,#746,.T.);
#771 = ORIENTED_EDGE('',*,*,#772,.T.);
#772 = EDGE_CURVE('',#739,#773,#775,.T.);
#773 = VERTEX_POINT('',#774);
#774 = CARTESIAN_POINT('',(2.5,-4.,-0.98));
#775 = CIRCLE('',#776,0.7);
#776 = AXIS2_PLACEMENT_3D('',#777,#778,#779);
#777 = CARTESIAN_POINT('',(2.5,-3.3,-0.98));
#778 = DIRECTION('',(1.,0.,-0.));
#779 = DIRECTION('',(0.,0.,1.));
#780 = ORIENTED_EDGE('',*,*,#781,.F.);
#781 = EDGE_CURVE('',#782,#773,#784,.T.);
#782 = VERTEX_POINT('',#783);
#783 = CARTESIAN_POINT('',(2.85,-3.65,-0.98));
#784 = CIRCLE('',#785,0.35);
#785 = AXIS2_PLACEMENT_3D('',#786,#787,#788);
#786 = CARTESIAN_POINT('',(2.5,-3.65,-0.98));
#787 = DIRECTION('',(0.,0.,-1.));
#788 = DIRECTION('',(1.,0.,0.));
#789 = ORIENTED_EDGE('',*,*,#790,.F.);
#790 = EDGE_CURVE('',#730,#782,#791,.T.);
#791 = CIRCLE('',#792,0.35);
#792 = AXIS2_PLACEMENT_3D('',#793,#794,#795);
#793 = CARTESIAN_POINT('',(2.5,-3.65,-0.98));
#794 = DIRECTION('',(0.,0.,-1.));
#795 = DIRECTION('',(0.,1.,0.));
#796 = TOROIDAL_SURFACE('',#797,0.35,0.35);
#797 = AXIS2_PLACEMENT_3D('',#798,#799,#800);
#798 = CARTESIAN_POINT('',(2.5,-3.3,-0.98));
#799 = DIRECTION('',(1.,0.,0.));
#800 = DIRECTION('',(0.,0.,-1.));
#801 = ADVANCED_FACE('',(#802),#829,.T.);
#802 = FACE_BOUND('',#803,.T.);
#803 = EDGE_LOOP('',(#804,#805,#806,#814,#823));
#804 = ORIENTED_EDGE('',*,*,#790,.T.);
#805 = ORIENTED_EDGE('',*,*,#781,.T.);
#806 = ORIENTED_EDGE('',*,*,#807,.F.);
#807 = EDGE_CURVE('',#808,#773,#810,.T.);
#808 = VERTEX_POINT('',#809);
#809 = CARTESIAN_POINT('',(2.5,-4.,-5.75));
#810 = LINE('',#811,#812);
#811 = CARTESIAN_POINT('',(2.5,-4.,-5.75));
#812 = VECTOR('',#813,1.);
#813 = DIRECTION('',(0.,0.,1.));
#814 = ORIENTED_EDGE('',*,*,#815,.F.);
#815 = EDGE_CURVE('',#816,#808,#818,.T.);
#816 = VERTEX_POINT('',#817);
#817 = CARTESIAN_POINT('',(2.5,-3.3,-5.75));
#818 = CIRCLE('',#819,0.35);
#819 = AXIS2_PLACEMENT_3D('',#820,#821,#822);
#820 = CARTESIAN_POINT('',(2.5,-3.65,-5.75));
#821 = DIRECTION('',(0.,0.,-1.));
#822 = DIRECTION('',(0.,1.,0.));
#823 = ORIENTED_EDGE('',*,*,#824,.T.);
#824 = EDGE_CURVE('',#816,#730,#825,.T.);
#825 = LINE('',#826,#827);
#826 = CARTESIAN_POINT('',(2.5,-3.3,-5.75));
#827 = VECTOR('',#828,1.);
#828 = DIRECTION('',(0.,0.,1.));
#829 = CYLINDRICAL_SURFACE('',#830,0.35);
#830 = AXIS2_PLACEMENT_3D('',#831,#832,#833);
#831 = CARTESIAN_POINT('',(2.5,-3.65,-0.7315));
#832 = DIRECTION('',(0.,0.,-1.));
#833 = DIRECTION('',(0.,-1.,0.));
#834 = ADVANCED_FACE('',(#835),#862,.T.);
#835 = FACE_BOUND('',#836,.T.);
#836 = EDGE_LOOP('',(#837,#844,#845,#854,#861));
#837 = ORIENTED_EDGE('',*,*,#838,.T.);
#838 = EDGE_CURVE('',#816,#808,#839,.T.);
#839 = CIRCLE('',#840,0.35);
#840 = AXIS2_PLACEMENT_3D('',#841,#842,#843);
#841 = CARTESIAN_POINT('',(2.5,-3.65,-5.75));
#842 = DIRECTION('',(0.,-0.,1.));
#843 = DIRECTION('',(0.,1.,0.));
#844 = ORIENTED_EDGE('',*,*,#807,.T.);
#845 = ORIENTED_EDGE('',*,*,#846,.T.);
#846 = EDGE_CURVE('',#773,#847,#849,.T.);
#847 = VERTEX_POINT('',#848);
#848 = CARTESIAN_POINT('',(2.15,-3.65,-0.98));
#849 = CIRCLE('',#850,0.35);
#850 = AXIS2_PLACEMENT_3D('',#851,#852,#853);
#851 = CARTESIAN_POINT('',(2.5,-3.65,-0.98));
#852 = DIRECTION('',(0.,0.,-1.));
#853 = DIRECTION('',(0.,-1.,0.));
#854 = ORIENTED_EDGE('',*,*,#855,.T.);
#855 = EDGE_CURVE('',#847,#730,#856,.T.);
#856 = CIRCLE('',#857,0.35);
#857 = AXIS2_PLACEMENT_3D('',#858,#859,#860);
#858 = CARTESIAN_POINT('',(2.5,-3.65,-0.98));
#859 = DIRECTION('',(0.,0.,-1.));
#860 = DIRECTION('',(-1.,0.,0.));
#861 = ORIENTED_EDGE('',*,*,#824,.F.);
#862 = CYLINDRICAL_SURFACE('',#863,0.35);
#863 = AXIS2_PLACEMENT_3D('',#864,#865,#866);
#864 = CARTESIAN_POINT('',(2.5,-3.65,-0.7315));
#865 = DIRECTION('',(0.,0.,-1.));
#866 = DIRECTION('',(0.,-1.,0.));
#867 = ADVANCED_FACE('',(#868),#889,.T.);
#868 = FACE_BOUND('',#869,.T.);
#869 = EDGE_LOOP('',(#870,#871,#880,#887,#888));
#870 = ORIENTED_EDGE('',*,*,#772,.F.);
#871 = ORIENTED_EDGE('',*,*,#872,.T.);
#872 = EDGE_CURVE('',#739,#873,#875,.T.);
#873 = VERTEX_POINT('',#874);
#874 = CARTESIAN_POINT('',(2.15,-3.3,-0.63));
#875 = CIRCLE('',#876,0.35);
#876 = AXIS2_PLACEMENT_3D('',#877,#878,#879);
#877 = CARTESIAN_POINT('',(2.5,-3.3,-0.63));
#878 = DIRECTION('',(0.,-1.,0.));
#879 = DIRECTION('',(0.,0.,1.));
#880 = ORIENTED_EDGE('',*,*,#881,.T.);
#881 = EDGE_CURVE('',#873,#730,#882,.T.);
#882 = CIRCLE('',#883,0.35);
#883 = AXIS2_PLACEMENT_3D('',#884,#885,#886);
#884 = CARTESIAN_POINT('',(2.5,-3.3,-0.63));
#885 = DIRECTION('',(0.,-1.,0.));
#886 = DIRECTION('',(-1.,0.,0.));
#887 = ORIENTED_EDGE('',*,*,#855,.F.);
#888 = ORIENTED_EDGE('',*,*,#846,.F.);
#889 = TOROIDAL_SURFACE('',#890,0.35,0.35);
#890 = AXIS2_PLACEMENT_3D('',#891,#892,#893);
#891 = CARTESIAN_POINT('',(2.5,-3.3,-0.98));
#892 = DIRECTION('',(1.,0.,0.));
#893 = DIRECTION('',(0.,0.,-1.));
#894 = ADVANCED_FACE('',(#895),#902,.T.);
#895 = FACE_BOUND('',#896,.T.);
#896 = EDGE_LOOP('',(#897,#898,#899,#900,#901));
#897 = ORIENTED_EDGE('',*,*,#872,.F.);
#898 = ORIENTED_EDGE('',*,*,#738,.T.);
#899 = ORIENTED_EDGE('',*,*,#714,.T.);
#900 = ORIENTED_EDGE('',*,*,#729,.F.);
#901 = ORIENTED_EDGE('',*,*,#881,.F.);
#902 = CYLINDRICAL_SURFACE('',#903,0.35);
#903 = AXIS2_PLACEMENT_3D('',#904,#905,#906);
#904 = CARTESIAN_POINT('',(2.5,2.7375,-0.63));
#905 = DIRECTION('',(0.,-1.,0.));
#906 = DIRECTION('',(0.,0.,1.));
#907 = ADVANCED_FACE('',(#908),#936,.T.);
#908 = FACE_BOUND('',#909,.T.);
#909 = EDGE_LOOP('',(#910,#921,#928,#929));
#910 = ORIENTED_EDGE('',*,*,#911,.T.);
#911 = EDGE_CURVE('',#912,#914,#916,.T.);
#912 = VERTEX_POINT('',#913);
#913 = CARTESIAN_POINT('',(2.5,-3.5,-5.95));
#914 = VERTEX_POINT('',#915);
#915 = CARTESIAN_POINT('',(2.5,-3.8,-5.95));
#916 = CIRCLE('',#917,0.15);
#917 = AXIS2_PLACEMENT_3D('',#918,#919,#920);
#918 = CARTESIAN_POINT('',(2.5,-3.65,-5.95));
#919 = DIRECTION('',(0.,-0.,1.));
#920 = DIRECTION('',(0.,1.,0.));
#921 = ORIENTED_EDGE('',*,*,#922,.T.);
#922 = EDGE_CURVE('',#914,#808,#923,.T.);
#923 = CIRCLE('',#924,0.2);
#924 = AXIS2_PLACEMENT_3D('',#925,#926,#927);
#925 = CARTESIAN_POINT('',(2.5,-3.8,-5.75));
#926 = DIRECTION('',(-1.,0.,0.));
#927 = DIRECTION('',(0.,0.,-1.));
#928 = ORIENTED_EDGE('',*,*,#838,.F.);
#929 = ORIENTED_EDGE('',*,*,#930,.F.);
#930 = EDGE_CURVE('',#912,#816,#931,.T.);
#931 = CIRCLE('',#932,0.2);
#932 = AXIS2_PLACEMENT_3D('',#933,#934,#935);
#933 = CARTESIAN_POINT('',(2.5,-3.5,-5.75));
#934 = DIRECTION('',(1.,0.,0.));
#935 = DIRECTION('',(0.,0.,-1.));
#936 = ( BOUNDED_SURFACE() B_SPLINE_SURFACE(3,3,(
    (#937,#938,#939,#940)
    ,(#941,#942,#943,#944)
    ,(#945,#946,#947,#948)
    ,(#949,#950,#951,#952)
    ,(#953,#954,#955,#956)
    ,(#957,#958,#959,#960)
    ,(#961,#962,#963,#964
)),.UNSPECIFIED.,.F.,.F.,.F.) B_SPLINE_SURFACE_WITH_KNOTS((4,3,4),(4,4),
  (0.,1.,2.),(0.,1.),.PIECEWISE_BEZIER_KNOTS.) 
GEOMETRIC_REPRESENTATION_ITEM() RATIONAL_B_SPLINE_SURFACE((
    (1.466980049895,1.114688196417,1.114688196417,1.466980049895)
    ,(1.1372425689,0.864136406017,0.864136406017,1.1372425689)
    ,(1.1372425689,0.864136406017,0.864136406017,1.1372425689)
    ,(1.466980049895,1.114688196417,1.114688196417,1.466980049895)
    ,(1.1372425689,0.864136406017,0.864136406017,1.1372425689)
    ,(1.1372425689,0.864136406017,0.864136406017,1.1372425689)
    ,(1.466980049895,1.114688196417,1.114688196417,1.466980049895
))) REPRESENTATION_ITEM('') SURFACE() );
#937 = CARTESIAN_POINT('',(2.542348923746,-3.996591391651,
    -5.731787633237));
#938 = CARTESIAN_POINT('',(2.543838387675,-4.008781438772,-5.86608849871
    ));
#939 = CARTESIAN_POINT('',(2.532272509848,-3.914124164464,
    -5.961449754518));
#940 = CARTESIAN_POINT('',(2.515983846397,-3.78081474278,-5.949169048039
    ));
#941 = CARTESIAN_POINT('',(2.319176465776,-4.023860139901,
    -5.731787633237));
#942 = CARTESIAN_POINT('',(2.312816678846,-4.037009262562,-5.86608849871
    ));
#943 = CARTESIAN_POINT('',(2.362201237414,-3.934904644075,
    -5.961449754518));
#944 = CARTESIAN_POINT('',(2.43175138019,-3.791106845741,-5.949169048039
    ));
#945 = CARTESIAN_POINT('',(2.150830951961,-3.874832227733,
    -5.731787633237));
#946 = CARTESIAN_POINT('',(2.138550245482,-3.882739854744,-5.86608849871
    ));
#947 = CARTESIAN_POINT('',(2.23391150129,-3.821336120068,-5.961449754518
    ));
#948 = CARTESIAN_POINT('',(2.368212366763,-3.734858916719,
    -5.949169048039));
#949 = CARTESIAN_POINT('',(2.150830951961,-3.65,-5.731787633237));
#950 = CARTESIAN_POINT('',(2.138550245482,-3.65,-5.86608849871));
#951 = CARTESIAN_POINT('',(2.23391150129,-3.65,-5.961449754518));
#952 = CARTESIAN_POINT('',(2.368212366763,-3.65,-5.949169048039));
#953 = CARTESIAN_POINT('',(2.150830951961,-3.425167772267,
    -5.731787633237));
#954 = CARTESIAN_POINT('',(2.138550245482,-3.417260145256,-5.86608849871
    ));
#955 = CARTESIAN_POINT('',(2.23391150129,-3.478663879932,-5.961449754518
    ));
#956 = CARTESIAN_POINT('',(2.368212366763,-3.565141083281,
    -5.949169048039));
#957 = CARTESIAN_POINT('',(2.319176465776,-3.276139860099,
    -5.731787633237));
#958 = CARTESIAN_POINT('',(2.312816678846,-3.262990737438,-5.86608849871
    ));
#959 = CARTESIAN_POINT('',(2.362201237414,-3.365095355925,
    -5.961449754518));
#960 = CARTESIAN_POINT('',(2.43175138019,-3.508893154259,-5.949169048039
    ));
#961 = CARTESIAN_POINT('',(2.542348923746,-3.303408608349,
    -5.731787633237));
#962 = CARTESIAN_POINT('',(2.543838387675,-3.291218561228,-5.86608849871
    ));
#963 = CARTESIAN_POINT('',(2.532272509848,-3.385875835536,
    -5.961449754518));
#964 = CARTESIAN_POINT('',(2.515983846397,-3.51918525722,-5.949169048039
    ));
#965 = ADVANCED_FACE('',(#966),#978,.T.);
#966 = FACE_BOUND('',#967,.T.);
#967 = EDGE_LOOP('',(#968,#969,#970,#977));
#968 = ORIENTED_EDGE('',*,*,#815,.T.);
#969 = ORIENTED_EDGE('',*,*,#922,.F.);
#970 = ORIENTED_EDGE('',*,*,#971,.F.);
#971 = EDGE_CURVE('',#912,#914,#972,.T.);
#972 = CIRCLE('',#973,0.15);
#973 = AXIS2_PLACEMENT_3D('',#974,#975,#976);
#974 = CARTESIAN_POINT('',(2.5,-3.65,-5.95));
#975 = DIRECTION('',(0.,0.,-1.));
#976 = DIRECTION('',(0.,1.,0.));
#977 = ORIENTED_EDGE('',*,*,#930,.T.);
#978 = ( BOUNDED_SURFACE() B_SPLINE_SURFACE(3,3,(
    (#979,#980,#981,#982)
    ,(#983,#984,#985,#986)
    ,(#987,#988,#989,#990)
    ,(#991,#992,#993,#994)
    ,(#995,#996,#997,#998)
    ,(#999,#1000,#1001,#1002)
    ,(#1003,#1004,#1005,#1006
)),.UNSPECIFIED.,.F.,.F.,.F.) B_SPLINE_SURFACE_WITH_KNOTS((4,3,4),(4,4),
  (0.,1.,2.),(0.,1.),.PIECEWISE_BEZIER_KNOTS.) 
GEOMETRIC_REPRESENTATION_ITEM() RATIONAL_B_SPLINE_SURFACE((
    (1.466980049895,1.114688196417,1.114688196417,1.466980049895)
    ,(1.1372425689,0.864136406017,0.864136406017,1.1372425689)
    ,(1.1372425689,0.864136406017,0.864136406017,1.1372425689)
    ,(1.466980049895,1.114688196417,1.114688196417,1.466980049895)
    ,(1.1372425689,0.864136406017,0.864136406017,1.1372425689)
    ,(1.1372425689,0.864136406017,0.864136406017,1.1372425689)
    ,(1.466980049895,1.114688196417,1.114688196417,1.466980049895
))) REPRESENTATION_ITEM('') SURFACE() );
#979 = CARTESIAN_POINT('',(2.457651076254,-3.303408608349,
    -5.731787633237));
#980 = CARTESIAN_POINT('',(2.456161612325,-3.291218561228,-5.86608849871
    ));
#981 = CARTESIAN_POINT('',(2.467727490152,-3.385875835536,
    -5.961449754518));
#982 = CARTESIAN_POINT('',(2.484016153603,-3.51918525722,-5.949169048039
    ));
#983 = CARTESIAN_POINT('',(2.680823534224,-3.276139860099,
    -5.731787633237));
#984 = CARTESIAN_POINT('',(2.687183321154,-3.262990737438,-5.86608849871
    ));
#985 = CARTESIAN_POINT('',(2.637798762586,-3.365095355925,
    -5.961449754518));
#986 = CARTESIAN_POINT('',(2.56824861981,-3.508893154259,-5.949169048039
    ));
#987 = CARTESIAN_POINT('',(2.849169048039,-3.425167772267,
    -5.731787633237));
#988 = CARTESIAN_POINT('',(2.861449754518,-3.417260145256,-5.86608849871
    ));
#989 = CARTESIAN_POINT('',(2.76608849871,-3.478663879932,-5.961449754518
    ));
#990 = CARTESIAN_POINT('',(2.631787633237,-3.565141083281,
    -5.949169048039));
#991 = CARTESIAN_POINT('',(2.849169048039,-3.65,-5.731787633237));
#992 = CARTESIAN_POINT('',(2.861449754518,-3.65,-5.86608849871));
#993 = CARTESIAN_POINT('',(2.76608849871,-3.65,-5.961449754518));
#994 = CARTESIAN_POINT('',(2.631787633237,-3.65,-5.949169048039));
#995 = CARTESIAN_POINT('',(2.849169048039,-3.874832227733,
    -5.731787633237));
#996 = CARTESIAN_POINT('',(2.861449754518,-3.882739854744,-5.86608849871
    ));
#997 = CARTESIAN_POINT('',(2.76608849871,-3.821336120068,-5.961449754518
    ));
#998 = CARTESIAN_POINT('',(2.631787633237,-3.734858916719,
    -5.949169048039));
#999 = CARTESIAN_POINT('',(2.680823534224,-4.023860139901,
    -5.731787633237));
#1000 = CARTESIAN_POINT('',(2.687183321154,-4.037009262562,
    -5.86608849871));
#1001 = CARTESIAN_POINT('',(2.637798762586,-3.934904644075,
    -5.961449754518));
#1002 = CARTESIAN_POINT('',(2.56824861981,-3.791106845741,
    -5.949169048039));
#1003 = CARTESIAN_POINT('',(2.457651076254,-3.996591391651,
    -5.731787633237));
#1004 = CARTESIAN_POINT('',(2.456161612325,-4.008781438772,
    -5.86608849871));
#1005 = CARTESIAN_POINT('',(2.467727490152,-3.914124164464,
    -5.961449754518));
#1006 = CARTESIAN_POINT('',(2.484016153603,-3.78081474278,
    -5.949169048039));
#1007 = ADVANCED_FACE('',(#1008),#1012,.T.);
#1008 = FACE_BOUND('',#1009,.F.);
#1009 = EDGE_LOOP('',(#1010,#1011));
#1010 = ORIENTED_EDGE('',*,*,#911,.T.);
#1011 = ORIENTED_EDGE('',*,*,#971,.F.);
#1012 = PLANE('',#1013);
#1013 = AXIS2_PLACEMENT_3D('',#1014,#1015,#1016);
#1014 = CARTESIAN_POINT('',(2.5,-3.65,-5.95));
#1015 = DIRECTION('',(0.,0.,-1.));
#1016 = DIRECTION('',(0.,-1.,0.));
#1017 = ADVANCED_FACE('',(#1018),#1053,.T.);
#1018 = FACE_BOUND('',#1019,.T.);
#1019 = EDGE_LOOP('',(#1020,#1028,#1029,#1037,#1046));
#1020 = ORIENTED_EDGE('',*,*,#1021,.T.);
#1021 = EDGE_CURVE('',#1022,#664,#1024,.T.);
#1022 = VERTEX_POINT('',#1023);
#1023 = CARTESIAN_POINT('',(0.,-3.3,-0.98));
#1024 = LINE('',#1025,#1026);
#1025 = CARTESIAN_POINT('',(0.,-3.3,-0.98));
#1026 = VECTOR('',#1027,1.);
#1027 = DIRECTION('',(0.,1.,0.));
#1028 = ORIENTED_EDGE('',*,*,#663,.T.);
#1029 = ORIENTED_EDGE('',*,*,#1030,.F.);
#1030 = EDGE_CURVE('',#1031,#666,#1033,.T.);
#1031 = VERTEX_POINT('',#1032);
#1032 = CARTESIAN_POINT('',(0.,-3.3,-0.28));
#1033 = LINE('',#1034,#1035);
#1034 = CARTESIAN_POINT('',(0.,-3.3,-0.28));
#1035 = VECTOR('',#1036,1.);
#1036 = DIRECTION('',(0.,1.,0.));
#1037 = ORIENTED_EDGE('',*,*,#1038,.F.);
#1038 = EDGE_CURVE('',#1039,#1031,#1041,.T.);
#1039 = VERTEX_POINT('',#1040);
#1040 = CARTESIAN_POINT('',(0.35,-3.3,-0.63));
#1041 = CIRCLE('',#1042,0.35);
#1042 = AXIS2_PLACEMENT_3D('',#1043,#1044,#1045);
#1043 = CARTESIAN_POINT('',(0.,-3.3,-0.63));
#1044 = DIRECTION('',(0.,-1.,0.));
#1045 = DIRECTION('',(1.,0.,0.));
#1046 = ORIENTED_EDGE('',*,*,#1047,.F.);
#1047 = EDGE_CURVE('',#1022,#1039,#1048,.T.);
#1048 = CIRCLE('',#1049,0.35);
#1049 = AXIS2_PLACEMENT_3D('',#1050,#1051,#1052);
#1050 = CARTESIAN_POINT('',(0.,-3.3,-0.63));
#1051 = DIRECTION('',(0.,-1.,0.));
#1052 = DIRECTION('',(0.,0.,-1.));
#1053 = CYLINDRICAL_SURFACE('',#1054,0.35);
#1054 = AXIS2_PLACEMENT_3D('',#1055,#1056,#1057);
#1055 = CARTESIAN_POINT('',(0.,2.7375,-0.63));
#1056 = DIRECTION('',(0.,-1.,0.));
#1057 = DIRECTION('',(0.,0.,1.));
#1058 = ADVANCED_FACE('',(#1059),#1088,.T.);
#1059 = FACE_BOUND('',#1060,.T.);
#1060 = EDGE_LOOP('',(#1061,#1062,#1063,#1072,#1081));
#1061 = ORIENTED_EDGE('',*,*,#1047,.T.);
#1062 = ORIENTED_EDGE('',*,*,#1038,.T.);
#1063 = ORIENTED_EDGE('',*,*,#1064,.T.);
#1064 = EDGE_CURVE('',#1031,#1065,#1067,.T.);
#1065 = VERTEX_POINT('',#1066);
#1066 = CARTESIAN_POINT('',(0.,-4.,-0.98));
#1067 = CIRCLE('',#1068,0.7);
#1068 = AXIS2_PLACEMENT_3D('',#1069,#1070,#1071);
#1069 = CARTESIAN_POINT('',(0.,-3.3,-0.98));
#1070 = DIRECTION('',(1.,0.,-0.));
#1071 = DIRECTION('',(0.,0.,1.));
#1072 = ORIENTED_EDGE('',*,*,#1073,.F.);
#1073 = EDGE_CURVE('',#1074,#1065,#1076,.T.);
#1074 = VERTEX_POINT('',#1075);
#1075 = CARTESIAN_POINT('',(0.35,-3.65,-0.98));
#1076 = CIRCLE('',#1077,0.35);
#1077 = AXIS2_PLACEMENT_3D('',#1078,#1079,#1080);
#1078 = CARTESIAN_POINT('',(0.,-3.65,-0.98));
#1079 = DIRECTION('',(0.,0.,-1.));
#1080 = DIRECTION('',(1.,0.,0.));
#1081 = ORIENTED_EDGE('',*,*,#1082,.F.);
#1082 = EDGE_CURVE('',#1022,#1074,#1083,.T.);
#1083 = CIRCLE('',#1084,0.35);
#1084 = AXIS2_PLACEMENT_3D('',#1085,#1086,#1087);
#1085 = CARTESIAN_POINT('',(0.,-3.65,-0.98));
#1086 = DIRECTION('',(0.,0.,-1.));
#1087 = DIRECTION('',(0.,1.,0.));
#1088 = TOROIDAL_SURFACE('',#1089,0.35,0.35);
#1089 = AXIS2_PLACEMENT_3D('',#1090,#1091,#1092);
#1090 = CARTESIAN_POINT('',(0.,-3.3,-0.98));
#1091 = DIRECTION('',(1.,0.,0.));
#1092 = DIRECTION('',(0.,0.,-1.));
#1093 = ADVANCED_FACE('',(#1094),#1121,.T.);
#1094 = FACE_BOUND('',#1095,.T.);
#1095 = EDGE_LOOP('',(#1096,#1097,#1105,#1114,#1120));
#1096 = ORIENTED_EDGE('',*,*,#1073,.T.);
#1097 = ORIENTED_EDGE('',*,*,#1098,.F.);
#1098 = EDGE_CURVE('',#1099,#1065,#1101,.T.);
#1099 = VERTEX_POINT('',#1100);
#1100 = CARTESIAN_POINT('',(0.,-4.,-5.75));
#1101 = LINE('',#1102,#1103);
#1102 = CARTESIAN_POINT('',(0.,-4.,-5.75));
#1103 = VECTOR('',#1104,1.);
#1104 = DIRECTION('',(0.,0.,1.));
#1105 = ORIENTED_EDGE('',*,*,#1106,.F.);
#1106 = EDGE_CURVE('',#1107,#1099,#1109,.T.);
#1107 = VERTEX_POINT('',#1108);
#1108 = CARTESIAN_POINT('',(0.,-3.3,-5.75));
#1109 = CIRCLE('',#1110,0.35);
#1110 = AXIS2_PLACEMENT_3D('',#1111,#1112,#1113);
#1111 = CARTESIAN_POINT('',(0.,-3.65,-5.75));
#1112 = DIRECTION('',(0.,0.,-1.));
#1113 = DIRECTION('',(0.,1.,0.));
#1114 = ORIENTED_EDGE('',*,*,#1115,.T.);
#1115 = EDGE_CURVE('',#1107,#1022,#1116,.T.);
#1116 = LINE('',#1117,#1118);
#1117 = CARTESIAN_POINT('',(0.,-3.3,-5.75));
#1118 = VECTOR('',#1119,1.);
#1119 = DIRECTION('',(0.,0.,1.));
#1120 = ORIENTED_EDGE('',*,*,#1082,.T.);
#1121 = CYLINDRICAL_SURFACE('',#1122,0.35);
#1122 = AXIS2_PLACEMENT_3D('',#1123,#1124,#1125);
#1123 = CARTESIAN_POINT('',(0.,-3.65,-0.7315));
#1124 = DIRECTION('',(0.,0.,-1.));
#1125 = DIRECTION('',(0.,-1.,0.));
#1126 = ADVANCED_FACE('',(#1127),#1154,.T.);
#1127 = FACE_BOUND('',#1128,.T.);
#1128 = EDGE_LOOP('',(#1129,#1138,#1139,#1146,#1147));
#1129 = ORIENTED_EDGE('',*,*,#1130,.T.);
#1130 = EDGE_CURVE('',#1131,#1022,#1133,.T.);
#1131 = VERTEX_POINT('',#1132);
#1132 = CARTESIAN_POINT('',(-0.35,-3.65,-0.98));
#1133 = CIRCLE('',#1134,0.35);
#1134 = AXIS2_PLACEMENT_3D('',#1135,#1136,#1137);
#1135 = CARTESIAN_POINT('',(0.,-3.65,-0.98));
#1136 = DIRECTION('',(0.,0.,-1.));
#1137 = DIRECTION('',(-1.,0.,0.));
#1138 = ORIENTED_EDGE('',*,*,#1115,.F.);
#1139 = ORIENTED_EDGE('',*,*,#1140,.T.);
#1140 = EDGE_CURVE('',#1107,#1099,#1141,.T.);
#1141 = CIRCLE('',#1142,0.35);
#1142 = AXIS2_PLACEMENT_3D('',#1143,#1144,#1145);
#1143 = CARTESIAN_POINT('',(0.,-3.65,-5.75));
#1144 = DIRECTION('',(0.,-0.,1.));
#1145 = DIRECTION('',(0.,1.,0.));
#1146 = ORIENTED_EDGE('',*,*,#1098,.T.);
#1147 = ORIENTED_EDGE('',*,*,#1148,.T.);
#1148 = EDGE_CURVE('',#1065,#1131,#1149,.T.);
#1149 = CIRCLE('',#1150,0.35);
#1150 = AXIS2_PLACEMENT_3D('',#1151,#1152,#1153);
#1151 = CARTESIAN_POINT('',(0.,-3.65,-0.98));
#1152 = DIRECTION('',(0.,0.,-1.));
#1153 = DIRECTION('',(0.,-1.,0.));
#1154 = CYLINDRICAL_SURFACE('',#1155,0.35);
#1155 = AXIS2_PLACEMENT_3D('',#1156,#1157,#1158);
#1156 = CARTESIAN_POINT('',(0.,-3.65,-0.7315));
#1157 = DIRECTION('',(0.,0.,-1.));
#1158 = DIRECTION('',(0.,-1.,0.));
#1159 = ADVANCED_FACE('',(#1160),#1181,.T.);
#1160 = FACE_BOUND('',#1161,.T.);
#1161 = EDGE_LOOP('',(#1162,#1163,#1172,#1179,#1180));
#1162 = ORIENTED_EDGE('',*,*,#1064,.F.);
#1163 = ORIENTED_EDGE('',*,*,#1164,.T.);
#1164 = EDGE_CURVE('',#1031,#1165,#1167,.T.);
#1165 = VERTEX_POINT('',#1166);
#1166 = CARTESIAN_POINT('',(-0.35,-3.3,-0.63));
#1167 = CIRCLE('',#1168,0.35);
#1168 = AXIS2_PLACEMENT_3D('',#1169,#1170,#1171);
#1169 = CARTESIAN_POINT('',(0.,-3.3,-0.63));
#1170 = DIRECTION('',(0.,-1.,0.));
#1171 = DIRECTION('',(0.,0.,1.));
#1172 = ORIENTED_EDGE('',*,*,#1173,.T.);
#1173 = EDGE_CURVE('',#1165,#1022,#1174,.T.);
#1174 = CIRCLE('',#1175,0.35);
#1175 = AXIS2_PLACEMENT_3D('',#1176,#1177,#1178);
#1176 = CARTESIAN_POINT('',(0.,-3.3,-0.63));
#1177 = DIRECTION('',(0.,-1.,0.));
#1178 = DIRECTION('',(-1.,0.,0.));
#1179 = ORIENTED_EDGE('',*,*,#1130,.F.);
#1180 = ORIENTED_EDGE('',*,*,#1148,.F.);
#1181 = TOROIDAL_SURFACE('',#1182,0.35,0.35);
#1182 = AXIS2_PLACEMENT_3D('',#1183,#1184,#1185);
#1183 = CARTESIAN_POINT('',(0.,-3.3,-0.98));
#1184 = DIRECTION('',(1.,0.,0.));
#1185 = DIRECTION('',(0.,0.,-1.));
#1186 = ADVANCED_FACE('',(#1187),#1194,.T.);
#1187 = FACE_BOUND('',#1188,.T.);
#1188 = EDGE_LOOP('',(#1189,#1190,#1191,#1192,#1193));
#1189 = ORIENTED_EDGE('',*,*,#1164,.F.);
#1190 = ORIENTED_EDGE('',*,*,#1030,.T.);
#1191 = ORIENTED_EDGE('',*,*,#674,.T.);
#1192 = ORIENTED_EDGE('',*,*,#1021,.F.);
#1193 = ORIENTED_EDGE('',*,*,#1173,.F.);
#1194 = CYLINDRICAL_SURFACE('',#1195,0.35);
#1195 = AXIS2_PLACEMENT_3D('',#1196,#1197,#1198);
#1196 = CARTESIAN_POINT('',(0.,2.7375,-0.63));
#1197 = DIRECTION('',(0.,-1.,0.));
#1198 = DIRECTION('',(0.,0.,1.));
#1199 = ADVANCED_FACE('',(#1200),#1228,.T.);
#1200 = FACE_BOUND('',#1201,.T.);
#1201 = EDGE_LOOP('',(#1202,#1213,#1220,#1221));
#1202 = ORIENTED_EDGE('',*,*,#1203,.T.);
#1203 = EDGE_CURVE('',#1204,#1206,#1208,.T.);
#1204 = VERTEX_POINT('',#1205);
#1205 = CARTESIAN_POINT('',(0.,-3.5,-5.95));
#1206 = VERTEX_POINT('',#1207);
#1207 = CARTESIAN_POINT('',(0.,-3.8,-5.95));
#1208 = CIRCLE('',#1209,0.15);
#1209 = AXIS2_PLACEMENT_3D('',#1210,#1211,#1212);
#1210 = CARTESIAN_POINT('',(0.,-3.65,-5.95));
#1211 = DIRECTION('',(0.,-0.,1.));
#1212 = DIRECTION('',(0.,1.,0.));
#1213 = ORIENTED_EDGE('',*,*,#1214,.T.);
#1214 = EDGE_CURVE('',#1206,#1099,#1215,.T.);
#1215 = CIRCLE('',#1216,0.2);
#1216 = AXIS2_PLACEMENT_3D('',#1217,#1218,#1219);
#1217 = CARTESIAN_POINT('',(0.,-3.8,-5.75));
#1218 = DIRECTION('',(-1.,0.,0.));
#1219 = DIRECTION('',(0.,0.,-1.));
#1220 = ORIENTED_EDGE('',*,*,#1140,.F.);
#1221 = ORIENTED_EDGE('',*,*,#1222,.F.);
#1222 = EDGE_CURVE('',#1204,#1107,#1223,.T.);
#1223 = CIRCLE('',#1224,0.2);
#1224 = AXIS2_PLACEMENT_3D('',#1225,#1226,#1227);
#1225 = CARTESIAN_POINT('',(0.,-3.5,-5.75));
#1226 = DIRECTION('',(1.,0.,0.));
#1227 = DIRECTION('',(0.,0.,-1.));
#1228 = ( BOUNDED_SURFACE() B_SPLINE_SURFACE(3,3,(
    (#1229,#1230,#1231,#1232)
    ,(#1233,#1234,#1235,#1236)
    ,(#1237,#1238,#1239,#1240)
    ,(#1241,#1242,#1243,#1244)
    ,(#1245,#1246,#1247,#1248)
    ,(#1249,#1250,#1251,#1252)
    ,(#1253,#1254,#1255,#1256
)),.UNSPECIFIED.,.F.,.F.,.F.) B_SPLINE_SURFACE_WITH_KNOTS((4,3,4),(4,4),
  (0.,1.,2.),(0.,1.),.PIECEWISE_BEZIER_KNOTS.) 
GEOMETRIC_REPRESENTATION_ITEM() RATIONAL_B_SPLINE_SURFACE((
    (1.466980049895,1.114688196417,1.114688196417,1.466980049895)
    ,(1.1372425689,0.864136406017,0.864136406017,1.1372425689)
    ,(1.1372425689,0.864136406017,0.864136406017,1.1372425689)
    ,(1.466980049895,1.114688196417,1.114688196417,1.466980049895)
    ,(1.1372425689,0.864136406017,0.864136406017,1.1372425689)
    ,(1.1372425689,0.864136406017,0.864136406017,1.1372425689)
    ,(1.466980049895,1.114688196417,1.114688196417,1.466980049895
))) REPRESENTATION_ITEM('') SURFACE() );
#1229 = CARTESIAN_POINT('',(4.234892374568E-02,-3.996591391651,
    -5.731787633237));
#1230 = CARTESIAN_POINT('',(4.383838767475E-02,-4.008781438772,
    -5.86608849871));
#1231 = CARTESIAN_POINT('',(3.227250984804E-02,-3.914124164464,
    -5.961449754518));
#1232 = CARTESIAN_POINT('',(1.598384639738E-02,-3.78081474278,
    -5.949169048039));
#1233 = CARTESIAN_POINT('',(-0.180823534224,-4.023860139901,
    -5.731787633237));
#1234 = CARTESIAN_POINT('',(-0.187183321154,-4.037009262562,
    -5.86608849871));
#1235 = CARTESIAN_POINT('',(-0.137798762586,-3.934904644075,
    -5.961449754518));
#1236 = CARTESIAN_POINT('',(-6.82486198095E-02,-3.791106845741,
    -5.949169048039));
#1237 = CARTESIAN_POINT('',(-0.349169048039,-3.874832227733,
    -5.731787633237));
#1238 = CARTESIAN_POINT('',(-0.361449754518,-3.882739854744,
    -5.86608849871));
#1239 = CARTESIAN_POINT('',(-0.26608849871,-3.821336120068,
    -5.961449754518));
#1240 = CARTESIAN_POINT('',(-0.131787633237,-3.734858916719,
    -5.949169048039));
#1241 = CARTESIAN_POINT('',(-0.349169048039,-3.65,-5.731787633237));
#1242 = CARTESIAN_POINT('',(-0.361449754518,-3.65,-5.86608849871));
#1243 = CARTESIAN_POINT('',(-0.26608849871,-3.65,-5.961449754518));
#1244 = CARTESIAN_POINT('',(-0.131787633237,-3.65,-5.949169048039));
#1245 = CARTESIAN_POINT('',(-0.349169048039,-3.425167772267,
    -5.731787633237));
#1246 = CARTESIAN_POINT('',(-0.361449754518,-3.417260145256,
    -5.86608849871));
#1247 = CARTESIAN_POINT('',(-0.26608849871,-3.478663879932,
    -5.961449754518));
#1248 = CARTESIAN_POINT('',(-0.131787633237,-3.565141083281,
    -5.949169048039));
#1249 = CARTESIAN_POINT('',(-0.180823534224,-3.276139860099,
    -5.731787633237));
#1250 = CARTESIAN_POINT('',(-0.187183321154,-3.262990737438,
    -5.86608849871));
#1251 = CARTESIAN_POINT('',(-0.137798762586,-3.365095355925,
    -5.961449754518));
#1252 = CARTESIAN_POINT('',(-6.82486198095E-02,-3.508893154259,
    -5.949169048039));
#1253 = CARTESIAN_POINT('',(4.234892374568E-02,-3.303408608349,
    -5.731787633237));
#1254 = CARTESIAN_POINT('',(4.383838767475E-02,-3.291218561228,
    -5.86608849871));
#1255 = CARTESIAN_POINT('',(3.227250984804E-02,-3.385875835536,
    -5.961449754518));
#1256 = CARTESIAN_POINT('',(1.598384639738E-02,-3.51918525722,
    -5.949169048039));
#1257 = ADVANCED_FACE('',(#1258),#1270,.T.);
#1258 = FACE_BOUND('',#1259,.T.);
#1259 = EDGE_LOOP('',(#1260,#1261,#1262,#1269));
#1260 = ORIENTED_EDGE('',*,*,#1106,.T.);
#1261 = ORIENTED_EDGE('',*,*,#1214,.F.);
#1262 = ORIENTED_EDGE('',*,*,#1263,.F.);
#1263 = EDGE_CURVE('',#1204,#1206,#1264,.T.);
#1264 = CIRCLE('',#1265,0.15);
#1265 = AXIS2_PLACEMENT_3D('',#1266,#1267,#1268);
#1266 = CARTESIAN_POINT('',(0.,-3.65,-5.95));
#1267 = DIRECTION('',(0.,0.,-1.));
#1268 = DIRECTION('',(0.,1.,0.));
#1269 = ORIENTED_EDGE('',*,*,#1222,.T.);
#1270 = ( BOUNDED_SURFACE() B_SPLINE_SURFACE(3,3,(
    (#1271,#1272,#1273,#1274)
    ,(#1275,#1276,#1277,#1278)
    ,(#1279,#1280,#1281,#1282)
    ,(#1283,#1284,#1285,#1286)
    ,(#1287,#1288,#1289,#1290)
    ,(#1291,#1292,#1293,#1294)
    ,(#1295,#1296,#1297,#1298
)),.UNSPECIFIED.,.F.,.F.,.F.) B_SPLINE_SURFACE_WITH_KNOTS((4,3,4),(4,4),
  (0.,1.,2.),(0.,1.),.PIECEWISE_BEZIER_KNOTS.) 
GEOMETRIC_REPRESENTATION_ITEM() RATIONAL_B_SPLINE_SURFACE((
    (1.466980049895,1.114688196417,1.114688196417,1.466980049895)
    ,(1.1372425689,0.864136406017,0.864136406017,1.1372425689)
    ,(1.1372425689,0.864136406017,0.864136406017,1.1372425689)
    ,(1.466980049895,1.114688196417,1.114688196417,1.466980049895)
    ,(1.1372425689,0.864136406017,0.864136406017,1.1372425689)
    ,(1.1372425689,0.864136406017,0.864136406017,1.1372425689)
    ,(1.466980049895,1.114688196417,1.114688196417,1.466980049895
))) REPRESENTATION_ITEM('') SURFACE() );
#1271 = CARTESIAN_POINT('',(-4.234892374568E-02,-3.303408608349,
    -5.731787633237));
#1272 = CARTESIAN_POINT('',(-4.383838767475E-02,-3.291218561228,
    -5.86608849871));
#1273 = CARTESIAN_POINT('',(-3.227250984804E-02,-3.385875835536,
    -5.961449754518));
#1274 = CARTESIAN_POINT('',(-1.598384639738E-02,-3.51918525722,
    -5.949169048039));
#1275 = CARTESIAN_POINT('',(0.180823534224,-3.276139860099,
    -5.731787633237));
#1276 = CARTESIAN_POINT('',(0.187183321154,-3.262990737438,
    -5.86608849871));
#1277 = CARTESIAN_POINT('',(0.137798762586,-3.365095355925,
    -5.961449754518));
#1278 = CARTESIAN_POINT('',(6.82486198095E-02,-3.508893154259,
    -5.949169048039));
#1279 = CARTESIAN_POINT('',(0.349169048039,-3.425167772267,
    -5.731787633237));
#1280 = CARTESIAN_POINT('',(0.361449754518,-3.417260145256,
    -5.86608849871));
#1281 = CARTESIAN_POINT('',(0.26608849871,-3.478663879932,
    -5.961449754518));
#1282 = CARTESIAN_POINT('',(0.131787633237,-3.565141083281,
    -5.949169048039));
#1283 = CARTESIAN_POINT('',(0.349169048039,-3.65,-5.731787633237));
#1284 = CARTESIAN_POINT('',(0.361449754518,-3.65,-5.86608849871));
#1285 = CARTESIAN_POINT('',(0.26608849871,-3.65,-5.961449754518));
#1286 = CARTESIAN_POINT('',(0.131787633237,-3.65,-5.949169048039));
#1287 = CARTESIAN_POINT('',(0.349169048039,-3.874832227733,
    -5.731787633237));
#1288 = CARTESIAN_POINT('',(0.361449754518,-3.882739854744,
    -5.86608849871));
#1289 = CARTESIAN_POINT('',(0.26608849871,-3.821336120068,
    -5.961449754518));
#1290 = CARTESIAN_POINT('',(0.131787633237,-3.734858916719,
    -5.949169048039));
#1291 = CARTESIAN_POINT('',(0.180823534224,-4.023860139901,
    -5.731787633237));
#1292 = CARTESIAN_POINT('',(0.187183321154,-4.037009262562,
    -5.86608849871));
#1293 = CARTESIAN_POINT('',(0.137798762586,-3.934904644075,
    -5.961449754518));
#1294 = CARTESIAN_POINT('',(6.82486198095E-02,-3.791106845741,
    -5.949169048039));
#1295 = CARTESIAN_POINT('',(-4.234892374568E-02,-3.996591391651,
    -5.731787633237));
#1296 = CARTESIAN_POINT('',(-4.383838767475E-02,-4.008781438772,
    -5.86608849871));
#1297 = CARTESIAN_POINT('',(-3.227250984804E-02,-3.914124164464,
    -5.961449754518));
#1298 = CARTESIAN_POINT('',(-1.598384639738E-02,-3.78081474278,
    -5.949169048039));
#1299 = ADVANCED_FACE('',(#1300),#1304,.T.);
#1300 = FACE_BOUND('',#1301,.F.);
#1301 = EDGE_LOOP('',(#1302,#1303));
#1302 = ORIENTED_EDGE('',*,*,#1203,.T.);
#1303 = ORIENTED_EDGE('',*,*,#1263,.F.);
#1304 = PLANE('',#1305);
#1305 = AXIS2_PLACEMENT_3D('',#1306,#1307,#1308);
#1306 = CARTESIAN_POINT('',(0.,-3.65,-5.95));
#1307 = DIRECTION('',(0.,0.,-1.));
#1308 = DIRECTION('',(0.,-1.,0.));
#1309 = ADVANCED_FACE('',(#1310),#1345,.T.);
#1310 = FACE_BOUND('',#1311,.T.);
#1311 = EDGE_LOOP('',(#1312,#1320,#1321,#1329,#1338));
#1312 = ORIENTED_EDGE('',*,*,#1313,.T.);
#1313 = EDGE_CURVE('',#1314,#684,#1316,.T.);
#1314 = VERTEX_POINT('',#1315);
#1315 = CARTESIAN_POINT('',(-2.5,-3.3,-0.98));
#1316 = LINE('',#1317,#1318);
#1317 = CARTESIAN_POINT('',(-2.5,-3.3,-0.98));
#1318 = VECTOR('',#1319,1.);
#1319 = DIRECTION('',(0.,1.,0.));
#1320 = ORIENTED_EDGE('',*,*,#683,.T.);
#1321 = ORIENTED_EDGE('',*,*,#1322,.F.);
#1322 = EDGE_CURVE('',#1323,#686,#1325,.T.);
#1323 = VERTEX_POINT('',#1324);
#1324 = CARTESIAN_POINT('',(-2.5,-3.3,-0.28));
#1325 = LINE('',#1326,#1327);
#1326 = CARTESIAN_POINT('',(-2.5,-3.3,-0.28));
#1327 = VECTOR('',#1328,1.);
#1328 = DIRECTION('',(0.,1.,0.));
#1329 = ORIENTED_EDGE('',*,*,#1330,.F.);
#1330 = EDGE_CURVE('',#1331,#1323,#1333,.T.);
#1331 = VERTEX_POINT('',#1332);
#1332 = CARTESIAN_POINT('',(-2.15,-3.3,-0.63));
#1333 = CIRCLE('',#1334,0.35);
#1334 = AXIS2_PLACEMENT_3D('',#1335,#1336,#1337);
#1335 = CARTESIAN_POINT('',(-2.5,-3.3,-0.63));
#1336 = DIRECTION('',(0.,-1.,0.));
#1337 = DIRECTION('',(1.,0.,0.));
#1338 = ORIENTED_EDGE('',*,*,#1339,.F.);
#1339 = EDGE_CURVE('',#1314,#1331,#1340,.T.);
#1340 = CIRCLE('',#1341,0.35);
#1341 = AXIS2_PLACEMENT_3D('',#1342,#1343,#1344);
#1342 = CARTESIAN_POINT('',(-2.5,-3.3,-0.63));
#1343 = DIRECTION('',(0.,-1.,0.));
#1344 = DIRECTION('',(0.,0.,-1.));
#1345 = CYLINDRICAL_SURFACE('',#1346,0.35);
#1346 = AXIS2_PLACEMENT_3D('',#1347,#1348,#1349);
#1347 = CARTESIAN_POINT('',(-2.5,2.7375,-0.63));
#1348 = DIRECTION('',(0.,-1.,0.));
#1349 = DIRECTION('',(0.,0.,1.));
#1350 = ADVANCED_FACE('',(#1351),#1380,.T.);
#1351 = FACE_BOUND('',#1352,.T.);
#1352 = EDGE_LOOP('',(#1353,#1354,#1355,#1364,#1373));
#1353 = ORIENTED_EDGE('',*,*,#1339,.T.);
#1354 = ORIENTED_EDGE('',*,*,#1330,.T.);
#1355 = ORIENTED_EDGE('',*,*,#1356,.T.);
#1356 = EDGE_CURVE('',#1323,#1357,#1359,.T.);
#1357 = VERTEX_POINT('',#1358);
#1358 = CARTESIAN_POINT('',(-2.5,-4.,-0.98));
#1359 = CIRCLE('',#1360,0.7);
#1360 = AXIS2_PLACEMENT_3D('',#1361,#1362,#1363);
#1361 = CARTESIAN_POINT('',(-2.5,-3.3,-0.98));
#1362 = DIRECTION('',(1.,0.,-0.));
#1363 = DIRECTION('',(0.,0.,1.));
#1364 = ORIENTED_EDGE('',*,*,#1365,.F.);
#1365 = EDGE_CURVE('',#1366,#1357,#1368,.T.);
#1366 = VERTEX_POINT('',#1367);
#1367 = CARTESIAN_POINT('',(-2.15,-3.65,-0.98));
#1368 = CIRCLE('',#1369,0.35);
#1369 = AXIS2_PLACEMENT_3D('',#1370,#1371,#1372);
#1370 = CARTESIAN_POINT('',(-2.5,-3.65,-0.98));
#1371 = DIRECTION('',(0.,0.,-1.));
#1372 = DIRECTION('',(1.,0.,0.));
#1373 = ORIENTED_EDGE('',*,*,#1374,.F.);
#1374 = EDGE_CURVE('',#1314,#1366,#1375,.T.);
#1375 = CIRCLE('',#1376,0.35);
#1376 = AXIS2_PLACEMENT_3D('',#1377,#1378,#1379);
#1377 = CARTESIAN_POINT('',(-2.5,-3.65,-0.98));
#1378 = DIRECTION('',(0.,0.,-1.));
#1379 = DIRECTION('',(0.,1.,0.));
#1380 = TOROIDAL_SURFACE('',#1381,0.35,0.35);
#1381 = AXIS2_PLACEMENT_3D('',#1382,#1383,#1384);
#1382 = CARTESIAN_POINT('',(-2.5,-3.3,-0.98));
#1383 = DIRECTION('',(1.,0.,0.));
#1384 = DIRECTION('',(0.,0.,-1.));
#1385 = ADVANCED_FACE('',(#1386),#1413,.T.);
#1386 = FACE_BOUND('',#1387,.T.);
#1387 = EDGE_LOOP('',(#1388,#1389,#1397,#1406,#1412));
#1388 = ORIENTED_EDGE('',*,*,#1365,.T.);
#1389 = ORIENTED_EDGE('',*,*,#1390,.F.);
#1390 = EDGE_CURVE('',#1391,#1357,#1393,.T.);
#1391 = VERTEX_POINT('',#1392);
#1392 = CARTESIAN_POINT('',(-2.5,-4.,-5.75));
#1393 = LINE('',#1394,#1395);
#1394 = CARTESIAN_POINT('',(-2.5,-4.,-5.75));
#1395 = VECTOR('',#1396,1.);
#1396 = DIRECTION('',(0.,0.,1.));
#1397 = ORIENTED_EDGE('',*,*,#1398,.F.);
#1398 = EDGE_CURVE('',#1399,#1391,#1401,.T.);
#1399 = VERTEX_POINT('',#1400);
#1400 = CARTESIAN_POINT('',(-2.5,-3.3,-5.75));
#1401 = CIRCLE('',#1402,0.35);
#1402 = AXIS2_PLACEMENT_3D('',#1403,#1404,#1405);
#1403 = CARTESIAN_POINT('',(-2.5,-3.65,-5.75));
#1404 = DIRECTION('',(0.,0.,-1.));
#1405 = DIRECTION('',(0.,1.,0.));
#1406 = ORIENTED_EDGE('',*,*,#1407,.T.);
#1407 = EDGE_CURVE('',#1399,#1314,#1408,.T.);
#1408 = LINE('',#1409,#1410);
#1409 = CARTESIAN_POINT('',(-2.5,-3.3,-5.75));
#1410 = VECTOR('',#1411,1.);
#1411 = DIRECTION('',(0.,0.,1.));
#1412 = ORIENTED_EDGE('',*,*,#1374,.T.);
#1413 = CYLINDRICAL_SURFACE('',#1414,0.35);
#1414 = AXIS2_PLACEMENT_3D('',#1415,#1416,#1417);
#1415 = CARTESIAN_POINT('',(-2.5,-3.65,-0.7315));
#1416 = DIRECTION('',(0.,0.,-1.));
#1417 = DIRECTION('',(0.,-1.,0.));
#1418 = ADVANCED_FACE('',(#1419),#1446,.T.);
#1419 = FACE_BOUND('',#1420,.T.);
#1420 = EDGE_LOOP('',(#1421,#1430,#1431,#1438,#1439));
#1421 = ORIENTED_EDGE('',*,*,#1422,.T.);
#1422 = EDGE_CURVE('',#1423,#1314,#1425,.T.);
#1423 = VERTEX_POINT('',#1424);
#1424 = CARTESIAN_POINT('',(-2.85,-3.65,-0.98));
#1425 = CIRCLE('',#1426,0.35);
#1426 = AXIS2_PLACEMENT_3D('',#1427,#1428,#1429);
#1427 = CARTESIAN_POINT('',(-2.5,-3.65,-0.98));
#1428 = DIRECTION('',(0.,0.,-1.));
#1429 = DIRECTION('',(-1.,0.,0.));
#1430 = ORIENTED_EDGE('',*,*,#1407,.F.);
#1431 = ORIENTED_EDGE('',*,*,#1432,.T.);
#1432 = EDGE_CURVE('',#1399,#1391,#1433,.T.);
#1433 = CIRCLE('',#1434,0.35);
#1434 = AXIS2_PLACEMENT_3D('',#1435,#1436,#1437);
#1435 = CARTESIAN_POINT('',(-2.5,-3.65,-5.75));
#1436 = DIRECTION('',(0.,-0.,1.));
#1437 = DIRECTION('',(0.,1.,0.));
#1438 = ORIENTED_EDGE('',*,*,#1390,.T.);
#1439 = ORIENTED_EDGE('',*,*,#1440,.T.);
#1440 = EDGE_CURVE('',#1357,#1423,#1441,.T.);
#1441 = CIRCLE('',#1442,0.35);
#1442 = AXIS2_PLACEMENT_3D('',#1443,#1444,#1445);
#1443 = CARTESIAN_POINT('',(-2.5,-3.65,-0.98));
#1444 = DIRECTION('',(0.,0.,-1.));
#1445 = DIRECTION('',(0.,-1.,0.));
#1446 = CYLINDRICAL_SURFACE('',#1447,0.35);
#1447 = AXIS2_PLACEMENT_3D('',#1448,#1449,#1450);
#1448 = CARTESIAN_POINT('',(-2.5,-3.65,-0.7315));
#1449 = DIRECTION('',(0.,0.,-1.));
#1450 = DIRECTION('',(0.,-1.,0.));
#1451 = ADVANCED_FACE('',(#1452),#1473,.T.);
#1452 = FACE_BOUND('',#1453,.T.);
#1453 = EDGE_LOOP('',(#1454,#1455,#1464,#1471,#1472));
#1454 = ORIENTED_EDGE('',*,*,#1356,.F.);
#1455 = ORIENTED_EDGE('',*,*,#1456,.T.);
#1456 = EDGE_CURVE('',#1323,#1457,#1459,.T.);
#1457 = VERTEX_POINT('',#1458);
#1458 = CARTESIAN_POINT('',(-2.85,-3.3,-0.63));
#1459 = CIRCLE('',#1460,0.35);
#1460 = AXIS2_PLACEMENT_3D('',#1461,#1462,#1463);
#1461 = CARTESIAN_POINT('',(-2.5,-3.3,-0.63));
#1462 = DIRECTION('',(0.,-1.,0.));
#1463 = DIRECTION('',(0.,0.,1.));
#1464 = ORIENTED_EDGE('',*,*,#1465,.T.);
#1465 = EDGE_CURVE('',#1457,#1314,#1466,.T.);
#1466 = CIRCLE('',#1467,0.35);
#1467 = AXIS2_PLACEMENT_3D('',#1468,#1469,#1470);
#1468 = CARTESIAN_POINT('',(-2.5,-3.3,-0.63));
#1469 = DIRECTION('',(0.,-1.,0.));
#1470 = DIRECTION('',(-1.,0.,0.));
#1471 = ORIENTED_EDGE('',*,*,#1422,.F.);
#1472 = ORIENTED_EDGE('',*,*,#1440,.F.);
#1473 = TOROIDAL_SURFACE('',#1474,0.35,0.35);
#1474 = AXIS2_PLACEMENT_3D('',#1475,#1476,#1477);
#1475 = CARTESIAN_POINT('',(-2.5,-3.3,-0.98));
#1476 = DIRECTION('',(1.,0.,0.));
#1477 = DIRECTION('',(0.,0.,-1.));
#1478 = ADVANCED_FACE('',(#1479),#1486,.T.);
#1479 = FACE_BOUND('',#1480,.T.);
#1480 = EDGE_LOOP('',(#1481,#1482,#1483,#1484,#1485));
#1481 = ORIENTED_EDGE('',*,*,#1456,.F.);
#1482 = ORIENTED_EDGE('',*,*,#1322,.T.);
#1483 = ORIENTED_EDGE('',*,*,#694,.T.);
#1484 = ORIENTED_EDGE('',*,*,#1313,.F.);
#1485 = ORIENTED_EDGE('',*,*,#1465,.F.);
#1486 = CYLINDRICAL_SURFACE('',#1487,0.35);
#1487 = AXIS2_PLACEMENT_3D('',#1488,#1489,#1490);
#1488 = CARTESIAN_POINT('',(-2.5,2.7375,-0.63));
#1489 = DIRECTION('',(0.,-1.,0.));
#1490 = DIRECTION('',(0.,0.,1.));
#1491 = ADVANCED_FACE('',(#1492),#1520,.T.);
#1492 = FACE_BOUND('',#1493,.T.);
#1493 = EDGE_LOOP('',(#1494,#1505,#1512,#1513));
#1494 = ORIENTED_EDGE('',*,*,#1495,.T.);
#1495 = EDGE_CURVE('',#1496,#1498,#1500,.T.);
#1496 = VERTEX_POINT('',#1497);
#1497 = CARTESIAN_POINT('',(-2.5,-3.5,-5.95));
#1498 = VERTEX_POINT('',#1499);
#1499 = CARTESIAN_POINT('',(-2.5,-3.8,-5.95));
#1500 = CIRCLE('',#1501,0.15);
#1501 = AXIS2_PLACEMENT_3D('',#1502,#1503,#1504);
#1502 = CARTESIAN_POINT('',(-2.5,-3.65,-5.95));
#1503 = DIRECTION('',(0.,-0.,1.));
#1504 = DIRECTION('',(0.,1.,0.));
#1505 = ORIENTED_EDGE('',*,*,#1506,.T.);
#1506 = EDGE_CURVE('',#1498,#1391,#1507,.T.);
#1507 = CIRCLE('',#1508,0.2);
#1508 = AXIS2_PLACEMENT_3D('',#1509,#1510,#1511);
#1509 = CARTESIAN_POINT('',(-2.5,-3.8,-5.75));
#1510 = DIRECTION('',(-1.,0.,0.));
#1511 = DIRECTION('',(0.,0.,-1.));
#1512 = ORIENTED_EDGE('',*,*,#1432,.F.);
#1513 = ORIENTED_EDGE('',*,*,#1514,.F.);
#1514 = EDGE_CURVE('',#1496,#1399,#1515,.T.);
#1515 = CIRCLE('',#1516,0.2);
#1516 = AXIS2_PLACEMENT_3D('',#1517,#1518,#1519);
#1517 = CARTESIAN_POINT('',(-2.5,-3.5,-5.75));
#1518 = DIRECTION('',(1.,0.,0.));
#1519 = DIRECTION('',(0.,0.,-1.));
#1520 = ( BOUNDED_SURFACE() B_SPLINE_SURFACE(3,3,(
    (#1521,#1522,#1523,#1524)
    ,(#1525,#1526,#1527,#1528)
    ,(#1529,#1530,#1531,#1532)
    ,(#1533,#1534,#1535,#1536)
    ,(#1537,#1538,#1539,#1540)
    ,(#1541,#1542,#1543,#1544)
    ,(#1545,#1546,#1547,#1548
)),.UNSPECIFIED.,.F.,.F.,.F.) B_SPLINE_SURFACE_WITH_KNOTS((4,3,4),(4,4),
  (0.,1.,2.),(0.,1.),.PIECEWISE_BEZIER_KNOTS.) 
GEOMETRIC_REPRESENTATION_ITEM() RATIONAL_B_SPLINE_SURFACE((
    (1.466980049895,1.114688196417,1.114688196417,1.466980049895)
    ,(1.1372425689,0.864136406017,0.864136406017,1.1372425689)
    ,(1.1372425689,0.864136406017,0.864136406017,1.1372425689)
    ,(1.466980049895,1.114688196417,1.114688196417,1.466980049895)
    ,(1.1372425689,0.864136406017,0.864136406017,1.1372425689)
    ,(1.1372425689,0.864136406017,0.864136406017,1.1372425689)
    ,(1.466980049895,1.114688196417,1.114688196417,1.466980049895
))) REPRESENTATION_ITEM('') SURFACE() );
#1521 = CARTESIAN_POINT('',(-2.457651076254,-3.996591391651,
    -5.731787633237));
#1522 = CARTESIAN_POINT('',(-2.456161612325,-4.008781438772,
    -5.86608849871));
#1523 = CARTESIAN_POINT('',(-2.467727490152,-3.914124164464,
    -5.961449754518));
#1524 = CARTESIAN_POINT('',(-2.484016153603,-3.78081474278,
    -5.949169048039));
#1525 = CARTESIAN_POINT('',(-2.680823534224,-4.023860139901,
    -5.731787633237));
#1526 = CARTESIAN_POINT('',(-2.687183321154,-4.037009262562,
    -5.86608849871));
#1527 = CARTESIAN_POINT('',(-2.637798762586,-3.934904644075,
    -5.961449754518));
#1528 = CARTESIAN_POINT('',(-2.56824861981,-3.791106845741,
    -5.949169048039));
#1529 = CARTESIAN_POINT('',(-2.849169048039,-3.874832227733,
    -5.731787633237));
#1530 = CARTESIAN_POINT('',(-2.861449754518,-3.882739854744,
    -5.86608849871));
#1531 = CARTESIAN_POINT('',(-2.76608849871,-3.821336120068,
    -5.961449754518));
#1532 = CARTESIAN_POINT('',(-2.631787633237,-3.734858916719,
    -5.949169048039));
#1533 = CARTESIAN_POINT('',(-2.849169048039,-3.65,-5.731787633237));
#1534 = CARTESIAN_POINT('',(-2.861449754518,-3.65,-5.86608849871));
#1535 = CARTESIAN_POINT('',(-2.76608849871,-3.65,-5.961449754518));
#1536 = CARTESIAN_POINT('',(-2.631787633237,-3.65,-5.949169048039));
#1537 = CARTESIAN_POINT('',(-2.849169048039,-3.425167772267,
    -5.731787633237));
#1538 = CARTESIAN_POINT('',(-2.861449754518,-3.417260145256,
    -5.86608849871));
#1539 = CARTESIAN_POINT('',(-2.76608849871,-3.478663879932,
    -5.961449754518));
#1540 = CARTESIAN_POINT('',(-2.631787633237,-3.565141083281,
    -5.949169048039));
#1541 = CARTESIAN_POINT('',(-2.680823534224,-3.276139860099,
    -5.731787633237));
#1542 = CARTESIAN_POINT('',(-2.687183321154,-3.262990737438,
    -5.86608849871));
#1543 = CARTESIAN_POINT('',(-2.637798762586,-3.365095355925,
    -5.961449754518));
#1544 = CARTESIAN_POINT('',(-2.56824861981,-3.508893154259,
    -5.949169048039));
#1545 = CARTESIAN_POINT('',(-2.457651076254,-3.303408608349,
    -5.731787633237));
#1546 = CARTESIAN_POINT('',(-2.456161612325,-3.291218561228,
    -5.86608849871));
#1547 = CARTESIAN_POINT('',(-2.467727490152,-3.385875835536,
    -5.961449754518));
#1548 = CARTESIAN_POINT('',(-2.484016153603,-3.51918525722,
    -5.949169048039));
#1549 = ADVANCED_FACE('',(#1550),#1562,.T.);
#1550 = FACE_BOUND('',#1551,.T.);
#1551 = EDGE_LOOP('',(#1552,#1553,#1554,#1561));
#1552 = ORIENTED_EDGE('',*,*,#1398,.T.);
#1553 = ORIENTED_EDGE('',*,*,#1506,.F.);
#1554 = ORIENTED_EDGE('',*,*,#1555,.F.);
#1555 = EDGE_CURVE('',#1496,#1498,#1556,.T.);
#1556 = CIRCLE('',#1557,0.15);
#1557 = AXIS2_PLACEMENT_3D('',#1558,#1559,#1560);
#1558 = CARTESIAN_POINT('',(-2.5,-3.65,-5.95));
#1559 = DIRECTION('',(0.,0.,-1.));
#1560 = DIRECTION('',(0.,1.,0.));
#1561 = ORIENTED_EDGE('',*,*,#1514,.T.);
#1562 = ( BOUNDED_SURFACE() B_SPLINE_SURFACE(3,3,(
    (#1563,#1564,#1565,#1566)
    ,(#1567,#1568,#1569,#1570)
    ,(#1571,#1572,#1573,#1574)
    ,(#1575,#1576,#1577,#1578)
    ,(#1579,#1580,#1581,#1582)
    ,(#1583,#1584,#1585,#1586)
    ,(#1587,#1588,#1589,#1590
)),.UNSPECIFIED.,.F.,.F.,.F.) B_SPLINE_SURFACE_WITH_KNOTS((4,3,4),(4,4),
  (0.,1.,2.),(0.,1.),.PIECEWISE_BEZIER_KNOTS.) 
GEOMETRIC_REPRESENTATION_ITEM() RATIONAL_B_SPLINE_SURFACE((
    (1.466980049895,1.114688196417,1.114688196417,1.466980049895)
    ,(1.1372425689,0.864136406017,0.864136406017,1.1372425689)
    ,(1.1372425689,0.864136406017,0.864136406017,1.1372425689)
    ,(1.466980049895,1.114688196417,1.114688196417,1.466980049895)
    ,(1.1372425689,0.864136406017,0.864136406017,1.1372425689)
    ,(1.1372425689,0.864136406017,0.864136406017,1.1372425689)
    ,(1.466980049895,1.114688196417,1.114688196417,1.466980049895
))) REPRESENTATION_ITEM('') SURFACE() );
#1563 = CARTESIAN_POINT('',(-2.542348923746,-3.303408608349,
    -5.731787633237));
#1564 = CARTESIAN_POINT('',(-2.543838387675,-3.291218561228,
    -5.86608849871));
#1565 = CARTESIAN_POINT('',(-2.532272509848,-3.385875835536,
    -5.961449754518));
#1566 = CARTESIAN_POINT('',(-2.515983846397,-3.51918525722,
    -5.949169048039));
#1567 = CARTESIAN_POINT('',(-2.319176465776,-3.276139860099,
    -5.731787633237));
#1568 = CARTESIAN_POINT('',(-2.312816678846,-3.262990737438,
    -5.86608849871));
#1569 = CARTESIAN_POINT('',(-2.362201237414,-3.365095355925,
    -5.961449754518));
#1570 = CARTESIAN_POINT('',(-2.43175138019,-3.508893154259,
    -5.949169048039));
#1571 = CARTESIAN_POINT('',(-2.150830951961,-3.425167772267,
    -5.731787633237));
#1572 = CARTESIAN_POINT('',(-2.138550245482,-3.417260145256,
    -5.86608849871));
#1573 = CARTESIAN_POINT('',(-2.23391150129,-3.478663879932,
    -5.961449754518));
#1574 = CARTESIAN_POINT('',(-2.368212366763,-3.565141083281,
    -5.949169048039));
#1575 = CARTESIAN_POINT('',(-2.150830951961,-3.65,-5.731787633237));
#1576 = CARTESIAN_POINT('',(-2.138550245482,-3.65,-5.86608849871));
#1577 = CARTESIAN_POINT('',(-2.23391150129,-3.65,-5.961449754518));
#1578 = CARTESIAN_POINT('',(-2.368212366763,-3.65,-5.949169048039));
#1579 = CARTESIAN_POINT('',(-2.150830951961,-3.874832227733,
    -5.731787633237));
#1580 = CARTESIAN_POINT('',(-2.138550245482,-3.882739854744,
    -5.86608849871));
#1581 = CARTESIAN_POINT('',(-2.23391150129,-3.821336120068,
    -5.961449754518));
#1582 = CARTESIAN_POINT('',(-2.368212366763,-3.734858916719,
    -5.949169048039));
#1583 = CARTESIAN_POINT('',(-2.319176465776,-4.023860139901,
    -5.731787633237));
#1584 = CARTESIAN_POINT('',(-2.312816678846,-4.037009262562,
    -5.86608849871));
#1585 = CARTESIAN_POINT('',(-2.362201237414,-3.934904644075,
    -5.961449754518));
#1586 = CARTESIAN_POINT('',(-2.43175138019,-3.791106845741,
    -5.949169048039));
#1587 = CARTESIAN_POINT('',(-2.542348923746,-3.996591391651,
    -5.731787633237));
#1588 = CARTESIAN_POINT('',(-2.543838387675,-4.008781438772,
    -5.86608849871));
#1589 = CARTESIAN_POINT('',(-2.532272509848,-3.914124164464,
    -5.961449754518));
#1590 = CARTESIAN_POINT('',(-2.515983846397,-3.78081474278,
    -5.949169048039));
#1591 = ADVANCED_FACE('',(#1592),#1596,.T.);
#1592 = FACE_BOUND('',#1593,.F.);
#1593 = EDGE_LOOP('',(#1594,#1595));
#1594 = ORIENTED_EDGE('',*,*,#1495,.T.);
#1595 = ORIENTED_EDGE('',*,*,#1555,.F.);
#1596 = PLANE('',#1597);
#1597 = AXIS2_PLACEMENT_3D('',#1598,#1599,#1600);
#1598 = CARTESIAN_POINT('',(-2.5,-3.65,-5.95));
#1599 = DIRECTION('',(0.,0.,-1.));
#1600 = DIRECTION('',(0.,-1.,0.));
#1601 = ADVANCED_FACE('',(#1602),#1635,.F.);
#1602 = FACE_BOUND('',#1603,.F.);
#1603 = EDGE_LOOP('',(#1604,#1612,#1613,#1621,#1629));
#1604 = ORIENTED_EDGE('',*,*,#1605,.T.);
#1605 = EDGE_CURVE('',#1606,#568,#1608,.T.);
#1606 = VERTEX_POINT('',#1607);
#1607 = CARTESIAN_POINT('',(4.95,2.05,0.16));
#1608 = LINE('',#1609,#1610);
#1609 = CARTESIAN_POINT('',(4.95,2.05,0.16));
#1610 = VECTOR('',#1611,1.);
#1611 = DIRECTION('',(0.,-1.,0.));
#1612 = ORIENTED_EDGE('',*,*,#567,.T.);
#1613 = ORIENTED_EDGE('',*,*,#1614,.F.);
#1614 = EDGE_CURVE('',#1615,#570,#1617,.T.);
#1615 = VERTEX_POINT('',#1616);
#1616 = CARTESIAN_POINT('',(4.25,-1.05,0.16));
#1617 = LINE('',#1618,#1619);
#1618 = CARTESIAN_POINT('',(4.25,-1.05,0.16));
#1619 = VECTOR('',#1620,1.);
#1620 = DIRECTION('',(0.,-1.,0.));
#1621 = ORIENTED_EDGE('',*,*,#1622,.T.);
#1622 = EDGE_CURVE('',#1615,#1623,#1625,.T.);
#1623 = VERTEX_POINT('',#1624);
#1624 = CARTESIAN_POINT('',(4.25,2.05,0.16));
#1625 = LINE('',#1626,#1627);
#1626 = CARTESIAN_POINT('',(4.25,-1.05,0.16));
#1627 = VECTOR('',#1628,1.);
#1628 = DIRECTION('',(0.,1.,0.));
#1629 = ORIENTED_EDGE('',*,*,#1630,.F.);
#1630 = EDGE_CURVE('',#1606,#1623,#1631,.T.);
#1631 = LINE('',#1632,#1633);
#1632 = CARTESIAN_POINT('',(4.95,2.05,0.16));
#1633 = VECTOR('',#1634,1.);
#1634 = DIRECTION('',(-1.,0.,0.));
#1635 = PLANE('',#1636);
#1636 = AXIS2_PLACEMENT_3D('',#1637,#1638,#1639);
#1637 = CARTESIAN_POINT('',(4.95,-2.95,0.16));
#1638 = DIRECTION('',(0.,0.,-1.));
#1639 = DIRECTION('',(0.,1.,0.));
#1640 = ADVANCED_FACE('',(#1641),#1660,.T.);
#1641 = FACE_BOUND('',#1642,.F.);
#1642 = EDGE_LOOP('',(#1643,#1651,#1657,#1658,#1659));
#1643 = ORIENTED_EDGE('',*,*,#1644,.T.);
#1644 = EDGE_CURVE('',#133,#1645,#1647,.T.);
#1645 = VERTEX_POINT('',#1646);
#1646 = CARTESIAN_POINT('',(4.95,2.54,1.26));
#1647 = LINE('',#1648,#1649);
#1648 = CARTESIAN_POINT('',(4.95,2.95,1.750006814142));
#1649 = VECTOR('',#1650,1.);
#1650 = DIRECTION('',(0.,-0.641717383641,-0.76694119692));
#1651 = ORIENTED_EDGE('',*,*,#1652,.T.);
#1652 = EDGE_CURVE('',#1645,#507,#1653,.T.);
#1653 = LINE('',#1654,#1655);
#1654 = CARTESIAN_POINT('',(4.95,2.54,1.26));
#1655 = VECTOR('',#1656,1.);
#1656 = DIRECTION('',(0.,-1.,0.));
#1657 = ORIENTED_EDGE('',*,*,#506,.F.);
#1658 = ORIENTED_EDGE('',*,*,#466,.T.);
#1659 = ORIENTED_EDGE('',*,*,#132,.T.);
#1660 = PLANE('',#1661);
#1661 = AXIS2_PLACEMENT_3D('',#1662,#1663,#1664);
#1662 = CARTESIAN_POINT('',(4.95,-2.95,2.45));
#1663 = DIRECTION('',(1.,0.,0.));
#1664 = DIRECTION('',(0.,0.,-1.));
#1665 = ADVANCED_FACE('',(#1666),#1723,.T.);
#1666 = FACE_BOUND('',#1667,.F.);
#1667 = EDGE_LOOP('',(#1668,#1669,#1677,#1685,#1691,#1692,#1700,#1708,
    #1716,#1722));
#1668 = ORIENTED_EDGE('',*,*,#1605,.F.);
#1669 = ORIENTED_EDGE('',*,*,#1670,.T.);
#1670 = EDGE_CURVE('',#1606,#1671,#1673,.T.);
#1671 = VERTEX_POINT('',#1672);
#1672 = CARTESIAN_POINT('',(4.95,2.05,0.56));
#1673 = LINE('',#1674,#1675);
#1674 = CARTESIAN_POINT('',(4.95,2.05,0.16));
#1675 = VECTOR('',#1676,1.);
#1676 = DIRECTION('',(0.,0.,1.));
#1677 = ORIENTED_EDGE('',*,*,#1678,.T.);
#1678 = EDGE_CURVE('',#1671,#1679,#1681,.T.);
#1679 = VERTEX_POINT('',#1680);
#1680 = CARTESIAN_POINT('',(4.95,2.55,0.56));
#1681 = LINE('',#1682,#1683);
#1682 = CARTESIAN_POINT('',(4.95,2.05,0.56));
#1683 = VECTOR('',#1684,1.);
#1684 = DIRECTION('',(0.,1.,0.));
#1685 = ORIENTED_EDGE('',*,*,#1686,.T.);
#1686 = EDGE_CURVE('',#1679,#261,#1687,.T.);
#1687 = LINE('',#1688,#1689);
#1688 = CARTESIAN_POINT('',(4.95,2.55,0.56));
#1689 = VECTOR('',#1690,1.);
#1690 = DIRECTION('',(0.,0.642787609687,-0.766044443119));
#1691 = ORIENTED_EDGE('',*,*,#260,.T.);
#1692 = ORIENTED_EDGE('',*,*,#1693,.T.);
#1693 = EDGE_CURVE('',#253,#1694,#1696,.T.);
#1694 = VERTEX_POINT('',#1695);
#1695 = CARTESIAN_POINT('',(4.95,-4.95,-2.45));
#1696 = LINE('',#1697,#1698);
#1697 = CARTESIAN_POINT('',(4.95,2.95,-2.45));
#1698 = VECTOR('',#1699,1.);
#1699 = DIRECTION('',(0.,-1.,0.));
#1700 = ORIENTED_EDGE('',*,*,#1701,.F.);
#1701 = EDGE_CURVE('',#1702,#1694,#1704,.T.);
#1702 = VERTEX_POINT('',#1703);
#1703 = CARTESIAN_POINT('',(4.95,-4.95,-1.95));
#1704 = LINE('',#1705,#1706);
#1705 = CARTESIAN_POINT('',(4.95,-4.95,-1.95));
#1706 = VECTOR('',#1707,1.);
#1707 = DIRECTION('',(0.,0.,-1.));
#1708 = ORIENTED_EDGE('',*,*,#1709,.F.);
#1709 = EDGE_CURVE('',#1710,#1702,#1712,.T.);
#1710 = VERTEX_POINT('',#1711);
#1711 = CARTESIAN_POINT('',(4.95,-4.45,-1.45));
#1712 = LINE('',#1713,#1714);
#1713 = CARTESIAN_POINT('',(4.95,-4.45,-1.45));
#1714 = VECTOR('',#1715,1.);
#1715 = DIRECTION('',(0.,-0.707106781187,-0.707106781187));
#1716 = ORIENTED_EDGE('',*,*,#1717,.F.);
#1717 = EDGE_CURVE('',#578,#1710,#1718,.T.);
#1718 = LINE('',#1719,#1720);
#1719 = CARTESIAN_POINT('',(4.95,-2.95,-1.45));
#1720 = VECTOR('',#1721,1.);
#1721 = DIRECTION('',(0.,-1.,0.));
#1722 = ORIENTED_EDGE('',*,*,#577,.T.);
#1723 = PLANE('',#1724);
#1724 = AXIS2_PLACEMENT_3D('',#1725,#1726,#1727);
#1725 = CARTESIAN_POINT('',(4.95,-2.95,2.45));
#1726 = DIRECTION('',(1.,0.,0.));
#1727 = DIRECTION('',(0.,0.,-1.));
#1728 = ADVANCED_FACE('',(#1729),#1747,.F.);
#1729 = FACE_BOUND('',#1730,.F.);
#1730 = EDGE_LOOP('',(#1731,#1732,#1740,#1746));
#1731 = ORIENTED_EDGE('',*,*,#140,.T.);
#1732 = ORIENTED_EDGE('',*,*,#1733,.T.);
#1733 = EDGE_CURVE('',#141,#1734,#1736,.T.);
#1734 = VERTEX_POINT('',#1735);
#1735 = CARTESIAN_POINT('',(4.25,2.54,1.26));
#1736 = LINE('',#1737,#1738);
#1737 = CARTESIAN_POINT('',(4.25,2.949998099483,1.750003407071));
#1738 = VECTOR('',#1739,1.);
#1739 = DIRECTION('',(0.,-0.64171825848,-0.766940464922));
#1740 = ORIENTED_EDGE('',*,*,#1741,.F.);
#1741 = EDGE_CURVE('',#1645,#1734,#1742,.T.);
#1742 = LINE('',#1743,#1744);
#1743 = CARTESIAN_POINT('',(4.95,2.54,1.26));
#1744 = VECTOR('',#1745,1.);
#1745 = DIRECTION('',(-1.,0.,0.));
#1746 = ORIENTED_EDGE('',*,*,#1644,.F.);
#1747 = PLANE('',#1748);
#1748 = AXIS2_PLACEMENT_3D('',#1749,#1750,#1751);
#1749 = CARTESIAN_POINT('',(4.95,2.95,1.750006814142));
#1750 = DIRECTION('',(0.,-0.76694119692,0.641717383641));
#1751 = DIRECTION('',(0.,-0.641717383641,-0.76694119692));
#1752 = ADVANCED_FACE('',(#1753),#1787,.F.);
#1753 = FACE_BOUND('',#1754,.F.);
#1754 = EDGE_LOOP('',(#1755,#1756,#1757,#1765,#1773,#1781));
#1755 = ORIENTED_EDGE('',*,*,#1733,.F.);
#1756 = ORIENTED_EDGE('',*,*,#148,.T.);
#1757 = ORIENTED_EDGE('',*,*,#1758,.T.);
#1758 = EDGE_CURVE('',#149,#1759,#1761,.T.);
#1759 = VERTEX_POINT('',#1760);
#1760 = CARTESIAN_POINT('',(4.25,2.699998218266,1.75));
#1761 = LINE('',#1762,#1763);
#1762 = CARTESIAN_POINT('',(4.25,2.95,2.));
#1763 = VECTOR('',#1764,1.);
#1764 = DIRECTION('',(0.,-0.707109300926,-0.707104261438));
#1765 = ORIENTED_EDGE('',*,*,#1766,.T.);
#1766 = EDGE_CURVE('',#1759,#1767,#1769,.T.);
#1767 = VERTEX_POINT('',#1768);
#1768 = CARTESIAN_POINT('',(4.25,-1.05,1.75));
#1769 = LINE('',#1770,#1771);
#1770 = CARTESIAN_POINT('',(4.25,2.699998218266,1.75));
#1771 = VECTOR('',#1772,1.);
#1772 = DIRECTION('',(0.,-1.,0.));
#1773 = ORIENTED_EDGE('',*,*,#1774,.T.);
#1774 = EDGE_CURVE('',#1767,#1775,#1777,.T.);
#1775 = VERTEX_POINT('',#1776);
#1776 = CARTESIAN_POINT('',(4.25,-1.05,1.26));
#1777 = LINE('',#1778,#1779);
#1778 = CARTESIAN_POINT('',(4.25,-1.05,1.75));
#1779 = VECTOR('',#1780,1.);
#1780 = DIRECTION('',(0.,0.,-1.));
#1781 = ORIENTED_EDGE('',*,*,#1782,.T.);
#1782 = EDGE_CURVE('',#1775,#1734,#1783,.T.);
#1783 = LINE('',#1784,#1785);
#1784 = CARTESIAN_POINT('',(4.25,-1.05,1.26));
#1785 = VECTOR('',#1786,1.);
#1786 = DIRECTION('',(0.,1.,0.));
#1787 = PLANE('',#1788);
#1788 = AXIS2_PLACEMENT_3D('',#1789,#1790,#1791);
#1789 = CARTESIAN_POINT('',(4.25,2.95,1.75));
#1790 = DIRECTION('',(1.,0.,0.));
#1791 = DIRECTION('',(0.,0.,-1.));
#1792 = ADVANCED_FACE('',(#1793),#1833,.F.);
#1793 = FACE_BOUND('',#1794,.F.);
#1794 = EDGE_LOOP('',(#1795,#1796,#1804,#1810,#1811,#1819,#1827));
#1795 = ORIENTED_EDGE('',*,*,#1622,.F.);
#1796 = ORIENTED_EDGE('',*,*,#1797,.T.);
#1797 = EDGE_CURVE('',#1615,#1798,#1800,.T.);
#1798 = VERTEX_POINT('',#1799);
#1799 = CARTESIAN_POINT('',(4.25,-1.05,-0.660050506339));
#1800 = LINE('',#1801,#1802);
#1801 = CARTESIAN_POINT('',(4.25,-1.05,0.16));
#1802 = VECTOR('',#1803,1.);
#1803 = DIRECTION('',(0.,0.,-1.));
#1804 = ORIENTED_EDGE('',*,*,#1805,.F.);
#1805 = EDGE_CURVE('',#277,#1798,#1806,.T.);
#1806 = LINE('',#1807,#1808);
#1807 = CARTESIAN_POINT('',(4.25,2.95,-0.660050506339));
#1808 = VECTOR('',#1809,1.);
#1809 = DIRECTION('',(0.,-1.,0.));
#1810 = ORIENTED_EDGE('',*,*,#276,.F.);
#1811 = ORIENTED_EDGE('',*,*,#1812,.F.);
#1812 = EDGE_CURVE('',#1813,#269,#1815,.T.);
#1813 = VERTEX_POINT('',#1814);
#1814 = CARTESIAN_POINT('',(4.25,2.55,0.56));
#1815 = LINE('',#1816,#1817);
#1816 = CARTESIAN_POINT('',(4.25,2.55,0.56));
#1817 = VECTOR('',#1818,1.);
#1818 = DIRECTION('',(0.,0.642787609687,-0.766044443119));
#1819 = ORIENTED_EDGE('',*,*,#1820,.F.);
#1820 = EDGE_CURVE('',#1821,#1813,#1823,.T.);
#1821 = VERTEX_POINT('',#1822);
#1822 = CARTESIAN_POINT('',(4.25,2.05,0.56));
#1823 = LINE('',#1824,#1825);
#1824 = CARTESIAN_POINT('',(4.25,2.05,0.56));
#1825 = VECTOR('',#1826,1.);
#1826 = DIRECTION('',(0.,1.,0.));
#1827 = ORIENTED_EDGE('',*,*,#1828,.F.);
#1828 = EDGE_CURVE('',#1623,#1821,#1829,.T.);
#1829 = LINE('',#1830,#1831);
#1830 = CARTESIAN_POINT('',(4.25,2.05,0.16));
#1831 = VECTOR('',#1832,1.);
#1832 = DIRECTION('',(0.,0.,1.));
#1833 = PLANE('',#1834);
#1834 = AXIS2_PLACEMENT_3D('',#1835,#1836,#1837);
#1835 = CARTESIAN_POINT('',(4.25,2.95,1.75));
#1836 = DIRECTION('',(1.,0.,0.));
#1837 = DIRECTION('',(0.,0.,-1.));
#1838 = ADVANCED_FACE('',(#1839),#1857,.T.);
#1839 = FACE_BOUND('',#1840,.T.);
#1840 = EDGE_LOOP('',(#1841,#1842,#1850,#1856));
#1841 = ORIENTED_EDGE('',*,*,#1758,.T.);
#1842 = ORIENTED_EDGE('',*,*,#1843,.F.);
#1843 = EDGE_CURVE('',#1844,#1759,#1846,.T.);
#1844 = VERTEX_POINT('',#1845);
#1845 = CARTESIAN_POINT('',(-4.25,2.699998218266,1.75));
#1846 = LINE('',#1847,#1848);
#1847 = CARTESIAN_POINT('',(-4.25,2.699998218266,1.75));
#1848 = VECTOR('',#1849,1.);
#1849 = DIRECTION('',(1.,0.,0.));
#1850 = ORIENTED_EDGE('',*,*,#1851,.F.);
#1851 = EDGE_CURVE('',#157,#1844,#1852,.T.);
#1852 = LINE('',#1853,#1854);
#1853 = CARTESIAN_POINT('',(-4.25,2.95,2.));
#1854 = VECTOR('',#1855,1.);
#1855 = DIRECTION('',(0.,-0.707109300926,-0.707104261438));
#1856 = ORIENTED_EDGE('',*,*,#156,.T.);
#1857 = PLANE('',#1858);
#1858 = AXIS2_PLACEMENT_3D('',#1859,#1860,#1861);
#1859 = CARTESIAN_POINT('',(-4.25,2.95,2.));
#1860 = DIRECTION('',(0.,0.707106781187,-0.707106781187));
#1861 = DIRECTION('',(1.,0.,0.));
#1862 = ADVANCED_FACE('',(#1863),#1890,.F.);
#1863 = FACE_BOUND('',#1864,.F.);
#1864 = EDGE_LOOP('',(#1865,#1866,#1874,#1882,#1888,#1889));
#1865 = ORIENTED_EDGE('',*,*,#315,.T.);
#1866 = ORIENTED_EDGE('',*,*,#1867,.F.);
#1867 = EDGE_CURVE('',#1868,#308,#1870,.T.);
#1868 = VERTEX_POINT('',#1869);
#1869 = CARTESIAN_POINT('',(-4.25,-1.05,1.26));
#1870 = LINE('',#1871,#1872);
#1871 = CARTESIAN_POINT('',(-4.25,-1.05,1.26));
#1872 = VECTOR('',#1873,1.);
#1873 = DIRECTION('',(0.,1.,0.));
#1874 = ORIENTED_EDGE('',*,*,#1875,.T.);
#1875 = EDGE_CURVE('',#1868,#1876,#1878,.T.);
#1876 = VERTEX_POINT('',#1877);
#1877 = CARTESIAN_POINT('',(-4.25,-1.05,1.75));
#1878 = LINE('',#1879,#1880);
#1879 = CARTESIAN_POINT('',(-4.25,-1.05,1.26));
#1880 = VECTOR('',#1881,1.);
#1881 = DIRECTION('',(0.,0.,1.));
#1882 = ORIENTED_EDGE('',*,*,#1883,.F.);
#1883 = EDGE_CURVE('',#1844,#1876,#1884,.T.);
#1884 = LINE('',#1885,#1886);
#1885 = CARTESIAN_POINT('',(-4.25,2.699998218266,1.75));
#1886 = VECTOR('',#1887,1.);
#1887 = DIRECTION('',(0.,-1.,0.));
#1888 = ORIENTED_EDGE('',*,*,#1851,.F.);
#1889 = ORIENTED_EDGE('',*,*,#164,.F.);
#1890 = PLANE('',#1891);
#1891 = AXIS2_PLACEMENT_3D('',#1892,#1893,#1894);
#1892 = CARTESIAN_POINT('',(-4.25,2.95,-0.660050506339));
#1893 = DIRECTION('',(-1.,0.,0.));
#1894 = DIRECTION('',(0.,0.,1.));
#1895 = ADVANCED_FACE('',(#1896),#1945,.F.);
#1896 = FACE_BOUND('',#1897,.F.);
#1897 = EDGE_LOOP('',(#1898,#1908,#1916,#1924,#1930,#1931,#1939));
#1898 = ORIENTED_EDGE('',*,*,#1899,.T.);
#1899 = EDGE_CURVE('',#1900,#1902,#1904,.T.);
#1900 = VERTEX_POINT('',#1901);
#1901 = CARTESIAN_POINT('',(-4.25,-1.05,0.16));
#1902 = VERTEX_POINT('',#1903);
#1903 = CARTESIAN_POINT('',(-4.25,2.05,0.16));
#1904 = LINE('',#1905,#1906);
#1905 = CARTESIAN_POINT('',(-4.25,-1.05,0.16));
#1906 = VECTOR('',#1907,1.);
#1907 = DIRECTION('',(0.,1.,0.));
#1908 = ORIENTED_EDGE('',*,*,#1909,.T.);
#1909 = EDGE_CURVE('',#1902,#1910,#1912,.T.);
#1910 = VERTEX_POINT('',#1911);
#1911 = CARTESIAN_POINT('',(-4.25,2.05,0.56));
#1912 = LINE('',#1913,#1914);
#1913 = CARTESIAN_POINT('',(-4.25,2.05,0.16));
#1914 = VECTOR('',#1915,1.);
#1915 = DIRECTION('',(0.,0.,1.));
#1916 = ORIENTED_EDGE('',*,*,#1917,.T.);
#1917 = EDGE_CURVE('',#1910,#1918,#1920,.T.);
#1918 = VERTEX_POINT('',#1919);
#1919 = CARTESIAN_POINT('',(-4.25,2.55,0.56));
#1920 = LINE('',#1921,#1922);
#1921 = CARTESIAN_POINT('',(-4.25,2.05,0.56));
#1922 = VECTOR('',#1923,1.);
#1923 = DIRECTION('',(0.,1.,0.));
#1924 = ORIENTED_EDGE('',*,*,#1925,.T.);
#1925 = EDGE_CURVE('',#1918,#221,#1926,.T.);
#1926 = LINE('',#1927,#1928);
#1927 = CARTESIAN_POINT('',(-4.25,2.55,0.56));
#1928 = VECTOR('',#1929,1.);
#1929 = DIRECTION('',(0.,0.642787609687,-0.766044443119));
#1930 = ORIENTED_EDGE('',*,*,#220,.F.);
#1931 = ORIENTED_EDGE('',*,*,#1932,.T.);
#1932 = EDGE_CURVE('',#213,#1933,#1935,.T.);
#1933 = VERTEX_POINT('',#1934);
#1934 = CARTESIAN_POINT('',(-4.25,-1.05,-0.660050506339));
#1935 = LINE('',#1936,#1937);
#1936 = CARTESIAN_POINT('',(-4.25,2.95,-0.660050506339));
#1937 = VECTOR('',#1938,1.);
#1938 = DIRECTION('',(0.,-1.,0.));
#1939 = ORIENTED_EDGE('',*,*,#1940,.T.);
#1940 = EDGE_CURVE('',#1933,#1900,#1941,.T.);
#1941 = LINE('',#1942,#1943);
#1942 = CARTESIAN_POINT('',(-4.25,-1.05,-0.660050506339));
#1943 = VECTOR('',#1944,1.);
#1944 = DIRECTION('',(0.,0.,1.));
#1945 = PLANE('',#1946);
#1946 = AXIS2_PLACEMENT_3D('',#1947,#1948,#1949);
#1947 = CARTESIAN_POINT('',(-4.25,2.95,-0.660050506339));
#1948 = DIRECTION('',(-1.,0.,0.));
#1949 = DIRECTION('',(0.,0.,1.));
#1950 = ADVANCED_FACE('',(#1951),#1963,.T.);
#1951 = FACE_BOUND('',#1952,.F.);
#1952 = EDGE_LOOP('',(#1953,#1954,#1955,#1961,#1962));
#1953 = ORIENTED_EDGE('',*,*,#347,.T.);
#1954 = ORIENTED_EDGE('',*,*,#498,.T.);
#1955 = ORIENTED_EDGE('',*,*,#1956,.F.);
#1956 = EDGE_CURVE('',#1868,#491,#1957,.T.);
#1957 = LINE('',#1958,#1959);
#1958 = CARTESIAN_POINT('',(-4.25,-1.05,1.26));
#1959 = VECTOR('',#1960,1.);
#1960 = DIRECTION('',(0.,-1.,0.));
#1961 = ORIENTED_EDGE('',*,*,#1867,.T.);
#1962 = ORIENTED_EDGE('',*,*,#307,.F.);
#1963 = PLANE('',#1964);
#1964 = AXIS2_PLACEMENT_3D('',#1965,#1966,#1967);
#1965 = CARTESIAN_POINT('',(-4.95,2.54,1.26));
#1966 = DIRECTION('',(0.,0.,-1.));
#1967 = DIRECTION('',(0.,-1.,0.));
#1968 = ADVANCED_FACE('',(#1969),#1987,.F.);
#1969 = FACE_BOUND('',#1970,.F.);
#1970 = EDGE_LOOP('',(#1971,#1972,#1978,#1984,#1985,#1986));
#1971 = ORIENTED_EDGE('',*,*,#648,.T.);
#1972 = ORIENTED_EDGE('',*,*,#1973,.F.);
#1973 = EDGE_CURVE('',#1900,#641,#1974,.T.);
#1974 = LINE('',#1975,#1976);
#1975 = CARTESIAN_POINT('',(-4.25,-1.05,0.16));
#1976 = VECTOR('',#1977,1.);
#1977 = DIRECTION('',(0.,-1.,0.));
#1978 = ORIENTED_EDGE('',*,*,#1979,.F.);
#1979 = EDGE_CURVE('',#1868,#1900,#1980,.T.);
#1980 = LINE('',#1981,#1982);
#1981 = CARTESIAN_POINT('',(-4.25,-1.05,1.26));
#1982 = VECTOR('',#1983,1.);
#1983 = DIRECTION('',(0.,0.,-1.));
#1984 = ORIENTED_EDGE('',*,*,#1956,.T.);
#1985 = ORIENTED_EDGE('',*,*,#490,.T.);
#1986 = ORIENTED_EDGE('',*,*,#546,.F.);
#1987 = PLANE('',#1988);
#1988 = AXIS2_PLACEMENT_3D('',#1989,#1990,#1991);
#1989 = CARTESIAN_POINT('',(-4.25,-2.95,2.45));
#1990 = DIRECTION('',(1.,0.,0.));
#1991 = DIRECTION('',(0.,0.,-1.));
#1992 = ADVANCED_FACE('',(#1993),#2005,.T.);
#1993 = FACE_BOUND('',#1994,.F.);
#1994 = EDGE_LOOP('',(#1995,#1996,#1997,#1998,#2004));
#1995 = ORIENTED_EDGE('',*,*,#1973,.T.);
#1996 = ORIENTED_EDGE('',*,*,#640,.F.);
#1997 = ORIENTED_EDGE('',*,*,#361,.T.);
#1998 = ORIENTED_EDGE('',*,*,#1999,.T.);
#1999 = EDGE_CURVE('',#364,#1902,#2000,.T.);
#2000 = LINE('',#2001,#2002);
#2001 = CARTESIAN_POINT('',(-4.95,2.05,0.16));
#2002 = VECTOR('',#2003,1.);
#2003 = DIRECTION('',(1.,0.,0.));
#2004 = ORIENTED_EDGE('',*,*,#1899,.F.);
#2005 = PLANE('',#2006);
#2006 = AXIS2_PLACEMENT_3D('',#2007,#2008,#2009);
#2007 = CARTESIAN_POINT('',(-4.95,-2.95,0.16));
#2008 = DIRECTION('',(0.,0.,1.));
#2009 = DIRECTION('',(0.,1.,0.));
#2010 = ADVANCED_FACE('',(#2011),#2022,.T.);
#2011 = FACE_BOUND('',#2012,.F.);
#2012 = EDGE_LOOP('',(#2013,#2014,#2020,#2021));
#2013 = ORIENTED_EDGE('',*,*,#442,.T.);
#2014 = ORIENTED_EDGE('',*,*,#2015,.T.);
#2015 = EDGE_CURVE('',#435,#1910,#2016,.T.);
#2016 = LINE('',#2017,#2018);
#2017 = CARTESIAN_POINT('',(-4.95,2.05,0.56));
#2018 = VECTOR('',#2019,1.);
#2019 = DIRECTION('',(1.,0.,0.));
#2020 = ORIENTED_EDGE('',*,*,#1909,.F.);
#2021 = ORIENTED_EDGE('',*,*,#1999,.F.);
#2022 = PLANE('',#2023);
#2023 = AXIS2_PLACEMENT_3D('',#2024,#2025,#2026);
#2024 = CARTESIAN_POINT('',(-4.95,2.05,0.16));
#2025 = DIRECTION('',(0.,-1.,0.));
#2026 = DIRECTION('',(0.,0.,1.));
#2027 = ADVANCED_FACE('',(#2028),#2039,.T.);
#2028 = FACE_BOUND('',#2029,.F.);
#2029 = EDGE_LOOP('',(#2030,#2031,#2037,#2038));
#2030 = ORIENTED_EDGE('',*,*,#434,.T.);
#2031 = ORIENTED_EDGE('',*,*,#2032,.T.);
#2032 = EDGE_CURVE('',#427,#1918,#2033,.T.);
#2033 = LINE('',#2034,#2035);
#2034 = CARTESIAN_POINT('',(-4.95,2.55,0.56));
#2035 = VECTOR('',#2036,1.);
#2036 = DIRECTION('',(1.,0.,0.));
#2037 = ORIENTED_EDGE('',*,*,#1917,.F.);
#2038 = ORIENTED_EDGE('',*,*,#2015,.F.);
#2039 = PLANE('',#2040);
#2040 = AXIS2_PLACEMENT_3D('',#2041,#2042,#2043);
#2041 = CARTESIAN_POINT('',(-4.95,2.05,0.56));
#2042 = DIRECTION('',(0.,0.,1.));
#2043 = DIRECTION('',(0.,1.,0.));
#2044 = ADVANCED_FACE('',(#2045),#2051,.T.);
#2045 = FACE_BOUND('',#2046,.F.);
#2046 = EDGE_LOOP('',(#2047,#2048,#2049,#2050));
#2047 = ORIENTED_EDGE('',*,*,#228,.T.);
#2048 = ORIENTED_EDGE('',*,*,#1925,.F.);
#2049 = ORIENTED_EDGE('',*,*,#2032,.F.);
#2050 = ORIENTED_EDGE('',*,*,#426,.T.);
#2051 = PLANE('',#2052);
#2052 = AXIS2_PLACEMENT_3D('',#2053,#2054,#2055);
#2053 = CARTESIAN_POINT('',(-4.95,2.55,0.56));
#2054 = DIRECTION('',(0.,0.766044443119,0.642787609687));
#2055 = DIRECTION('',(0.,0.642787609687,-0.766044443119));
#2056 = ADVANCED_FACE('',(#2057,#2146,#2166,#2186),#2206,.F.);
#2057 = FACE_BOUND('',#2058,.F.);
#2058 = EDGE_LOOP('',(#2059,#2069,#2077,#2085,#2093,#2101,#2109,#2115,
    #2116,#2122,#2123,#2129,#2130,#2131,#2132,#2140));
#2059 = ORIENTED_EDGE('',*,*,#2060,.T.);
#2060 = EDGE_CURVE('',#2061,#2063,#2065,.T.);
#2061 = VERTEX_POINT('',#2062);
#2062 = CARTESIAN_POINT('',(-1.75,-1.05,-1.75));
#2063 = VERTEX_POINT('',#2064);
#2064 = CARTESIAN_POINT('',(-1.25,-1.05,-1.05));
#2065 = LINE('',#2066,#2067);
#2066 = CARTESIAN_POINT('',(-1.75,-1.05,-1.75));
#2067 = VECTOR('',#2068,1.);
#2068 = DIRECTION('',(0.581238193719,0.,0.813733471207));
#2069 = ORIENTED_EDGE('',*,*,#2070,.T.);
#2070 = EDGE_CURVE('',#2063,#2071,#2073,.T.);
#2071 = VERTEX_POINT('',#2072);
#2072 = CARTESIAN_POINT('',(-0.75,-1.05,-1.75));
#2073 = LINE('',#2074,#2075);
#2074 = CARTESIAN_POINT('',(-1.25,-1.05,-1.05));
#2075 = VECTOR('',#2076,1.);
#2076 = DIRECTION('',(0.581238193719,0.,-0.813733471207));
#2077 = ORIENTED_EDGE('',*,*,#2078,.F.);
#2078 = EDGE_CURVE('',#2079,#2071,#2081,.T.);
#2079 = VERTEX_POINT('',#2080);
#2080 = CARTESIAN_POINT('',(0.75,-1.05,-1.75));
#2081 = LINE('',#2082,#2083);
#2082 = CARTESIAN_POINT('',(0.75,-1.05,-1.75));
#2083 = VECTOR('',#2084,1.);
#2084 = DIRECTION('',(-1.,0.,0.));
#2085 = ORIENTED_EDGE('',*,*,#2086,.T.);
#2086 = EDGE_CURVE('',#2079,#2087,#2089,.T.);
#2087 = VERTEX_POINT('',#2088);
#2088 = CARTESIAN_POINT('',(1.25,-1.05,-1.05));
#2089 = LINE('',#2090,#2091);
#2090 = CARTESIAN_POINT('',(0.75,-1.05,-1.75));
#2091 = VECTOR('',#2092,1.);
#2092 = DIRECTION('',(0.581238193719,0.,0.813733471207));
#2093 = ORIENTED_EDGE('',*,*,#2094,.T.);
#2094 = EDGE_CURVE('',#2087,#2095,#2097,.T.);
#2095 = VERTEX_POINT('',#2096);
#2096 = CARTESIAN_POINT('',(1.75,-1.05,-1.75));
#2097 = LINE('',#2098,#2099);
#2098 = CARTESIAN_POINT('',(1.25,-1.05,-1.05));
#2099 = VECTOR('',#2100,1.);
#2100 = DIRECTION('',(0.581238193719,0.,-0.813733471207));
#2101 = ORIENTED_EDGE('',*,*,#2102,.F.);
#2102 = EDGE_CURVE('',#2103,#2095,#2105,.T.);
#2103 = VERTEX_POINT('',#2104);
#2104 = CARTESIAN_POINT('',(3.160050506339,-1.05,-1.75));
#2105 = LINE('',#2106,#2107);
#2106 = CARTESIAN_POINT('',(3.160050506339,-1.05,-1.75));
#2107 = VECTOR('',#2108,1.);
#2108 = DIRECTION('',(-1.,0.,0.));
#2109 = ORIENTED_EDGE('',*,*,#2110,.F.);
#2110 = EDGE_CURVE('',#1798,#2103,#2111,.T.);
#2111 = LINE('',#2112,#2113);
#2112 = CARTESIAN_POINT('',(4.25,-1.05,-0.660050506339));
#2113 = VECTOR('',#2114,1.);
#2114 = DIRECTION('',(-0.707106781187,0.,-0.707106781187));
#2115 = ORIENTED_EDGE('',*,*,#1797,.F.);
#2116 = ORIENTED_EDGE('',*,*,#2117,.F.);
#2117 = EDGE_CURVE('',#1775,#1615,#2118,.T.);
#2118 = LINE('',#2119,#2120);
#2119 = CARTESIAN_POINT('',(4.25,-1.05,1.26));
#2120 = VECTOR('',#2121,1.);
#2121 = DIRECTION('',(0.,0.,-1.));
#2122 = ORIENTED_EDGE('',*,*,#1774,.F.);
#2123 = ORIENTED_EDGE('',*,*,#2124,.F.);
#2124 = EDGE_CURVE('',#1876,#1767,#2125,.T.);
#2125 = LINE('',#2126,#2127);
#2126 = CARTESIAN_POINT('',(-4.25,-1.05,1.75));
#2127 = VECTOR('',#2128,1.);
#2128 = DIRECTION('',(1.,0.,0.));
#2129 = ORIENTED_EDGE('',*,*,#1875,.F.);
#2130 = ORIENTED_EDGE('',*,*,#1979,.T.);
#2131 = ORIENTED_EDGE('',*,*,#1940,.F.);
#2132 = ORIENTED_EDGE('',*,*,#2133,.F.);
#2133 = EDGE_CURVE('',#2134,#1933,#2136,.T.);
#2134 = VERTEX_POINT('',#2135);
#2135 = CARTESIAN_POINT('',(-3.160050506339,-1.05,-1.75));
#2136 = LINE('',#2137,#2138);
#2137 = CARTESIAN_POINT('',(-3.160050506339,-1.05,-1.75));
#2138 = VECTOR('',#2139,1.);
#2139 = DIRECTION('',(-0.707106781187,0.,0.707106781187));
#2140 = ORIENTED_EDGE('',*,*,#2141,.F.);
#2141 = EDGE_CURVE('',#2061,#2134,#2142,.T.);
#2142 = LINE('',#2143,#2144);
#2143 = CARTESIAN_POINT('',(-1.75,-1.05,-1.75));
#2144 = VECTOR('',#2145,1.);
#2145 = DIRECTION('',(-1.,0.,0.));
#2146 = FACE_BOUND('',#2147,.F.);
#2147 = EDGE_LOOP('',(#2148,#2159));
#2148 = ORIENTED_EDGE('',*,*,#2149,.F.);
#2149 = EDGE_CURVE('',#2150,#2152,#2154,.T.);
#2150 = VERTEX_POINT('',#2151);
#2151 = CARTESIAN_POINT('',(0.,-1.05,-0.98));
#2152 = VERTEX_POINT('',#2153);
#2153 = CARTESIAN_POINT('',(0.,-1.05,-0.28));
#2154 = CIRCLE('',#2155,0.35);
#2155 = AXIS2_PLACEMENT_3D('',#2156,#2157,#2158);
#2156 = CARTESIAN_POINT('',(0.,-1.05,-0.63));
#2157 = DIRECTION('',(0.,-1.,0.));
#2158 = DIRECTION('',(0.,0.,-1.));
#2159 = ORIENTED_EDGE('',*,*,#2160,.F.);
#2160 = EDGE_CURVE('',#2152,#2150,#2161,.T.);
#2161 = CIRCLE('',#2162,0.35);
#2162 = AXIS2_PLACEMENT_3D('',#2163,#2164,#2165);
#2163 = CARTESIAN_POINT('',(0.,-1.05,-0.63));
#2164 = DIRECTION('',(0.,-1.,0.));
#2165 = DIRECTION('',(0.,0.,1.));
#2166 = FACE_BOUND('',#2167,.F.);
#2167 = EDGE_LOOP('',(#2168,#2179));
#2168 = ORIENTED_EDGE('',*,*,#2169,.F.);
#2169 = EDGE_CURVE('',#2170,#2172,#2174,.T.);
#2170 = VERTEX_POINT('',#2171);
#2171 = CARTESIAN_POINT('',(-2.5,-1.05,-0.98));
#2172 = VERTEX_POINT('',#2173);
#2173 = CARTESIAN_POINT('',(-2.5,-1.05,-0.28));
#2174 = CIRCLE('',#2175,0.35);
#2175 = AXIS2_PLACEMENT_3D('',#2176,#2177,#2178);
#2176 = CARTESIAN_POINT('',(-2.5,-1.05,-0.63));
#2177 = DIRECTION('',(0.,-1.,0.));
#2178 = DIRECTION('',(0.,0.,-1.));
#2179 = ORIENTED_EDGE('',*,*,#2180,.F.);
#2180 = EDGE_CURVE('',#2172,#2170,#2181,.T.);
#2181 = CIRCLE('',#2182,0.35);
#2182 = AXIS2_PLACEMENT_3D('',#2183,#2184,#2185);
#2183 = CARTESIAN_POINT('',(-2.5,-1.05,-0.63));
#2184 = DIRECTION('',(0.,-1.,0.));
#2185 = DIRECTION('',(0.,0.,1.));
#2186 = FACE_BOUND('',#2187,.F.);
#2187 = EDGE_LOOP('',(#2188,#2199));
#2188 = ORIENTED_EDGE('',*,*,#2189,.F.);
#2189 = EDGE_CURVE('',#2190,#2192,#2194,.T.);
#2190 = VERTEX_POINT('',#2191);
#2191 = CARTESIAN_POINT('',(2.5,-1.05,-0.98));
#2192 = VERTEX_POINT('',#2193);
#2193 = CARTESIAN_POINT('',(2.5,-1.05,-0.28));
#2194 = CIRCLE('',#2195,0.35);
#2195 = AXIS2_PLACEMENT_3D('',#2196,#2197,#2198);
#2196 = CARTESIAN_POINT('',(2.5,-1.05,-0.63));
#2197 = DIRECTION('',(0.,-1.,0.));
#2198 = DIRECTION('',(0.,0.,-1.));
#2199 = ORIENTED_EDGE('',*,*,#2200,.F.);
#2200 = EDGE_CURVE('',#2192,#2190,#2201,.T.);
#2201 = CIRCLE('',#2202,0.35);
#2202 = AXIS2_PLACEMENT_3D('',#2203,#2204,#2205);
#2203 = CARTESIAN_POINT('',(2.5,-1.05,-0.63));
#2204 = DIRECTION('',(0.,-1.,0.));
#2205 = DIRECTION('',(0.,0.,1.));
#2206 = PLANE('',#2207);
#2207 = AXIS2_PLACEMENT_3D('',#2208,#2209,#2210);
#2208 = CARTESIAN_POINT('',(0.,-1.05,0.));
#2209 = DIRECTION('',(0.,-1.,0.));
#2210 = DIRECTION('',(-1.,0.,0.));
#2211 = ADVANCED_FACE('',(#2212),#2238,.T.);
#2212 = FACE_BOUND('',#2213,.T.);
#2213 = EDGE_LOOP('',(#2214,#2222,#2231,#2237));
#2214 = ORIENTED_EDGE('',*,*,#2215,.T.);
#2215 = EDGE_CURVE('',#2190,#2216,#2218,.T.);
#2216 = VERTEX_POINT('',#2217);
#2217 = CARTESIAN_POINT('',(2.5,2.25,-0.98));
#2218 = LINE('',#2219,#2220);
#2219 = CARTESIAN_POINT('',(2.5,-1.05,-0.98));
#2220 = VECTOR('',#2221,1.);
#2221 = DIRECTION('',(0.,1.,0.));
#2222 = ORIENTED_EDGE('',*,*,#2223,.T.);
#2223 = EDGE_CURVE('',#2216,#2224,#2226,.T.);
#2224 = VERTEX_POINT('',#2225);
#2225 = CARTESIAN_POINT('',(2.5,2.25,-0.28));
#2226 = CIRCLE('',#2227,0.35);
#2227 = AXIS2_PLACEMENT_3D('',#2228,#2229,#2230);
#2228 = CARTESIAN_POINT('',(2.5,2.25,-0.63));
#2229 = DIRECTION('',(0.,-1.,0.));
#2230 = DIRECTION('',(0.,0.,-1.));
#2231 = ORIENTED_EDGE('',*,*,#2232,.F.);
#2232 = EDGE_CURVE('',#2192,#2224,#2233,.T.);
#2233 = LINE('',#2234,#2235);
#2234 = CARTESIAN_POINT('',(2.5,-1.05,-0.28));
#2235 = VECTOR('',#2236,1.);
#2236 = DIRECTION('',(0.,1.,0.));
#2237 = ORIENTED_EDGE('',*,*,#2189,.F.);
#2238 = CYLINDRICAL_SURFACE('',#2239,0.35);
#2239 = AXIS2_PLACEMENT_3D('',#2240,#2241,#2242);
#2240 = CARTESIAN_POINT('',(2.5,2.7375,-0.63));
#2241 = DIRECTION('',(0.,-1.,0.));
#2242 = DIRECTION('',(0.,0.,1.));
#2243 = ADVANCED_FACE('',(#2244),#2256,.T.);
#2244 = FACE_BOUND('',#2245,.T.);
#2245 = EDGE_LOOP('',(#2246,#2247,#2254,#2255));
#2246 = ORIENTED_EDGE('',*,*,#2232,.T.);
#2247 = ORIENTED_EDGE('',*,*,#2248,.F.);
#2248 = EDGE_CURVE('',#2216,#2224,#2249,.T.);
#2249 = CIRCLE('',#2250,0.35);
#2250 = AXIS2_PLACEMENT_3D('',#2251,#2252,#2253);
#2251 = CARTESIAN_POINT('',(2.5,2.25,-0.63));
#2252 = DIRECTION('',(0.,1.,0.));
#2253 = DIRECTION('',(0.,0.,-1.));
#2254 = ORIENTED_EDGE('',*,*,#2215,.F.);
#2255 = ORIENTED_EDGE('',*,*,#2200,.F.);
#2256 = CYLINDRICAL_SURFACE('',#2257,0.35);
#2257 = AXIS2_PLACEMENT_3D('',#2258,#2259,#2260);
#2258 = CARTESIAN_POINT('',(2.5,2.7375,-0.63));
#2259 = DIRECTION('',(0.,-1.,0.));
#2260 = DIRECTION('',(0.,0.,1.));
#2261 = ADVANCED_FACE('',(#2262),#2290,.T.);
#2262 = FACE_BOUND('',#2263,.T.);
#2263 = EDGE_LOOP('',(#2264,#2265,#2274,#2283));
#2264 = ORIENTED_EDGE('',*,*,#2248,.T.);
#2265 = ORIENTED_EDGE('',*,*,#2266,.T.);
#2266 = EDGE_CURVE('',#2224,#2267,#2269,.T.);
#2267 = VERTEX_POINT('',#2268);
#2268 = CARTESIAN_POINT('',(2.5,2.45,-0.48));
#2269 = CIRCLE('',#2270,0.2);
#2270 = AXIS2_PLACEMENT_3D('',#2271,#2272,#2273);
#2271 = CARTESIAN_POINT('',(2.5,2.25,-0.48));
#2272 = DIRECTION('',(-1.,0.,0.));
#2273 = DIRECTION('',(0.,0.,1.));
#2274 = ORIENTED_EDGE('',*,*,#2275,.F.);
#2275 = EDGE_CURVE('',#2276,#2267,#2278,.T.);
#2276 = VERTEX_POINT('',#2277);
#2277 = CARTESIAN_POINT('',(2.5,2.45,-0.78));
#2278 = CIRCLE('',#2279,0.15);
#2279 = AXIS2_PLACEMENT_3D('',#2280,#2281,#2282);
#2280 = CARTESIAN_POINT('',(2.5,2.45,-0.63));
#2281 = DIRECTION('',(0.,1.,0.));
#2282 = DIRECTION('',(0.,0.,-1.));
#2283 = ORIENTED_EDGE('',*,*,#2284,.F.);
#2284 = EDGE_CURVE('',#2216,#2276,#2285,.T.);
#2285 = CIRCLE('',#2286,0.2);
#2286 = AXIS2_PLACEMENT_3D('',#2287,#2288,#2289);
#2287 = CARTESIAN_POINT('',(2.5,2.25,-0.78));
#2288 = DIRECTION('',(1.,0.,0.));
#2289 = DIRECTION('',(0.,0.,-1.));
#2290 = ( BOUNDED_SURFACE() B_SPLINE_SURFACE(3,3,(
    (#2291,#2292,#2293,#2294)
    ,(#2295,#2296,#2297,#2298)
    ,(#2299,#2300,#2301,#2302)
    ,(#2303,#2304,#2305,#2306)
    ,(#2307,#2308,#2309,#2310)
    ,(#2311,#2312,#2313,#2314)
    ,(#2315,#2316,#2317,#2318
)),.UNSPECIFIED.,.F.,.F.,.F.) B_SPLINE_SURFACE_WITH_KNOTS((4,3,4),(4,4),
  (0.,1.,2.),(0.,1.),.PIECEWISE_BEZIER_KNOTS.) 
GEOMETRIC_REPRESENTATION_ITEM() RATIONAL_B_SPLINE_SURFACE((
    (1.466980049895,1.114688196417,1.114688196417,1.466980049895)
    ,(1.1372425689,0.864136406017,0.864136406017,1.1372425689)
    ,(1.1372425689,0.864136406017,0.864136406017,1.1372425689)
    ,(1.466980049895,1.114688196417,1.114688196417,1.466980049895)
    ,(1.1372425689,0.864136406017,0.864136406017,1.1372425689)
    ,(1.1372425689,0.864136406017,0.864136406017,1.1372425689)
    ,(1.466980049895,1.114688196417,1.114688196417,1.466980049895
))) REPRESENTATION_ITEM('') SURFACE() );
#2291 = CARTESIAN_POINT('',(2.515983846397,2.449169048039,-0.49918525722
    ));
#2292 = CARTESIAN_POINT('',(2.532272509848,2.461449754518,
    -0.365875835536));
#2293 = CARTESIAN_POINT('',(2.543838387675,2.36608849871,-0.271218561228
    ));
#2294 = CARTESIAN_POINT('',(2.542348923746,2.231787633237,
    -0.283408608349));
#2295 = CARTESIAN_POINT('',(2.43175138019,2.449169048039,-0.488893154259
    ));
#2296 = CARTESIAN_POINT('',(2.362201237414,2.461449754518,
    -0.345095355925));
#2297 = CARTESIAN_POINT('',(2.312816678846,2.36608849871,-0.242990737438
    ));
#2298 = CARTESIAN_POINT('',(2.319176465776,2.231787633237,
    -0.256139860099));
#2299 = CARTESIAN_POINT('',(2.368212366763,2.449169048039,
    -0.545141083281));
#2300 = CARTESIAN_POINT('',(2.23391150129,2.461449754518,-0.458663879932
    ));
#2301 = CARTESIAN_POINT('',(2.138550245482,2.36608849871,-0.397260145256
    ));
#2302 = CARTESIAN_POINT('',(2.150830951961,2.231787633237,
    -0.405167772268));
#2303 = CARTESIAN_POINT('',(2.368212366763,2.449169048039,-0.63));
#2304 = CARTESIAN_POINT('',(2.23391150129,2.461449754518,-0.63));
#2305 = CARTESIAN_POINT('',(2.138550245482,2.36608849871,-0.63));
#2306 = CARTESIAN_POINT('',(2.150830951961,2.231787633237,-0.63));
#2307 = CARTESIAN_POINT('',(2.368212366763,2.449169048039,
    -0.714858916719));
#2308 = CARTESIAN_POINT('',(2.23391150129,2.461449754518,-0.801336120068
    ));
#2309 = CARTESIAN_POINT('',(2.138550245482,2.36608849871,-0.862739854744
    ));
#2310 = CARTESIAN_POINT('',(2.150830951961,2.231787633237,
    -0.854832227733));
#2311 = CARTESIAN_POINT('',(2.43175138019,2.449169048039,-0.771106845741
    ));
#2312 = CARTESIAN_POINT('',(2.362201237414,2.461449754518,
    -0.914904644075));
#2313 = CARTESIAN_POINT('',(2.312816678846,2.36608849871,-1.017009262562
    ));
#2314 = CARTESIAN_POINT('',(2.319176465776,2.231787633237,
    -1.003860139901));
#2315 = CARTESIAN_POINT('',(2.515983846397,2.449169048039,-0.76081474278
    ));
#2316 = CARTESIAN_POINT('',(2.532272509848,2.461449754518,
    -0.894124164464));
#2317 = CARTESIAN_POINT('',(2.543838387675,2.36608849871,-0.988781438772
    ));
#2318 = CARTESIAN_POINT('',(2.542348923746,2.231787633237,
    -0.976591391651));
#2319 = ADVANCED_FACE('',(#2320),#2332,.T.);
#2320 = FACE_BOUND('',#2321,.T.);
#2321 = EDGE_LOOP('',(#2322,#2329,#2330,#2331));
#2322 = ORIENTED_EDGE('',*,*,#2323,.T.);
#2323 = EDGE_CURVE('',#2276,#2267,#2324,.T.);
#2324 = CIRCLE('',#2325,0.15);
#2325 = AXIS2_PLACEMENT_3D('',#2326,#2327,#2328);
#2326 = CARTESIAN_POINT('',(2.5,2.45,-0.63));
#2327 = DIRECTION('',(0.,-1.,0.));
#2328 = DIRECTION('',(0.,0.,-1.));
#2329 = ORIENTED_EDGE('',*,*,#2266,.F.);
#2330 = ORIENTED_EDGE('',*,*,#2223,.F.);
#2331 = ORIENTED_EDGE('',*,*,#2284,.T.);
#2332 = ( BOUNDED_SURFACE() B_SPLINE_SURFACE(3,3,(
    (#2333,#2334,#2335,#2336)
    ,(#2337,#2338,#2339,#2340)
    ,(#2341,#2342,#2343,#2344)
    ,(#2345,#2346,#2347,#2348)
    ,(#2349,#2350,#2351,#2352)
    ,(#2353,#2354,#2355,#2356)
    ,(#2357,#2358,#2359,#2360
)),.UNSPECIFIED.,.F.,.F.,.F.) B_SPLINE_SURFACE_WITH_KNOTS((4,3,4),(4,4),
  (0.,1.,2.),(0.,1.),.PIECEWISE_BEZIER_KNOTS.) 
GEOMETRIC_REPRESENTATION_ITEM() RATIONAL_B_SPLINE_SURFACE((
    (1.466980049895,1.114688196417,1.114688196417,1.466980049895)
    ,(1.1372425689,0.864136406017,0.864136406017,1.1372425689)
    ,(1.1372425689,0.864136406017,0.864136406017,1.1372425689)
    ,(1.466980049895,1.114688196417,1.114688196417,1.466980049895)
    ,(1.1372425689,0.864136406017,0.864136406017,1.1372425689)
    ,(1.1372425689,0.864136406017,0.864136406017,1.1372425689)
    ,(1.466980049895,1.114688196417,1.114688196417,1.466980049895
))) REPRESENTATION_ITEM('') SURFACE() );
#2333 = CARTESIAN_POINT('',(2.484016153603,2.449169048039,-0.76081474278
    ));
#2334 = CARTESIAN_POINT('',(2.467727490152,2.461449754518,
    -0.894124164464));
#2335 = CARTESIAN_POINT('',(2.456161612325,2.36608849871,-0.988781438772
    ));
#2336 = CARTESIAN_POINT('',(2.457651076254,2.231787633237,
    -0.976591391651));
#2337 = CARTESIAN_POINT('',(2.56824861981,2.449169048039,-0.771106845741
    ));
#2338 = CARTESIAN_POINT('',(2.637798762586,2.461449754518,
    -0.914904644075));
#2339 = CARTESIAN_POINT('',(2.687183321154,2.36608849871,-1.017009262562
    ));
#2340 = CARTESIAN_POINT('',(2.680823534224,2.231787633237,
    -1.003860139901));
#2341 = CARTESIAN_POINT('',(2.631787633237,2.449169048039,
    -0.714858916719));
#2342 = CARTESIAN_POINT('',(2.76608849871,2.461449754518,-0.801336120068
    ));
#2343 = CARTESIAN_POINT('',(2.861449754518,2.36608849871,-0.862739854744
    ));
#2344 = CARTESIAN_POINT('',(2.849169048039,2.231787633237,
    -0.854832227733));
#2345 = CARTESIAN_POINT('',(2.631787633237,2.449169048039,-0.63));
#2346 = CARTESIAN_POINT('',(2.76608849871,2.461449754518,-0.63));
#2347 = CARTESIAN_POINT('',(2.861449754518,2.36608849871,-0.63));
#2348 = CARTESIAN_POINT('',(2.849169048039,2.231787633237,-0.63));
#2349 = CARTESIAN_POINT('',(2.631787633237,2.449169048039,
    -0.545141083281));
#2350 = CARTESIAN_POINT('',(2.76608849871,2.461449754518,-0.458663879932
    ));
#2351 = CARTESIAN_POINT('',(2.861449754518,2.36608849871,-0.397260145256
    ));
#2352 = CARTESIAN_POINT('',(2.849169048039,2.231787633237,
    -0.405167772268));
#2353 = CARTESIAN_POINT('',(2.56824861981,2.449169048039,-0.488893154259
    ));
#2354 = CARTESIAN_POINT('',(2.637798762586,2.461449754518,
    -0.345095355925));
#2355 = CARTESIAN_POINT('',(2.687183321154,2.36608849871,-0.242990737438
    ));
#2356 = CARTESIAN_POINT('',(2.680823534224,2.231787633237,
    -0.256139860099));
#2357 = CARTESIAN_POINT('',(2.484016153603,2.449169048039,-0.49918525722
    ));
#2358 = CARTESIAN_POINT('',(2.467727490152,2.461449754518,
    -0.365875835536));
#2359 = CARTESIAN_POINT('',(2.456161612325,2.36608849871,-0.271218561228
    ));
#2360 = CARTESIAN_POINT('',(2.457651076254,2.231787633237,
    -0.283408608349));
#2361 = ADVANCED_FACE('',(#2362),#2366,.F.);
#2362 = FACE_BOUND('',#2363,.F.);
#2363 = EDGE_LOOP('',(#2364,#2365));
#2364 = ORIENTED_EDGE('',*,*,#2275,.F.);
#2365 = ORIENTED_EDGE('',*,*,#2323,.T.);
#2366 = PLANE('',#2367);
#2367 = AXIS2_PLACEMENT_3D('',#2368,#2369,#2370);
#2368 = CARTESIAN_POINT('',(2.5,2.45,-0.63));
#2369 = DIRECTION('',(0.,-1.,0.));
#2370 = DIRECTION('',(0.,0.,1.));
#2371 = ADVANCED_FACE('',(#2372),#2398,.T.);
#2372 = FACE_BOUND('',#2373,.T.);
#2373 = EDGE_LOOP('',(#2374,#2382,#2391,#2397));
#2374 = ORIENTED_EDGE('',*,*,#2375,.T.);
#2375 = EDGE_CURVE('',#2150,#2376,#2378,.T.);
#2376 = VERTEX_POINT('',#2377);
#2377 = CARTESIAN_POINT('',(0.,2.25,-0.98));
#2378 = LINE('',#2379,#2380);
#2379 = CARTESIAN_POINT('',(0.,-1.05,-0.98));
#2380 = VECTOR('',#2381,1.);
#2381 = DIRECTION('',(0.,1.,0.));
#2382 = ORIENTED_EDGE('',*,*,#2383,.T.);
#2383 = EDGE_CURVE('',#2376,#2384,#2386,.T.);
#2384 = VERTEX_POINT('',#2385);
#2385 = CARTESIAN_POINT('',(0.,2.25,-0.28));
#2386 = CIRCLE('',#2387,0.35);
#2387 = AXIS2_PLACEMENT_3D('',#2388,#2389,#2390);
#2388 = CARTESIAN_POINT('',(0.,2.25,-0.63));
#2389 = DIRECTION('',(0.,-1.,0.));
#2390 = DIRECTION('',(0.,0.,-1.));
#2391 = ORIENTED_EDGE('',*,*,#2392,.F.);
#2392 = EDGE_CURVE('',#2152,#2384,#2393,.T.);
#2393 = LINE('',#2394,#2395);
#2394 = CARTESIAN_POINT('',(0.,-1.05,-0.28));
#2395 = VECTOR('',#2396,1.);
#2396 = DIRECTION('',(0.,1.,0.));
#2397 = ORIENTED_EDGE('',*,*,#2149,.F.);
#2398 = CYLINDRICAL_SURFACE('',#2399,0.35);
#2399 = AXIS2_PLACEMENT_3D('',#2400,#2401,#2402);
#2400 = CARTESIAN_POINT('',(0.,2.7375,-0.63));
#2401 = DIRECTION('',(0.,-1.,0.));
#2402 = DIRECTION('',(0.,0.,1.));
#2403 = ADVANCED_FACE('',(#2404),#2416,.T.);
#2404 = FACE_BOUND('',#2405,.T.);
#2405 = EDGE_LOOP('',(#2406,#2407,#2414,#2415));
#2406 = ORIENTED_EDGE('',*,*,#2392,.T.);
#2407 = ORIENTED_EDGE('',*,*,#2408,.F.);
#2408 = EDGE_CURVE('',#2376,#2384,#2409,.T.);
#2409 = CIRCLE('',#2410,0.35);
#2410 = AXIS2_PLACEMENT_3D('',#2411,#2412,#2413);
#2411 = CARTESIAN_POINT('',(0.,2.25,-0.63));
#2412 = DIRECTION('',(0.,1.,0.));
#2413 = DIRECTION('',(0.,0.,-1.));
#2414 = ORIENTED_EDGE('',*,*,#2375,.F.);
#2415 = ORIENTED_EDGE('',*,*,#2160,.F.);
#2416 = CYLINDRICAL_SURFACE('',#2417,0.35);
#2417 = AXIS2_PLACEMENT_3D('',#2418,#2419,#2420);
#2418 = CARTESIAN_POINT('',(0.,2.7375,-0.63));
#2419 = DIRECTION('',(0.,-1.,0.));
#2420 = DIRECTION('',(0.,0.,1.));
#2421 = ADVANCED_FACE('',(#2422),#2450,.T.);
#2422 = FACE_BOUND('',#2423,.T.);
#2423 = EDGE_LOOP('',(#2424,#2425,#2434,#2443));
#2424 = ORIENTED_EDGE('',*,*,#2408,.T.);
#2425 = ORIENTED_EDGE('',*,*,#2426,.T.);
#2426 = EDGE_CURVE('',#2384,#2427,#2429,.T.);
#2427 = VERTEX_POINT('',#2428);
#2428 = CARTESIAN_POINT('',(0.,2.45,-0.48));
#2429 = CIRCLE('',#2430,0.2);
#2430 = AXIS2_PLACEMENT_3D('',#2431,#2432,#2433);
#2431 = CARTESIAN_POINT('',(0.,2.25,-0.48));
#2432 = DIRECTION('',(-1.,0.,0.));
#2433 = DIRECTION('',(0.,0.,1.));
#2434 = ORIENTED_EDGE('',*,*,#2435,.F.);
#2435 = EDGE_CURVE('',#2436,#2427,#2438,.T.);
#2436 = VERTEX_POINT('',#2437);
#2437 = CARTESIAN_POINT('',(0.,2.45,-0.78));
#2438 = CIRCLE('',#2439,0.15);
#2439 = AXIS2_PLACEMENT_3D('',#2440,#2441,#2442);
#2440 = CARTESIAN_POINT('',(0.,2.45,-0.63));
#2441 = DIRECTION('',(0.,1.,0.));
#2442 = DIRECTION('',(0.,0.,-1.));
#2443 = ORIENTED_EDGE('',*,*,#2444,.F.);
#2444 = EDGE_CURVE('',#2376,#2436,#2445,.T.);
#2445 = CIRCLE('',#2446,0.2);
#2446 = AXIS2_PLACEMENT_3D('',#2447,#2448,#2449);
#2447 = CARTESIAN_POINT('',(0.,2.25,-0.78));
#2448 = DIRECTION('',(1.,0.,0.));
#2449 = DIRECTION('',(0.,0.,-1.));
#2450 = ( BOUNDED_SURFACE() B_SPLINE_SURFACE(3,3,(
    (#2451,#2452,#2453,#2454)
    ,(#2455,#2456,#2457,#2458)
    ,(#2459,#2460,#2461,#2462)
    ,(#2463,#2464,#2465,#2466)
    ,(#2467,#2468,#2469,#2470)
    ,(#2471,#2472,#2473,#2474)
    ,(#2475,#2476,#2477,#2478
)),.UNSPECIFIED.,.F.,.F.,.F.) B_SPLINE_SURFACE_WITH_KNOTS((4,3,4),(4,4),
  (0.,1.,2.),(0.,1.),.PIECEWISE_BEZIER_KNOTS.) 
GEOMETRIC_REPRESENTATION_ITEM() RATIONAL_B_SPLINE_SURFACE((
    (1.466980049895,1.114688196417,1.114688196417,1.466980049895)
    ,(1.1372425689,0.864136406017,0.864136406017,1.1372425689)
    ,(1.1372425689,0.864136406017,0.864136406017,1.1372425689)
    ,(1.466980049895,1.114688196417,1.114688196417,1.466980049895)
    ,(1.1372425689,0.864136406017,0.864136406017,1.1372425689)
    ,(1.1372425689,0.864136406017,0.864136406017,1.1372425689)
    ,(1.466980049895,1.114688196417,1.114688196417,1.466980049895
))) REPRESENTATION_ITEM('') SURFACE() );
#2451 = CARTESIAN_POINT('',(1.598384639738E-02,2.449169048039,
    -0.49918525722));
#2452 = CARTESIAN_POINT('',(3.227250984804E-02,2.461449754518,
    -0.365875835536));
#2453 = CARTESIAN_POINT('',(4.383838767475E-02,2.36608849871,
    -0.271218561228));
#2454 = CARTESIAN_POINT('',(4.234892374568E-02,2.231787633237,
    -0.283408608349));
#2455 = CARTESIAN_POINT('',(-6.82486198095E-02,2.449169048039,
    -0.488893154259));
#2456 = CARTESIAN_POINT('',(-0.137798762586,2.461449754518,
    -0.345095355925));
#2457 = CARTESIAN_POINT('',(-0.187183321154,2.36608849871,
    -0.242990737438));
#2458 = CARTESIAN_POINT('',(-0.180823534224,2.231787633237,
    -0.256139860099));
#2459 = CARTESIAN_POINT('',(-0.131787633237,2.449169048039,
    -0.545141083281));
#2460 = CARTESIAN_POINT('',(-0.26608849871,2.461449754518,
    -0.458663879932));
#2461 = CARTESIAN_POINT('',(-0.361449754518,2.36608849871,
    -0.397260145256));
#2462 = CARTESIAN_POINT('',(-0.349169048039,2.231787633237,
    -0.405167772268));
#2463 = CARTESIAN_POINT('',(-0.131787633237,2.449169048039,-0.63));
#2464 = CARTESIAN_POINT('',(-0.26608849871,2.461449754518,-0.63));
#2465 = CARTESIAN_POINT('',(-0.361449754518,2.36608849871,-0.63));
#2466 = CARTESIAN_POINT('',(-0.349169048039,2.231787633237,-0.63));
#2467 = CARTESIAN_POINT('',(-0.131787633237,2.449169048039,
    -0.714858916719));
#2468 = CARTESIAN_POINT('',(-0.26608849871,2.461449754518,
    -0.801336120068));
#2469 = CARTESIAN_POINT('',(-0.361449754518,2.36608849871,
    -0.862739854744));
#2470 = CARTESIAN_POINT('',(-0.349169048039,2.231787633237,
    -0.854832227733));
#2471 = CARTESIAN_POINT('',(-6.82486198095E-02,2.449169048039,
    -0.771106845741));
#2472 = CARTESIAN_POINT('',(-0.137798762586,2.461449754518,
    -0.914904644075));
#2473 = CARTESIAN_POINT('',(-0.187183321154,2.36608849871,
    -1.017009262562));
#2474 = CARTESIAN_POINT('',(-0.180823534224,2.231787633237,
    -1.003860139901));
#2475 = CARTESIAN_POINT('',(1.598384639738E-02,2.449169048039,
    -0.76081474278));
#2476 = CARTESIAN_POINT('',(3.227250984804E-02,2.461449754518,
    -0.894124164464));
#2477 = CARTESIAN_POINT('',(4.383838767475E-02,2.36608849871,
    -0.988781438772));
#2478 = CARTESIAN_POINT('',(4.234892374568E-02,2.231787633237,
    -0.976591391651));
#2479 = ADVANCED_FACE('',(#2480),#2492,.T.);
#2480 = FACE_BOUND('',#2481,.T.);
#2481 = EDGE_LOOP('',(#2482,#2489,#2490,#2491));
#2482 = ORIENTED_EDGE('',*,*,#2483,.T.);
#2483 = EDGE_CURVE('',#2436,#2427,#2484,.T.);
#2484 = CIRCLE('',#2485,0.15);
#2485 = AXIS2_PLACEMENT_3D('',#2486,#2487,#2488);
#2486 = CARTESIAN_POINT('',(0.,2.45,-0.63));
#2487 = DIRECTION('',(0.,-1.,0.));
#2488 = DIRECTION('',(0.,0.,-1.));
#2489 = ORIENTED_EDGE('',*,*,#2426,.F.);
#2490 = ORIENTED_EDGE('',*,*,#2383,.F.);
#2491 = ORIENTED_EDGE('',*,*,#2444,.T.);
#2492 = ( BOUNDED_SURFACE() B_SPLINE_SURFACE(3,3,(
    (#2493,#2494,#2495,#2496)
    ,(#2497,#2498,#2499,#2500)
    ,(#2501,#2502,#2503,#2504)
    ,(#2505,#2506,#2507,#2508)
    ,(#2509,#2510,#2511,#2512)
    ,(#2513,#2514,#2515,#2516)
    ,(#2517,#2518,#2519,#2520
)),.UNSPECIFIED.,.F.,.F.,.F.) B_SPLINE_SURFACE_WITH_KNOTS((4,3,4),(4,4),
  (0.,1.,2.),(0.,1.),.PIECEWISE_BEZIER_KNOTS.) 
GEOMETRIC_REPRESENTATION_ITEM() RATIONAL_B_SPLINE_SURFACE((
    (1.466980049895,1.114688196417,1.114688196417,1.466980049895)
    ,(1.1372425689,0.864136406017,0.864136406017,1.1372425689)
    ,(1.1372425689,0.864136406017,0.864136406017,1.1372425689)
    ,(1.466980049895,1.114688196417,1.114688196417,1.466980049895)
    ,(1.1372425689,0.864136406017,0.864136406017,1.1372425689)
    ,(1.1372425689,0.864136406017,0.864136406017,1.1372425689)
    ,(1.466980049895,1.114688196417,1.114688196417,1.466980049895
))) REPRESENTATION_ITEM('') SURFACE() );
#2493 = CARTESIAN_POINT('',(-1.598384639738E-02,2.449169048039,
    -0.76081474278));
#2494 = CARTESIAN_POINT('',(-3.227250984804E-02,2.461449754518,
    -0.894124164464));
#2495 = CARTESIAN_POINT('',(-4.383838767475E-02,2.36608849871,
    -0.988781438772));
#2496 = CARTESIAN_POINT('',(-4.234892374568E-02,2.231787633237,
    -0.976591391651));
#2497 = CARTESIAN_POINT('',(6.82486198095E-02,2.449169048039,
    -0.771106845741));
#2498 = CARTESIAN_POINT('',(0.137798762586,2.461449754518,
    -0.914904644075));
#2499 = CARTESIAN_POINT('',(0.187183321154,2.36608849871,-1.017009262562
    ));
#2500 = CARTESIAN_POINT('',(0.180823534224,2.231787633237,
    -1.003860139901));
#2501 = CARTESIAN_POINT('',(0.131787633237,2.449169048039,
    -0.714858916719));
#2502 = CARTESIAN_POINT('',(0.26608849871,2.461449754518,-0.801336120068
    ));
#2503 = CARTESIAN_POINT('',(0.361449754518,2.36608849871,-0.862739854744
    ));
#2504 = CARTESIAN_POINT('',(0.349169048039,2.231787633237,
    -0.854832227733));
#2505 = CARTESIAN_POINT('',(0.131787633237,2.449169048039,-0.63));
#2506 = CARTESIAN_POINT('',(0.26608849871,2.461449754518,-0.63));
#2507 = CARTESIAN_POINT('',(0.361449754518,2.36608849871,-0.63));
#2508 = CARTESIAN_POINT('',(0.349169048039,2.231787633237,-0.63));
#2509 = CARTESIAN_POINT('',(0.131787633237,2.449169048039,
    -0.545141083281));
#2510 = CARTESIAN_POINT('',(0.26608849871,2.461449754518,-0.458663879932
    ));
#2511 = CARTESIAN_POINT('',(0.361449754518,2.36608849871,-0.397260145256
    ));
#2512 = CARTESIAN_POINT('',(0.349169048039,2.231787633237,
    -0.405167772268));
#2513 = CARTESIAN_POINT('',(6.82486198095E-02,2.449169048039,
    -0.488893154259));
#2514 = CARTESIAN_POINT('',(0.137798762586,2.461449754518,
    -0.345095355925));
#2515 = CARTESIAN_POINT('',(0.187183321154,2.36608849871,-0.242990737438
    ));
#2516 = CARTESIAN_POINT('',(0.180823534224,2.231787633237,
    -0.256139860099));
#2517 = CARTESIAN_POINT('',(-1.598384639738E-02,2.449169048039,
    -0.49918525722));
#2518 = CARTESIAN_POINT('',(-3.227250984804E-02,2.461449754518,
    -0.365875835536));
#2519 = CARTESIAN_POINT('',(-4.383838767475E-02,2.36608849871,
    -0.271218561228));
#2520 = CARTESIAN_POINT('',(-4.234892374568E-02,2.231787633237,
    -0.283408608349));
#2521 = ADVANCED_FACE('',(#2522),#2526,.F.);
#2522 = FACE_BOUND('',#2523,.F.);
#2523 = EDGE_LOOP('',(#2524,#2525));
#2524 = ORIENTED_EDGE('',*,*,#2435,.F.);
#2525 = ORIENTED_EDGE('',*,*,#2483,.T.);
#2526 = PLANE('',#2527);
#2527 = AXIS2_PLACEMENT_3D('',#2528,#2529,#2530);
#2528 = CARTESIAN_POINT('',(0.,2.45,-0.63));
#2529 = DIRECTION('',(0.,-1.,0.));
#2530 = DIRECTION('',(0.,0.,1.));
#2531 = ADVANCED_FACE('',(#2532),#2558,.T.);
#2532 = FACE_BOUND('',#2533,.T.);
#2533 = EDGE_LOOP('',(#2534,#2542,#2551,#2557));
#2534 = ORIENTED_EDGE('',*,*,#2535,.T.);
#2535 = EDGE_CURVE('',#2170,#2536,#2538,.T.);
#2536 = VERTEX_POINT('',#2537);
#2537 = CARTESIAN_POINT('',(-2.5,2.25,-0.98));
#2538 = LINE('',#2539,#2540);
#2539 = CARTESIAN_POINT('',(-2.5,-1.05,-0.98));
#2540 = VECTOR('',#2541,1.);
#2541 = DIRECTION('',(0.,1.,0.));
#2542 = ORIENTED_EDGE('',*,*,#2543,.T.);
#2543 = EDGE_CURVE('',#2536,#2544,#2546,.T.);
#2544 = VERTEX_POINT('',#2545);
#2545 = CARTESIAN_POINT('',(-2.5,2.25,-0.28));
#2546 = CIRCLE('',#2547,0.35);
#2547 = AXIS2_PLACEMENT_3D('',#2548,#2549,#2550);
#2548 = CARTESIAN_POINT('',(-2.5,2.25,-0.63));
#2549 = DIRECTION('',(0.,-1.,0.));
#2550 = DIRECTION('',(0.,0.,-1.));
#2551 = ORIENTED_EDGE('',*,*,#2552,.F.);
#2552 = EDGE_CURVE('',#2172,#2544,#2553,.T.);
#2553 = LINE('',#2554,#2555);
#2554 = CARTESIAN_POINT('',(-2.5,-1.05,-0.28));
#2555 = VECTOR('',#2556,1.);
#2556 = DIRECTION('',(0.,1.,0.));
#2557 = ORIENTED_EDGE('',*,*,#2169,.F.);
#2558 = CYLINDRICAL_SURFACE('',#2559,0.35);
#2559 = AXIS2_PLACEMENT_3D('',#2560,#2561,#2562);
#2560 = CARTESIAN_POINT('',(-2.5,2.7375,-0.63));
#2561 = DIRECTION('',(0.,-1.,0.));
#2562 = DIRECTION('',(0.,0.,1.));
#2563 = ADVANCED_FACE('',(#2564),#2576,.T.);
#2564 = FACE_BOUND('',#2565,.T.);
#2565 = EDGE_LOOP('',(#2566,#2567,#2574,#2575));
#2566 = ORIENTED_EDGE('',*,*,#2552,.T.);
#2567 = ORIENTED_EDGE('',*,*,#2568,.F.);
#2568 = EDGE_CURVE('',#2536,#2544,#2569,.T.);
#2569 = CIRCLE('',#2570,0.35);
#2570 = AXIS2_PLACEMENT_3D('',#2571,#2572,#2573);
#2571 = CARTESIAN_POINT('',(-2.5,2.25,-0.63));
#2572 = DIRECTION('',(0.,1.,0.));
#2573 = DIRECTION('',(0.,0.,-1.));
#2574 = ORIENTED_EDGE('',*,*,#2535,.F.);
#2575 = ORIENTED_EDGE('',*,*,#2180,.F.);
#2576 = CYLINDRICAL_SURFACE('',#2577,0.35);
#2577 = AXIS2_PLACEMENT_3D('',#2578,#2579,#2580);
#2578 = CARTESIAN_POINT('',(-2.5,2.7375,-0.63));
#2579 = DIRECTION('',(0.,-1.,0.));
#2580 = DIRECTION('',(0.,0.,1.));
#2581 = ADVANCED_FACE('',(#2582),#2610,.T.);
#2582 = FACE_BOUND('',#2583,.T.);
#2583 = EDGE_LOOP('',(#2584,#2585,#2594,#2603));
#2584 = ORIENTED_EDGE('',*,*,#2568,.T.);
#2585 = ORIENTED_EDGE('',*,*,#2586,.T.);
#2586 = EDGE_CURVE('',#2544,#2587,#2589,.T.);
#2587 = VERTEX_POINT('',#2588);
#2588 = CARTESIAN_POINT('',(-2.5,2.45,-0.48));
#2589 = CIRCLE('',#2590,0.2);
#2590 = AXIS2_PLACEMENT_3D('',#2591,#2592,#2593);
#2591 = CARTESIAN_POINT('',(-2.5,2.25,-0.48));
#2592 = DIRECTION('',(-1.,0.,0.));
#2593 = DIRECTION('',(0.,0.,1.));
#2594 = ORIENTED_EDGE('',*,*,#2595,.F.);
#2595 = EDGE_CURVE('',#2596,#2587,#2598,.T.);
#2596 = VERTEX_POINT('',#2597);
#2597 = CARTESIAN_POINT('',(-2.5,2.45,-0.78));
#2598 = CIRCLE('',#2599,0.15);
#2599 = AXIS2_PLACEMENT_3D('',#2600,#2601,#2602);
#2600 = CARTESIAN_POINT('',(-2.5,2.45,-0.63));
#2601 = DIRECTION('',(0.,1.,0.));
#2602 = DIRECTION('',(0.,0.,-1.));
#2603 = ORIENTED_EDGE('',*,*,#2604,.F.);
#2604 = EDGE_CURVE('',#2536,#2596,#2605,.T.);
#2605 = CIRCLE('',#2606,0.2);
#2606 = AXIS2_PLACEMENT_3D('',#2607,#2608,#2609);
#2607 = CARTESIAN_POINT('',(-2.5,2.25,-0.78));
#2608 = DIRECTION('',(1.,0.,0.));
#2609 = DIRECTION('',(0.,0.,-1.));
#2610 = ( BOUNDED_SURFACE() B_SPLINE_SURFACE(3,3,(
    (#2611,#2612,#2613,#2614)
    ,(#2615,#2616,#2617,#2618)
    ,(#2619,#2620,#2621,#2622)
    ,(#2623,#2624,#2625,#2626)
    ,(#2627,#2628,#2629,#2630)
    ,(#2631,#2632,#2633,#2634)
    ,(#2635,#2636,#2637,#2638
)),.UNSPECIFIED.,.F.,.F.,.F.) B_SPLINE_SURFACE_WITH_KNOTS((4,3,4),(4,4),
  (0.,1.,2.),(0.,1.),.PIECEWISE_BEZIER_KNOTS.) 
GEOMETRIC_REPRESENTATION_ITEM() RATIONAL_B_SPLINE_SURFACE((
    (1.466980049895,1.114688196417,1.114688196417,1.466980049895)
    ,(1.1372425689,0.864136406017,0.864136406017,1.1372425689)
    ,(1.1372425689,0.864136406017,0.864136406017,1.1372425689)
    ,(1.466980049895,1.114688196417,1.114688196417,1.466980049895)
    ,(1.1372425689,0.864136406017,0.864136406017,1.1372425689)
    ,(1.1372425689,0.864136406017,0.864136406017,1.1372425689)
    ,(1.466980049895,1.114688196417,1.114688196417,1.466980049895
))) REPRESENTATION_ITEM('') SURFACE() );
#2611 = CARTESIAN_POINT('',(-2.484016153603,2.449169048039,
    -0.49918525722));
#2612 = CARTESIAN_POINT('',(-2.467727490152,2.461449754518,
    -0.365875835536));
#2613 = CARTESIAN_POINT('',(-2.456161612325,2.36608849871,
    -0.271218561228));
#2614 = CARTESIAN_POINT('',(-2.457651076254,2.231787633237,
    -0.283408608349));
#2615 = CARTESIAN_POINT('',(-2.56824861981,2.449169048039,
    -0.488893154259));
#2616 = CARTESIAN_POINT('',(-2.637798762586,2.461449754518,
    -0.345095355925));
#2617 = CARTESIAN_POINT('',(-2.687183321154,2.36608849871,
    -0.242990737438));
#2618 = CARTESIAN_POINT('',(-2.680823534224,2.231787633237,
    -0.256139860099));
#2619 = CARTESIAN_POINT('',(-2.631787633237,2.449169048039,
    -0.545141083281));
#2620 = CARTESIAN_POINT('',(-2.76608849871,2.461449754518,
    -0.458663879932));
#2621 = CARTESIAN_POINT('',(-2.861449754518,2.36608849871,
    -0.397260145256));
#2622 = CARTESIAN_POINT('',(-2.849169048039,2.231787633237,
    -0.405167772268));
#2623 = CARTESIAN_POINT('',(-2.631787633237,2.449169048039,-0.63));
#2624 = CARTESIAN_POINT('',(-2.76608849871,2.461449754518,-0.63));
#2625 = CARTESIAN_POINT('',(-2.861449754518,2.36608849871,-0.63));
#2626 = CARTESIAN_POINT('',(-2.849169048039,2.231787633237,-0.63));
#2627 = CARTESIAN_POINT('',(-2.631787633237,2.449169048039,
    -0.714858916719));
#2628 = CARTESIAN_POINT('',(-2.76608849871,2.461449754518,
    -0.801336120068));
#2629 = CARTESIAN_POINT('',(-2.861449754518,2.36608849871,
    -0.862739854744));
#2630 = CARTESIAN_POINT('',(-2.849169048039,2.231787633237,
    -0.854832227733));
#2631 = CARTESIAN_POINT('',(-2.56824861981,2.449169048039,
    -0.771106845741));
#2632 = CARTESIAN_POINT('',(-2.637798762586,2.461449754518,
    -0.914904644075));
#2633 = CARTESIAN_POINT('',(-2.687183321154,2.36608849871,
    -1.017009262562));
#2634 = CARTESIAN_POINT('',(-2.680823534224,2.231787633237,
    -1.003860139901));
#2635 = CARTESIAN_POINT('',(-2.484016153603,2.449169048039,
    -0.76081474278));
#2636 = CARTESIAN_POINT('',(-2.467727490152,2.461449754518,
    -0.894124164464));
#2637 = CARTESIAN_POINT('',(-2.456161612325,2.36608849871,
    -0.988781438772));
#2638 = CARTESIAN_POINT('',(-2.457651076254,2.231787633237,
    -0.976591391651));
#2639 = ADVANCED_FACE('',(#2640),#2652,.T.);
#2640 = FACE_BOUND('',#2641,.T.);
#2641 = EDGE_LOOP('',(#2642,#2649,#2650,#2651));
#2642 = ORIENTED_EDGE('',*,*,#2643,.T.);
#2643 = EDGE_CURVE('',#2596,#2587,#2644,.T.);
#2644 = CIRCLE('',#2645,0.15);
#2645 = AXIS2_PLACEMENT_3D('',#2646,#2647,#2648);
#2646 = CARTESIAN_POINT('',(-2.5,2.45,-0.63));
#2647 = DIRECTION('',(0.,-1.,0.));
#2648 = DIRECTION('',(0.,0.,-1.));
#2649 = ORIENTED_EDGE('',*,*,#2586,.F.);
#2650 = ORIENTED_EDGE('',*,*,#2543,.F.);
#2651 = ORIENTED_EDGE('',*,*,#2604,.T.);
#2652 = ( BOUNDED_SURFACE() B_SPLINE_SURFACE(3,3,(
    (#2653,#2654,#2655,#2656)
    ,(#2657,#2658,#2659,#2660)
    ,(#2661,#2662,#2663,#2664)
    ,(#2665,#2666,#2667,#2668)
    ,(#2669,#2670,#2671,#2672)
    ,(#2673,#2674,#2675,#2676)
    ,(#2677,#2678,#2679,#2680
)),.UNSPECIFIED.,.F.,.F.,.F.) B_SPLINE_SURFACE_WITH_KNOTS((4,3,4),(4,4),
  (0.,1.,2.),(0.,1.),.PIECEWISE_BEZIER_KNOTS.) 
GEOMETRIC_REPRESENTATION_ITEM() RATIONAL_B_SPLINE_SURFACE((
    (1.466980049895,1.114688196417,1.114688196417,1.466980049895)
    ,(1.1372425689,0.864136406017,0.864136406017,1.1372425689)
    ,(1.1372425689,0.864136406017,0.864136406017,1.1372425689)
    ,(1.466980049895,1.114688196417,1.114688196417,1.466980049895)
    ,(1.1372425689,0.864136406017,0.864136406017,1.1372425689)
    ,(1.1372425689,0.864136406017,0.864136406017,1.1372425689)
    ,(1.466980049895,1.114688196417,1.114688196417,1.466980049895
))) REPRESENTATION_ITEM('') SURFACE() );
#2653 = CARTESIAN_POINT('',(-2.515983846397,2.449169048039,
    -0.76081474278));
#2654 = CARTESIAN_POINT('',(-2.532272509848,2.461449754518,
    -0.894124164464));
#2655 = CARTESIAN_POINT('',(-2.543838387675,2.36608849871,
    -0.988781438772));
#2656 = CARTESIAN_POINT('',(-2.542348923746,2.231787633237,
    -0.976591391651));
#2657 = CARTESIAN_POINT('',(-2.43175138019,2.449169048039,
    -0.771106845741));
#2658 = CARTESIAN_POINT('',(-2.362201237414,2.461449754518,
    -0.914904644075));
#2659 = CARTESIAN_POINT('',(-2.312816678846,2.36608849871,
    -1.017009262562));
#2660 = CARTESIAN_POINT('',(-2.319176465776,2.231787633237,
    -1.003860139901));
#2661 = CARTESIAN_POINT('',(-2.368212366763,2.449169048039,
    -0.714858916719));
#2662 = CARTESIAN_POINT('',(-2.23391150129,2.461449754518,
    -0.801336120068));
#2663 = CARTESIAN_POINT('',(-2.138550245482,2.36608849871,
    -0.862739854744));
#2664 = CARTESIAN_POINT('',(-2.150830951961,2.231787633237,
    -0.854832227733));
#2665 = CARTESIAN_POINT('',(-2.368212366763,2.449169048039,-0.63));
#2666 = CARTESIAN_POINT('',(-2.23391150129,2.461449754518,-0.63));
#2667 = CARTESIAN_POINT('',(-2.138550245482,2.36608849871,-0.63));
#2668 = CARTESIAN_POINT('',(-2.150830951961,2.231787633237,-0.63));
#2669 = CARTESIAN_POINT('',(-2.368212366763,2.449169048039,
    -0.545141083281));
#2670 = CARTESIAN_POINT('',(-2.23391150129,2.461449754518,
    -0.458663879932));
#2671 = CARTESIAN_POINT('',(-2.138550245482,2.36608849871,
    -0.397260145256));
#2672 = CARTESIAN_POINT('',(-2.150830951961,2.231787633237,
    -0.405167772268));
#2673 = CARTESIAN_POINT('',(-2.43175138019,2.449169048039,
    -0.488893154259));
#2674 = CARTESIAN_POINT('',(-2.362201237414,2.461449754518,
    -0.345095355925));
#2675 = CARTESIAN_POINT('',(-2.312816678846,2.36608849871,
    -0.242990737438));
#2676 = CARTESIAN_POINT('',(-2.319176465776,2.231787633237,
    -0.256139860099));
#2677 = CARTESIAN_POINT('',(-2.515983846397,2.449169048039,
    -0.49918525722));
#2678 = CARTESIAN_POINT('',(-2.532272509848,2.461449754518,
    -0.365875835536));
#2679 = CARTESIAN_POINT('',(-2.543838387675,2.36608849871,
    -0.271218561228));
#2680 = CARTESIAN_POINT('',(-2.542348923746,2.231787633237,
    -0.283408608349));
#2681 = ADVANCED_FACE('',(#2682),#2686,.F.);
#2682 = FACE_BOUND('',#2683,.F.);
#2683 = EDGE_LOOP('',(#2684,#2685));
#2684 = ORIENTED_EDGE('',*,*,#2595,.F.);
#2685 = ORIENTED_EDGE('',*,*,#2643,.T.);
#2686 = PLANE('',#2687);
#2687 = AXIS2_PLACEMENT_3D('',#2688,#2689,#2690);
#2688 = CARTESIAN_POINT('',(-2.5,2.45,-0.63));
#2689 = DIRECTION('',(0.,-1.,0.));
#2690 = DIRECTION('',(0.,0.,1.));
#2691 = ADVANCED_FACE('',(#2692),#2717,.T.);
#2692 = FACE_BOUND('',#2693,.T.);
#2693 = EDGE_LOOP('',(#2694,#2695,#2703,#2711));
#2694 = ORIENTED_EDGE('',*,*,#2060,.T.);
#2695 = ORIENTED_EDGE('',*,*,#2696,.T.);
#2696 = EDGE_CURVE('',#2063,#2697,#2699,.T.);
#2697 = VERTEX_POINT('',#2698);
#2698 = CARTESIAN_POINT('',(-1.25,2.7,-1.05));
#2699 = LINE('',#2700,#2701);
#2700 = CARTESIAN_POINT('',(-1.25,-1.05,-1.05));
#2701 = VECTOR('',#2702,1.);
#2702 = DIRECTION('',(0.,1.,0.));
#2703 = ORIENTED_EDGE('',*,*,#2704,.F.);
#2704 = EDGE_CURVE('',#2705,#2697,#2707,.T.);
#2705 = VERTEX_POINT('',#2706);
#2706 = CARTESIAN_POINT('',(-1.749997961222,2.7,-1.75));
#2707 = LINE('',#2708,#2709);
#2708 = CARTESIAN_POINT('',(-1.749997961222,2.7,-1.75));
#2709 = VECTOR('',#2710,1.);
#2710 = DIRECTION('',(0.581236624371,0.,0.813734592167));
#2711 = ORIENTED_EDGE('',*,*,#2712,.F.);
#2712 = EDGE_CURVE('',#2061,#2705,#2713,.T.);
#2713 = LINE('',#2714,#2715);
#2714 = CARTESIAN_POINT('',(-1.75,-1.05,-1.75));
#2715 = VECTOR('',#2716,1.);
#2716 = DIRECTION('',(5.436740460495E-07,1.,0.));
#2717 = PLANE('',#2718);
#2718 = AXIS2_PLACEMENT_3D('',#2719,#2720,#2721);
#2719 = CARTESIAN_POINT('',(-1.75,-1.05,-1.75));
#2720 = DIRECTION('',(-0.813733471207,0.,0.581238193719));
#2721 = DIRECTION('',(0.581238193719,0.,0.813733471207));
#2722 = ADVANCED_FACE('',(#2723),#2748,.F.);
#2723 = FACE_BOUND('',#2724,.F.);
#2724 = EDGE_LOOP('',(#2725,#2733,#2741,#2747));
#2725 = ORIENTED_EDGE('',*,*,#2726,.T.);
#2726 = EDGE_CURVE('',#2095,#2727,#2729,.T.);
#2727 = VERTEX_POINT('',#2728);
#2728 = CARTESIAN_POINT('',(1.749999478053,2.7,-1.75));
#2729 = LINE('',#2730,#2731);
#2730 = CARTESIAN_POINT('',(1.75,-1.05,-1.75));
#2731 = VECTOR('',#2732,1.);
#2732 = DIRECTION('',(-1.391859872986E-07,1.,0.));
#2733 = ORIENTED_EDGE('',*,*,#2734,.F.);
#2734 = EDGE_CURVE('',#2735,#2727,#2737,.T.);
#2735 = VERTEX_POINT('',#2736);
#2736 = CARTESIAN_POINT('',(3.160009469981,2.700022096523,
    -1.750022096523));
#2737 = LINE('',#2738,#2739);
#2738 = CARTESIAN_POINT('',(3.160009469981,2.700022096523,
    -1.750022096523));
#2739 = VECTOR('',#2740,1.);
#2740 = DIRECTION('',(-0.999999999754,-1.567118202013E-05,
    1.567118201998E-05));
#2741 = ORIENTED_EDGE('',*,*,#2742,.T.);
#2742 = EDGE_CURVE('',#2735,#2103,#2743,.T.);
#2743 = LINE('',#2744,#2745);
#2744 = CARTESIAN_POINT('',(3.160009469981,2.700022096523,
    -1.750022096523));
#2745 = VECTOR('',#2746,1.);
#2746 = DIRECTION('',(1.094296426184E-05,-0.999999999923,
    5.892371476404E-06));
#2747 = ORIENTED_EDGE('',*,*,#2102,.T.);
#2748 = PLANE('',#2749);
#2749 = AXIS2_PLACEMENT_3D('',#2750,#2751,#2752);
#2750 = CARTESIAN_POINT('',(3.160050506339,2.95,-1.75));
#2751 = DIRECTION('',(0.,0.,-1.));
#2752 = DIRECTION('',(-1.,0.,0.));
#2753 = ADVANCED_FACE('',(#2754),#2772,.F.);
#2754 = FACE_BOUND('',#2755,.F.);
#2755 = EDGE_LOOP('',(#2756,#2757,#2758,#2766));
#2756 = ORIENTED_EDGE('',*,*,#2712,.F.);
#2757 = ORIENTED_EDGE('',*,*,#2141,.T.);
#2758 = ORIENTED_EDGE('',*,*,#2759,.F.);
#2759 = EDGE_CURVE('',#2760,#2134,#2762,.T.);
#2760 = VERTEX_POINT('',#2761);
#2761 = CARTESIAN_POINT('',(-3.160018939877,2.700012626585,
    -1.750018939877));
#2762 = LINE('',#2763,#2764);
#2763 = CARTESIAN_POINT('',(-3.160018939877,2.700012626585,
    -1.750018939877));
#2764 = VECTOR('',#2765,1.);
#2765 = DIRECTION('',(-8.417694795204E-06,-0.999999999952,
    5.050616877146E-06));
#2766 = ORIENTED_EDGE('',*,*,#2767,.F.);
#2767 = EDGE_CURVE('',#2705,#2760,#2768,.T.);
#2768 = LINE('',#2769,#2770);
#2769 = CARTESIAN_POINT('',(-1.749997961222,2.7,-1.75));
#2770 = VECTOR('',#2771,1.);
#2771 = DIRECTION('',(-0.99999999987,8.954891379606E-06,
    -1.343233706941E-05));
#2772 = PLANE('',#2773);
#2773 = AXIS2_PLACEMENT_3D('',#2774,#2775,#2776);
#2774 = CARTESIAN_POINT('',(3.160050506339,2.95,-1.75));
#2775 = DIRECTION('',(0.,0.,-1.));
#2776 = DIRECTION('',(-1.,0.,0.));
#2777 = ADVANCED_FACE('',(#2778),#2803,.F.);
#2778 = FACE_BOUND('',#2779,.F.);
#2779 = EDGE_LOOP('',(#2780,#2788,#2796,#2802));
#2780 = ORIENTED_EDGE('',*,*,#2781,.T.);
#2781 = EDGE_CURVE('',#2071,#2782,#2784,.T.);
#2782 = VERTEX_POINT('',#2783);
#2783 = CARTESIAN_POINT('',(-0.749998754009,2.7,-1.75));
#2784 = LINE('',#2785,#2786);
#2785 = CARTESIAN_POINT('',(-0.75,-1.05,-1.75));
#2786 = VECTOR('',#2787,1.);
#2787 = DIRECTION('',(3.322644074544E-07,1.,0.));
#2788 = ORIENTED_EDGE('',*,*,#2789,.F.);
#2789 = EDGE_CURVE('',#2790,#2782,#2792,.T.);
#2790 = VERTEX_POINT('',#2791);
#2791 = CARTESIAN_POINT('',(0.750000227249,2.7,-1.75));
#2792 = LINE('',#2793,#2794);
#2793 = CARTESIAN_POINT('',(0.750000227249,2.7,-1.75));
#2794 = VECTOR('',#2795,1.);
#2795 = DIRECTION('',(-1.,0.,0.));
#2796 = ORIENTED_EDGE('',*,*,#2797,.F.);
#2797 = EDGE_CURVE('',#2079,#2790,#2798,.T.);
#2798 = LINE('',#2799,#2800);
#2799 = CARTESIAN_POINT('',(0.75,-1.05,-1.75));
#2800 = VECTOR('',#2801,1.);
#2801 = DIRECTION('',(6.059979895667E-08,1.,0.));
#2802 = ORIENTED_EDGE('',*,*,#2078,.T.);
#2803 = PLANE('',#2804);
#2804 = AXIS2_PLACEMENT_3D('',#2805,#2806,#2807);
#2805 = CARTESIAN_POINT('',(3.160050506339,2.95,-1.75));
#2806 = DIRECTION('',(0.,0.,-1.));
#2807 = DIRECTION('',(-1.,0.,0.));
#2808 = ADVANCED_FACE('',(#2809),#2827,.T.);
#2809 = FACE_BOUND('',#2810,.T.);
#2810 = EDGE_LOOP('',(#2811,#2819,#2825,#2826));
#2811 = ORIENTED_EDGE('',*,*,#2812,.F.);
#2812 = EDGE_CURVE('',#2813,#2727,#2815,.T.);
#2813 = VERTEX_POINT('',#2814);
#2814 = CARTESIAN_POINT('',(1.25,2.7,-1.05));
#2815 = LINE('',#2816,#2817);
#2816 = CARTESIAN_POINT('',(1.25,2.7,-1.05));
#2817 = VECTOR('',#2818,1.);
#2818 = DIRECTION('',(0.581237791951,0.,-0.813733758184));
#2819 = ORIENTED_EDGE('',*,*,#2820,.F.);
#2820 = EDGE_CURVE('',#2087,#2813,#2821,.T.);
#2821 = LINE('',#2822,#2823);
#2822 = CARTESIAN_POINT('',(1.25,-1.05,-1.05));
#2823 = VECTOR('',#2824,1.);
#2824 = DIRECTION('',(0.,1.,0.));
#2825 = ORIENTED_EDGE('',*,*,#2094,.T.);
#2826 = ORIENTED_EDGE('',*,*,#2726,.T.);
#2827 = PLANE('',#2828);
#2828 = AXIS2_PLACEMENT_3D('',#2829,#2830,#2831);
#2829 = CARTESIAN_POINT('',(1.25,-1.05,-1.05));
#2830 = DIRECTION('',(0.813733471207,0.,0.581238193719));
#2831 = DIRECTION('',(0.581238193719,0.,-0.813733471207));
#2832 = ADVANCED_FACE('',(#2833),#2844,.T.);
#2833 = FACE_BOUND('',#2834,.T.);
#2834 = EDGE_LOOP('',(#2835,#2836,#2837,#2843));
#2835 = ORIENTED_EDGE('',*,*,#2086,.T.);
#2836 = ORIENTED_EDGE('',*,*,#2820,.T.);
#2837 = ORIENTED_EDGE('',*,*,#2838,.F.);
#2838 = EDGE_CURVE('',#2790,#2813,#2839,.T.);
#2839 = LINE('',#2840,#2841);
#2840 = CARTESIAN_POINT('',(0.750000227249,2.7,-1.75));
#2841 = VECTOR('',#2842,1.);
#2842 = DIRECTION('',(0.581238018794,0.,0.813733596153));
#2843 = ORIENTED_EDGE('',*,*,#2797,.F.);
#2844 = PLANE('',#2845);
#2845 = AXIS2_PLACEMENT_3D('',#2846,#2847,#2848);
#2846 = CARTESIAN_POINT('',(0.75,-1.05,-1.75));
#2847 = DIRECTION('',(-0.813733471207,0.,0.581238193719));
#2848 = DIRECTION('',(0.581238193719,0.,0.813733471207));
#2849 = ADVANCED_FACE('',(#2850),#2860,.T.);
#2850 = FACE_BOUND('',#2851,.F.);
#2851 = EDGE_LOOP('',(#2852,#2858,#2859));
#2852 = ORIENTED_EDGE('',*,*,#2853,.T.);
#2853 = EDGE_CURVE('',#2790,#2727,#2854,.T.);
#2854 = LINE('',#2855,#2856);
#2855 = CARTESIAN_POINT('',(0.750000227249,2.7,-1.75));
#2856 = VECTOR('',#2857,1.);
#2857 = DIRECTION('',(1.,0.,0.));
#2858 = ORIENTED_EDGE('',*,*,#2812,.F.);
#2859 = ORIENTED_EDGE('',*,*,#2838,.F.);
#2860 = PLANE('',#2861);
#2861 = AXIS2_PLACEMENT_3D('',#2862,#2863,#2864);
#2862 = CARTESIAN_POINT('',(0.,2.7,0.));
#2863 = DIRECTION('',(0.,1.,0.));
#2864 = DIRECTION('',(1.,0.,0.));
#2865 = ADVANCED_FACE('',(#2866),#2891,.F.);
#2866 = FACE_BOUND('',#2867,.F.);
#2867 = EDGE_LOOP('',(#2868,#2874,#2875,#2881,#2882,#2888,#2889,#2890));
#2868 = ORIENTED_EDGE('',*,*,#2869,.F.);
#2869 = EDGE_CURVE('',#2705,#2782,#2870,.T.);
#2870 = LINE('',#2871,#2872);
#2871 = CARTESIAN_POINT('',(-1.749997961222,2.7,-1.75));
#2872 = VECTOR('',#2873,1.);
#2873 = DIRECTION('',(1.,0.,0.));
#2874 = ORIENTED_EDGE('',*,*,#2767,.T.);
#2875 = ORIENTED_EDGE('',*,*,#2876,.T.);
#2876 = EDGE_CURVE('',#2760,#197,#2877,.T.);
#2877 = LINE('',#2878,#2879);
#2878 = CARTESIAN_POINT('',(-3.160018939877,2.700012626585,
    -1.750018939877));
#2879 = VECTOR('',#2880,1.);
#2880 = DIRECTION('',(5.357344418673E-05,0.707115709023,-0.707097851208)
  );
#2881 = ORIENTED_EDGE('',*,*,#196,.T.);
#2882 = ORIENTED_EDGE('',*,*,#2883,.F.);
#2883 = EDGE_CURVE('',#2735,#187,#2884,.T.);
#2884 = LINE('',#2885,#2886);
#2885 = CARTESIAN_POINT('',(3.160009469981,2.700022096523,
    -1.750022096523));
#2886 = VECTOR('',#2887,1.);
#2887 = DIRECTION('',(-2.678751889588E-05,0.707106780933,-0.707106780933
    ));
#2888 = ORIENTED_EDGE('',*,*,#2734,.T.);
#2889 = ORIENTED_EDGE('',*,*,#2853,.F.);
#2890 = ORIENTED_EDGE('',*,*,#2789,.T.);
#2891 = PLANE('',#2892);
#2892 = AXIS2_PLACEMENT_3D('',#2893,#2894,#2895);
#2893 = CARTESIAN_POINT('',(3.16,2.7,-1.75));
#2894 = DIRECTION('',(0.,-0.707106781187,-0.707106781187));
#2895 = DIRECTION('',(0.,0.707106781187,-0.707106781187));
#2896 = ADVANCED_FACE('',(#2897),#2907,.T.);
#2897 = FACE_BOUND('',#2898,.F.);
#2898 = EDGE_LOOP('',(#2899,#2900,#2906));
#2899 = ORIENTED_EDGE('',*,*,#2869,.T.);
#2900 = ORIENTED_EDGE('',*,*,#2901,.F.);
#2901 = EDGE_CURVE('',#2697,#2782,#2902,.T.);
#2902 = LINE('',#2903,#2904);
#2903 = CARTESIAN_POINT('',(-1.25,2.7,-1.05));
#2904 = VECTOR('',#2905,1.);
#2905 = DIRECTION('',(0.581239152817,0.,-0.813732786136));
#2906 = ORIENTED_EDGE('',*,*,#2704,.F.);
#2907 = PLANE('',#2908);
#2908 = AXIS2_PLACEMENT_3D('',#2909,#2910,#2911);
#2909 = CARTESIAN_POINT('',(0.,2.7,0.));
#2910 = DIRECTION('',(0.,1.,0.));
#2911 = DIRECTION('',(1.,0.,0.));
#2912 = ADVANCED_FACE('',(#2913),#2919,.T.);
#2913 = FACE_BOUND('',#2914,.T.);
#2914 = EDGE_LOOP('',(#2915,#2916,#2917,#2918));
#2915 = ORIENTED_EDGE('',*,*,#2901,.F.);
#2916 = ORIENTED_EDGE('',*,*,#2696,.F.);
#2917 = ORIENTED_EDGE('',*,*,#2070,.T.);
#2918 = ORIENTED_EDGE('',*,*,#2781,.T.);
#2919 = PLANE('',#2920);
#2920 = AXIS2_PLACEMENT_3D('',#2921,#2922,#2923);
#2921 = CARTESIAN_POINT('',(-1.25,-1.05,-1.05));
#2922 = DIRECTION('',(0.813733471207,0.,0.581238193719));
#2923 = DIRECTION('',(0.581238193719,0.,-0.813733471207));
#2924 = ADVANCED_FACE('',(#2925),#2935,.T.);
#2925 = FACE_BOUND('',#2926,.T.);
#2926 = EDGE_LOOP('',(#2927,#2933,#2934));
#2927 = ORIENTED_EDGE('',*,*,#2928,.T.);
#2928 = EDGE_CURVE('',#205,#2760,#2929,.T.);
#2929 = LINE('',#2930,#2931);
#2930 = CARTESIAN_POINT('',(-3.16,2.95,-1.750050506339));
#2931 = VECTOR('',#2932,1.);
#2932 = DIRECTION('',(-7.576333395621E-05,-0.999999989158,
    1.262722232606E-04));
#2933 = ORIENTED_EDGE('',*,*,#2876,.T.);
#2934 = ORIENTED_EDGE('',*,*,#204,.F.);
#2935 = PLANE('',#2936);
#2936 = AXIS2_PLACEMENT_3D('',#2937,#2938,#2939);
#2937 = CARTESIAN_POINT('',(-3.16,2.95,-0.660050506339));
#2938 = DIRECTION('',(1.,0.,0.));
#2939 = DIRECTION('',(0.,0.,-1.));
#2940 = ADVANCED_FACE('',(#2941),#2948,.F.);
#2941 = FACE_BOUND('',#2942,.F.);
#2942 = EDGE_LOOP('',(#2943,#2944,#2945,#2946,#2947));
#2943 = ORIENTED_EDGE('',*,*,#212,.F.);
#2944 = ORIENTED_EDGE('',*,*,#2928,.T.);
#2945 = ORIENTED_EDGE('',*,*,#2759,.T.);
#2946 = ORIENTED_EDGE('',*,*,#2133,.T.);
#2947 = ORIENTED_EDGE('',*,*,#1932,.F.);
#2948 = PLANE('',#2949);
#2949 = AXIS2_PLACEMENT_3D('',#2950,#2951,#2952);
#2950 = CARTESIAN_POINT('',(-3.160050506339,2.95,-1.75));
#2951 = DIRECTION('',(-0.707106781187,0.,-0.707106781187));
#2952 = DIRECTION('',(-0.707106781187,0.,0.707106781187));
#2953 = ADVANCED_FACE('',(#2954),#2964,.T.);
#2954 = FACE_BOUND('',#2955,.F.);
#2955 = EDGE_LOOP('',(#2956,#2957,#2963));
#2956 = ORIENTED_EDGE('',*,*,#186,.T.);
#2957 = ORIENTED_EDGE('',*,*,#2958,.T.);
#2958 = EDGE_CURVE('',#189,#2735,#2959,.T.);
#2959 = LINE('',#2960,#2961);
#2960 = CARTESIAN_POINT('',(3.16,2.95,-1.750050506339));
#2961 = VECTOR('',#2962,1.);
#2962 = DIRECTION('',(3.788327226841E-05,-0.999999992824,
    1.136493065754E-04));
#2963 = ORIENTED_EDGE('',*,*,#2883,.T.);
#2964 = PLANE('',#2965);
#2965 = AXIS2_PLACEMENT_3D('',#2966,#2967,#2968);
#2966 = CARTESIAN_POINT('',(3.16,2.95,1.75));
#2967 = DIRECTION('',(-1.,0.,0.));
#2968 = DIRECTION('',(0.,0.,1.));
#2969 = ADVANCED_FACE('',(#2970),#2977,.F.);
#2970 = FACE_BOUND('',#2971,.F.);
#2971 = EDGE_LOOP('',(#2972,#2973,#2974,#2975,#2976));
#2972 = ORIENTED_EDGE('',*,*,#284,.F.);
#2973 = ORIENTED_EDGE('',*,*,#1805,.T.);
#2974 = ORIENTED_EDGE('',*,*,#2110,.T.);
#2975 = ORIENTED_EDGE('',*,*,#2742,.F.);
#2976 = ORIENTED_EDGE('',*,*,#2958,.F.);
#2977 = PLANE('',#2978);
#2978 = AXIS2_PLACEMENT_3D('',#2979,#2980,#2981);
#2979 = CARTESIAN_POINT('',(4.25,2.95,-0.660050506339));
#2980 = DIRECTION('',(0.707106781187,0.,-0.707106781187));
#2981 = DIRECTION('',(-0.707106781187,0.,-0.707106781187));
#2982 = ADVANCED_FACE('',(#2983),#2996,.T.);
#2983 = FACE_BOUND('',#2984,.F.);
#2984 = EDGE_LOOP('',(#2985,#2986,#2987,#2988,#2989,#2995));
#2985 = ORIENTED_EDGE('',*,*,#1614,.T.);
#2986 = ORIENTED_EDGE('',*,*,#655,.T.);
#2987 = ORIENTED_EDGE('',*,*,#553,.T.);
#2988 = ORIENTED_EDGE('',*,*,#522,.F.);
#2989 = ORIENTED_EDGE('',*,*,#2990,.F.);
#2990 = EDGE_CURVE('',#1775,#515,#2991,.T.);
#2991 = LINE('',#2992,#2993);
#2992 = CARTESIAN_POINT('',(4.25,-1.05,1.26));
#2993 = VECTOR('',#2994,1.);
#2994 = DIRECTION('',(0.,-1.,0.));
#2995 = ORIENTED_EDGE('',*,*,#2117,.T.);
#2996 = PLANE('',#2997);
#2997 = AXIS2_PLACEMENT_3D('',#2998,#2999,#3000);
#2998 = CARTESIAN_POINT('',(4.25,-2.95,2.45));
#2999 = DIRECTION('',(1.,0.,0.));
#3000 = DIRECTION('',(0.,0.,-1.));
#3001 = ADVANCED_FACE('',(#3002),#3009,.F.);
#3002 = FACE_BOUND('',#3003,.F.);
#3003 = EDGE_LOOP('',(#3004,#3005,#3006,#3007,#3008));
#3004 = ORIENTED_EDGE('',*,*,#1652,.F.);
#3005 = ORIENTED_EDGE('',*,*,#1741,.T.);
#3006 = ORIENTED_EDGE('',*,*,#1782,.F.);
#3007 = ORIENTED_EDGE('',*,*,#2990,.T.);
#3008 = ORIENTED_EDGE('',*,*,#514,.F.);
#3009 = PLANE('',#3010);
#3010 = AXIS2_PLACEMENT_3D('',#3011,#3012,#3013);
#3011 = CARTESIAN_POINT('',(4.95,2.54,1.26));
#3012 = DIRECTION('',(0.,0.,1.));
#3013 = DIRECTION('',(0.,-1.,0.));
#3014 = ADVANCED_FACE('',(#3015),#3021,.F.);
#3015 = FACE_BOUND('',#3016,.F.);
#3016 = EDGE_LOOP('',(#3017,#3018,#3019,#3020));
#3017 = ORIENTED_EDGE('',*,*,#1883,.T.);
#3018 = ORIENTED_EDGE('',*,*,#2124,.T.);
#3019 = ORIENTED_EDGE('',*,*,#1766,.F.);
#3020 = ORIENTED_EDGE('',*,*,#1843,.F.);
#3021 = PLANE('',#3022);
#3022 = AXIS2_PLACEMENT_3D('',#3023,#3024,#3025);
#3023 = CARTESIAN_POINT('',(-4.25,2.95,1.75));
#3024 = DIRECTION('',(0.,0.,1.));
#3025 = DIRECTION('',(1.,0.,-0.));
#3026 = ADVANCED_FACE('',(#3027),#3038,.F.);
#3027 = FACE_BOUND('',#3028,.F.);
#3028 = EDGE_LOOP('',(#3029,#3030,#3031,#3037));
#3029 = ORIENTED_EDGE('',*,*,#268,.F.);
#3030 = ORIENTED_EDGE('',*,*,#1686,.F.);
#3031 = ORIENTED_EDGE('',*,*,#3032,.T.);
#3032 = EDGE_CURVE('',#1679,#1813,#3033,.T.);
#3033 = LINE('',#3034,#3035);
#3034 = CARTESIAN_POINT('',(4.95,2.55,0.56));
#3035 = VECTOR('',#3036,1.);
#3036 = DIRECTION('',(-1.,0.,0.));
#3037 = ORIENTED_EDGE('',*,*,#1812,.T.);
#3038 = PLANE('',#3039);
#3039 = AXIS2_PLACEMENT_3D('',#3040,#3041,#3042);
#3040 = CARTESIAN_POINT('',(4.95,2.55,0.56));
#3041 = DIRECTION('',(0.,-0.766044443119,-0.642787609687));
#3042 = DIRECTION('',(0.,0.642787609687,-0.766044443119));
#3043 = ADVANCED_FACE('',(#3044),#3055,.F.);
#3044 = FACE_BOUND('',#3045,.F.);
#3045 = EDGE_LOOP('',(#3046,#3047,#3053,#3054));
#3046 = ORIENTED_EDGE('',*,*,#1678,.F.);
#3047 = ORIENTED_EDGE('',*,*,#3048,.T.);
#3048 = EDGE_CURVE('',#1671,#1821,#3049,.T.);
#3049 = LINE('',#3050,#3051);
#3050 = CARTESIAN_POINT('',(4.95,2.05,0.56));
#3051 = VECTOR('',#3052,1.);
#3052 = DIRECTION('',(-1.,0.,0.));
#3053 = ORIENTED_EDGE('',*,*,#1820,.T.);
#3054 = ORIENTED_EDGE('',*,*,#3032,.F.);
#3055 = PLANE('',#3056);
#3056 = AXIS2_PLACEMENT_3D('',#3057,#3058,#3059);
#3057 = CARTESIAN_POINT('',(4.95,2.05,0.56));
#3058 = DIRECTION('',(0.,0.,-1.));
#3059 = DIRECTION('',(0.,1.,0.));
#3060 = ADVANCED_FACE('',(#3061),#3067,.F.);
#3061 = FACE_BOUND('',#3062,.F.);
#3062 = EDGE_LOOP('',(#3063,#3064,#3065,#3066));
#3063 = ORIENTED_EDGE('',*,*,#1670,.F.);
#3064 = ORIENTED_EDGE('',*,*,#1630,.T.);
#3065 = ORIENTED_EDGE('',*,*,#1828,.T.);
#3066 = ORIENTED_EDGE('',*,*,#3048,.F.);
#3067 = PLANE('',#3068);
#3068 = AXIS2_PLACEMENT_3D('',#3069,#3070,#3071);
#3069 = CARTESIAN_POINT('',(4.95,2.05,0.16));
#3070 = DIRECTION('',(0.,1.,0.));
#3071 = DIRECTION('',(0.,-0.,1.));
#3072 = ADVANCED_FACE('',(#3073),#3242,.T.);
#3073 = FACE_BOUND('',#3074,.F.);
#3074 = EDGE_LOOP('',(#3075,#3085,#3093,#3101,#3109,#3117,#3125,#3133,
    #3141,#3149,#3157,#3165,#3173,#3181,#3189,#3197,#3205,#3211,#3212,
    #3213,#3221,#3227,#3228,#3236));
#3075 = ORIENTED_EDGE('',*,*,#3076,.F.);
#3076 = EDGE_CURVE('',#3077,#3079,#3081,.T.);
#3077 = VERTEX_POINT('',#3078);
#3078 = CARTESIAN_POINT('',(-2.86,-2.85,-2.45));
#3079 = VERTEX_POINT('',#3080);
#3080 = CARTESIAN_POINT('',(-2.86,-4.1,-2.45));
#3081 = LINE('',#3082,#3083);
#3082 = CARTESIAN_POINT('',(-2.86,-2.85,-2.45));
#3083 = VECTOR('',#3084,1.);
#3084 = DIRECTION('',(0.,-1.,0.));
#3085 = ORIENTED_EDGE('',*,*,#3086,.F.);
#3086 = EDGE_CURVE('',#3087,#3077,#3089,.T.);
#3087 = VERTEX_POINT('',#3088);
#3088 = CARTESIAN_POINT('',(-2.14,-2.85,-2.45));
#3089 = LINE('',#3090,#3091);
#3090 = CARTESIAN_POINT('',(-2.14,-2.85,-2.45));
#3091 = VECTOR('',#3092,1.);
#3092 = DIRECTION('',(-1.,0.,0.));
#3093 = ORIENTED_EDGE('',*,*,#3094,.F.);
#3094 = EDGE_CURVE('',#3095,#3087,#3097,.T.);
#3095 = VERTEX_POINT('',#3096);
#3096 = CARTESIAN_POINT('',(-2.14,-4.1,-2.45));
#3097 = LINE('',#3098,#3099);
#3098 = CARTESIAN_POINT('',(-2.14,-4.1,-2.45));
#3099 = VECTOR('',#3100,1.);
#3100 = DIRECTION('',(0.,1.,0.));
#3101 = ORIENTED_EDGE('',*,*,#3102,.F.);
#3102 = EDGE_CURVE('',#3103,#3095,#3105,.T.);
#3103 = VERTEX_POINT('',#3104);
#3104 = CARTESIAN_POINT('',(-1.875,-4.95,-2.45));
#3105 = LINE('',#3106,#3107);
#3106 = CARTESIAN_POINT('',(-1.875,-4.95,-2.45));
#3107 = VECTOR('',#3108,1.);
#3108 = DIRECTION('',(-0.297635408755,0.954679612988,0.));
#3109 = ORIENTED_EDGE('',*,*,#3110,.T.);
#3110 = EDGE_CURVE('',#3103,#3111,#3113,.T.);
#3111 = VERTEX_POINT('',#3112);
#3112 = CARTESIAN_POINT('',(-0.625,-4.95,-2.45));
#3113 = LINE('',#3114,#3115);
#3114 = CARTESIAN_POINT('',(-1.875,-4.95,-2.45));
#3115 = VECTOR('',#3116,1.);
#3116 = DIRECTION('',(1.,0.,0.));
#3117 = ORIENTED_EDGE('',*,*,#3118,.F.);
#3118 = EDGE_CURVE('',#3119,#3111,#3121,.T.);
#3119 = VERTEX_POINT('',#3120);
#3120 = CARTESIAN_POINT('',(-0.36,-4.1,-2.45));
#3121 = LINE('',#3122,#3123);
#3122 = CARTESIAN_POINT('',(-0.36,-4.1,-2.45));
#3123 = VECTOR('',#3124,1.);
#3124 = DIRECTION('',(-0.297635408755,-0.954679612988,0.));
#3125 = ORIENTED_EDGE('',*,*,#3126,.F.);
#3126 = EDGE_CURVE('',#3127,#3119,#3129,.T.);
#3127 = VERTEX_POINT('',#3128);
#3128 = CARTESIAN_POINT('',(-0.36,-2.85,-2.45));
#3129 = LINE('',#3130,#3131);
#3130 = CARTESIAN_POINT('',(-0.36,-2.85,-2.45));
#3131 = VECTOR('',#3132,1.);
#3132 = DIRECTION('',(0.,-1.,0.));
#3133 = ORIENTED_EDGE('',*,*,#3134,.F.);
#3134 = EDGE_CURVE('',#3135,#3127,#3137,.T.);
#3135 = VERTEX_POINT('',#3136);
#3136 = CARTESIAN_POINT('',(0.36,-2.85,-2.45));
#3137 = LINE('',#3138,#3139);
#3138 = CARTESIAN_POINT('',(0.36,-2.85,-2.45));
#3139 = VECTOR('',#3140,1.);
#3140 = DIRECTION('',(-1.,0.,0.));
#3141 = ORIENTED_EDGE('',*,*,#3142,.F.);
#3142 = EDGE_CURVE('',#3143,#3135,#3145,.T.);
#3143 = VERTEX_POINT('',#3144);
#3144 = CARTESIAN_POINT('',(0.36,-4.1,-2.45));
#3145 = LINE('',#3146,#3147);
#3146 = CARTESIAN_POINT('',(0.36,-4.1,-2.45));
#3147 = VECTOR('',#3148,1.);
#3148 = DIRECTION('',(0.,1.,0.));
#3149 = ORIENTED_EDGE('',*,*,#3150,.F.);
#3150 = EDGE_CURVE('',#3151,#3143,#3153,.T.);
#3151 = VERTEX_POINT('',#3152);
#3152 = CARTESIAN_POINT('',(0.625,-4.95,-2.45));
#3153 = LINE('',#3154,#3155);
#3154 = CARTESIAN_POINT('',(0.625,-4.95,-2.45));
#3155 = VECTOR('',#3156,1.);
#3156 = DIRECTION('',(-0.297635408755,0.954679612988,0.));
#3157 = ORIENTED_EDGE('',*,*,#3158,.T.);
#3158 = EDGE_CURVE('',#3151,#3159,#3161,.T.);
#3159 = VERTEX_POINT('',#3160);
#3160 = CARTESIAN_POINT('',(1.875,-4.95,-2.45));
#3161 = LINE('',#3162,#3163);
#3162 = CARTESIAN_POINT('',(0.625,-4.95,-2.45));
#3163 = VECTOR('',#3164,1.);
#3164 = DIRECTION('',(1.,0.,0.));
#3165 = ORIENTED_EDGE('',*,*,#3166,.F.);
#3166 = EDGE_CURVE('',#3167,#3159,#3169,.T.);
#3167 = VERTEX_POINT('',#3168);
#3168 = CARTESIAN_POINT('',(2.14,-4.1,-2.45));
#3169 = LINE('',#3170,#3171);
#3170 = CARTESIAN_POINT('',(2.14,-4.1,-2.45));
#3171 = VECTOR('',#3172,1.);
#3172 = DIRECTION('',(-0.297635408755,-0.954679612988,0.));
#3173 = ORIENTED_EDGE('',*,*,#3174,.F.);
#3174 = EDGE_CURVE('',#3175,#3167,#3177,.T.);
#3175 = VERTEX_POINT('',#3176);
#3176 = CARTESIAN_POINT('',(2.14,-2.85,-2.45));
#3177 = LINE('',#3178,#3179);
#3178 = CARTESIAN_POINT('',(2.14,-2.85,-2.45));
#3179 = VECTOR('',#3180,1.);
#3180 = DIRECTION('',(0.,-1.,0.));
#3181 = ORIENTED_EDGE('',*,*,#3182,.F.);
#3182 = EDGE_CURVE('',#3183,#3175,#3185,.T.);
#3183 = VERTEX_POINT('',#3184);
#3184 = CARTESIAN_POINT('',(2.86,-2.85,-2.45));
#3185 = LINE('',#3186,#3187);
#3186 = CARTESIAN_POINT('',(2.86,-2.85,-2.45));
#3187 = VECTOR('',#3188,1.);
#3188 = DIRECTION('',(-1.,0.,0.));
#3189 = ORIENTED_EDGE('',*,*,#3190,.F.);
#3190 = EDGE_CURVE('',#3191,#3183,#3193,.T.);
#3191 = VERTEX_POINT('',#3192);
#3192 = CARTESIAN_POINT('',(2.86,-4.1,-2.45));
#3193 = LINE('',#3194,#3195);
#3194 = CARTESIAN_POINT('',(2.86,-4.1,-2.45));
#3195 = VECTOR('',#3196,1.);
#3196 = DIRECTION('',(0.,1.,0.));
#3197 = ORIENTED_EDGE('',*,*,#3198,.F.);
#3198 = EDGE_CURVE('',#3199,#3191,#3201,.T.);
#3199 = VERTEX_POINT('',#3200);
#3200 = CARTESIAN_POINT('',(3.125,-4.95,-2.45));
#3201 = LINE('',#3202,#3203);
#3202 = CARTESIAN_POINT('',(3.125,-4.95,-2.45));
#3203 = VECTOR('',#3204,1.);
#3204 = DIRECTION('',(-0.297635408755,0.954679612988,0.));
#3205 = ORIENTED_EDGE('',*,*,#3206,.T.);
#3206 = EDGE_CURVE('',#3199,#1694,#3207,.T.);
#3207 = LINE('',#3208,#3209);
#3208 = CARTESIAN_POINT('',(3.125,-4.95,-2.45));
#3209 = VECTOR('',#3210,1.);
#3210 = DIRECTION('',(1.,0.,0.));
#3211 = ORIENTED_EDGE('',*,*,#1693,.F.);
#3212 = ORIENTED_EDGE('',*,*,#252,.T.);
#3213 = ORIENTED_EDGE('',*,*,#3214,.F.);
#3214 = EDGE_CURVE('',#3215,#245,#3217,.T.);
#3215 = VERTEX_POINT('',#3216);
#3216 = CARTESIAN_POINT('',(-3.45,-1.85,-2.45));
#3217 = LINE('',#3218,#3219);
#3218 = CARTESIAN_POINT('',(-3.45,-1.85,-2.45));
#3219 = VECTOR('',#3220,1.);
#3220 = DIRECTION('',(0.,1.,0.));
#3221 = ORIENTED_EDGE('',*,*,#3222,.F.);
#3222 = EDGE_CURVE('',#404,#3215,#3223,.T.);
#3223 = LINE('',#3224,#3225);
#3224 = CARTESIAN_POINT('',(-4.95,-1.85,-2.45));
#3225 = VECTOR('',#3226,1.);
#3226 = DIRECTION('',(1.,0.,0.));
#3227 = ORIENTED_EDGE('',*,*,#403,.F.);
#3228 = ORIENTED_EDGE('',*,*,#3229,.T.);
#3229 = EDGE_CURVE('',#396,#3230,#3232,.T.);
#3230 = VERTEX_POINT('',#3231);
#3231 = CARTESIAN_POINT('',(-3.125,-4.95,-2.45));
#3232 = LINE('',#3233,#3234);
#3233 = CARTESIAN_POINT('',(-4.95,-4.95,-2.45));
#3234 = VECTOR('',#3235,1.);
#3235 = DIRECTION('',(1.,0.,0.));
#3236 = ORIENTED_EDGE('',*,*,#3237,.F.);
#3237 = EDGE_CURVE('',#3079,#3230,#3238,.T.);
#3238 = LINE('',#3239,#3240);
#3239 = CARTESIAN_POINT('',(-2.86,-4.1,-2.45));
#3240 = VECTOR('',#3241,1.);
#3241 = DIRECTION('',(-0.297635408755,-0.954679612988,0.));
#3242 = PLANE('',#3243);
#3243 = AXIS2_PLACEMENT_3D('',#3244,#3245,#3246);
#3244 = CARTESIAN_POINT('',(4.95,-2.95,-2.45));
#3245 = DIRECTION('',(0.,0.,-1.));
#3246 = DIRECTION('',(-1.,0.,0.));
#3247 = ADVANCED_FACE('',(#3248),#3279,.F.);
#3248 = FACE_BOUND('',#3249,.F.);
#3249 = EDGE_LOOP('',(#3250,#3251,#3259,#3265,#3273));
#3250 = ORIENTED_EDGE('',*,*,#3076,.T.);
#3251 = ORIENTED_EDGE('',*,*,#3252,.F.);
#3252 = EDGE_CURVE('',#3253,#3079,#3255,.T.);
#3253 = VERTEX_POINT('',#3254);
#3254 = CARTESIAN_POINT('',(-2.86,-4.1,-1.45));
#3255 = LINE('',#3256,#3257);
#3256 = CARTESIAN_POINT('',(-2.86,-4.1,-1.45));
#3257 = VECTOR('',#3258,1.);
#3258 = DIRECTION('',(0.,0.,-1.));
#3259 = ORIENTED_EDGE('',*,*,#3260,.F.);
#3260 = EDGE_CURVE('',#626,#3253,#3261,.T.);
#3261 = LINE('',#3262,#3263);
#3262 = CARTESIAN_POINT('',(-2.86,-2.95,-1.45));
#3263 = VECTOR('',#3264,1.);
#3264 = DIRECTION('',(0.,-1.,0.));
#3265 = ORIENTED_EDGE('',*,*,#3266,.F.);
#3266 = EDGE_CURVE('',#3267,#626,#3269,.T.);
#3267 = VERTEX_POINT('',#3268);
#3268 = CARTESIAN_POINT('',(-2.86,-2.85,-1.45));
#3269 = LINE('',#3270,#3271);
#3270 = CARTESIAN_POINT('',(-2.86,-2.85,-1.45));
#3271 = VECTOR('',#3272,1.);
#3272 = DIRECTION('',(0.,-1.,0.));
#3273 = ORIENTED_EDGE('',*,*,#3274,.T.);
#3274 = EDGE_CURVE('',#3267,#3077,#3275,.T.);
#3275 = LINE('',#3276,#3277);
#3276 = CARTESIAN_POINT('',(-2.86,-2.85,-1.45));
#3277 = VECTOR('',#3278,1.);
#3278 = DIRECTION('',(0.,0.,-1.));
#3279 = PLANE('',#3280);
#3280 = AXIS2_PLACEMENT_3D('',#3281,#3282,#3283);
#3281 = CARTESIAN_POINT('',(-2.86,-2.85,-1.45));
#3282 = DIRECTION('',(-1.,0.,0.));
#3283 = DIRECTION('',(0.,-1.,0.));
#3284 = ADVANCED_FACE('',(#3285),#3311,.F.);
#3285 = FACE_BOUND('',#3286,.F.);
#3286 = EDGE_LOOP('',(#3287,#3288,#3296,#3304,#3310));
#3287 = ORIENTED_EDGE('',*,*,#3237,.T.);
#3288 = ORIENTED_EDGE('',*,*,#3289,.F.);
#3289 = EDGE_CURVE('',#3290,#3230,#3292,.T.);
#3290 = VERTEX_POINT('',#3291);
#3291 = CARTESIAN_POINT('',(-3.125,-4.95,-1.95));
#3292 = LINE('',#3293,#3294);
#3293 = CARTESIAN_POINT('',(-3.125,-4.95,-1.95));
#3294 = VECTOR('',#3295,1.);
#3295 = DIRECTION('',(0.,0.,-1.));
#3296 = ORIENTED_EDGE('',*,*,#3297,.F.);
#3297 = EDGE_CURVE('',#3298,#3290,#3300,.T.);
#3298 = VERTEX_POINT('',#3299);
#3299 = CARTESIAN_POINT('',(-2.969117647059,-4.45,-1.45));
#3300 = LINE('',#3301,#3302);
#3301 = CARTESIAN_POINT('',(-2.969117647059,-4.45,-1.45));
#3302 = VECTOR('',#3303,1.);
#3303 = DIRECTION('',(-0.215281797203,-0.690526519329,-0.690526519329));
#3304 = ORIENTED_EDGE('',*,*,#3305,.T.);
#3305 = EDGE_CURVE('',#3298,#3253,#3306,.T.);
#3306 = LINE('',#3307,#3308);
#3307 = CARTESIAN_POINT('',(-2.969117647059,-4.45,-1.45));
#3308 = VECTOR('',#3309,1.);
#3309 = DIRECTION('',(0.297635408755,0.954679612988,0.));
#3310 = ORIENTED_EDGE('',*,*,#3252,.T.);
#3311 = PLANE('',#3312);
#3312 = AXIS2_PLACEMENT_3D('',#3313,#3314,#3315);
#3313 = CARTESIAN_POINT('',(-2.86,-4.1,-1.45));
#3314 = DIRECTION('',(-0.954679612988,0.297635408755,0.));
#3315 = DIRECTION('',(-0.297635408755,-0.954679612988,0.));
#3316 = ADVANCED_FACE('',(#3317),#3335,.T.);
#3317 = FACE_BOUND('',#3318,.F.);
#3318 = EDGE_LOOP('',(#3319,#3327,#3333,#3334));
#3319 = ORIENTED_EDGE('',*,*,#3320,.F.);
#3320 = EDGE_CURVE('',#3321,#3199,#3323,.T.);
#3321 = VERTEX_POINT('',#3322);
#3322 = CARTESIAN_POINT('',(3.125,-4.95,-1.95));
#3323 = LINE('',#3324,#3325);
#3324 = CARTESIAN_POINT('',(3.125,-4.95,-1.95));
#3325 = VECTOR('',#3326,1.);
#3326 = DIRECTION('',(0.,0.,-1.));
#3327 = ORIENTED_EDGE('',*,*,#3328,.T.);
#3328 = EDGE_CURVE('',#3321,#1702,#3329,.T.);
#3329 = LINE('',#3330,#3331);
#3330 = CARTESIAN_POINT('',(3.125,-4.95,-1.95));
#3331 = VECTOR('',#3332,1.);
#3332 = DIRECTION('',(1.,0.,0.));
#3333 = ORIENTED_EDGE('',*,*,#1701,.T.);
#3334 = ORIENTED_EDGE('',*,*,#3206,.F.);
#3335 = PLANE('',#3336);
#3336 = AXIS2_PLACEMENT_3D('',#3337,#3338,#3339);
#3337 = CARTESIAN_POINT('',(-4.95,-4.95,-1.95));
#3338 = DIRECTION('',(0.,-1.,0.));
#3339 = DIRECTION('',(0.,0.,-1.));
#3340 = ADVANCED_FACE('',(#3341),#3366,.T.);
#3341 = FACE_BOUND('',#3342,.F.);
#3342 = EDGE_LOOP('',(#3343,#3351,#3359,#3365));
#3343 = ORIENTED_EDGE('',*,*,#3344,.F.);
#3344 = EDGE_CURVE('',#3345,#3151,#3347,.T.);
#3345 = VERTEX_POINT('',#3346);
#3346 = CARTESIAN_POINT('',(0.625,-4.95,-1.95));
#3347 = LINE('',#3348,#3349);
#3348 = CARTESIAN_POINT('',(0.625,-4.95,-1.95));
#3349 = VECTOR('',#3350,1.);
#3350 = DIRECTION('',(0.,0.,-1.));
#3351 = ORIENTED_EDGE('',*,*,#3352,.T.);
#3352 = EDGE_CURVE('',#3345,#3353,#3355,.T.);
#3353 = VERTEX_POINT('',#3354);
#3354 = CARTESIAN_POINT('',(1.875,-4.95,-1.95));
#3355 = LINE('',#3356,#3357);
#3356 = CARTESIAN_POINT('',(0.625,-4.95,-1.95));
#3357 = VECTOR('',#3358,1.);
#3358 = DIRECTION('',(1.,0.,0.));
#3359 = ORIENTED_EDGE('',*,*,#3360,.T.);
#3360 = EDGE_CURVE('',#3353,#3159,#3361,.T.);
#3361 = LINE('',#3362,#3363);
#3362 = CARTESIAN_POINT('',(1.875,-4.95,-1.95));
#3363 = VECTOR('',#3364,1.);
#3364 = DIRECTION('',(0.,0.,-1.));
#3365 = ORIENTED_EDGE('',*,*,#3158,.F.);
#3366 = PLANE('',#3367);
#3367 = AXIS2_PLACEMENT_3D('',#3368,#3369,#3370);
#3368 = CARTESIAN_POINT('',(-4.95,-4.95,-1.95));
#3369 = DIRECTION('',(0.,-1.,0.));
#3370 = DIRECTION('',(0.,0.,-1.));
#3371 = ADVANCED_FACE('',(#3372),#3383,.T.);
#3372 = FACE_BOUND('',#3373,.F.);
#3373 = EDGE_LOOP('',(#3374,#3375,#3376,#3377));
#3374 = ORIENTED_EDGE('',*,*,#3289,.T.);
#3375 = ORIENTED_EDGE('',*,*,#3229,.F.);
#3376 = ORIENTED_EDGE('',*,*,#395,.F.);
#3377 = ORIENTED_EDGE('',*,*,#3378,.T.);
#3378 = EDGE_CURVE('',#388,#3290,#3379,.T.);
#3379 = LINE('',#3380,#3381);
#3380 = CARTESIAN_POINT('',(-4.95,-4.95,-1.95));
#3381 = VECTOR('',#3382,1.);
#3382 = DIRECTION('',(1.,0.,0.));
#3383 = PLANE('',#3384);
#3384 = AXIS2_PLACEMENT_3D('',#3385,#3386,#3387);
#3385 = CARTESIAN_POINT('',(-4.95,-4.95,-1.95));
#3386 = DIRECTION('',(0.,-1.,0.));
#3387 = DIRECTION('',(0.,0.,-1.));
#3388 = ADVANCED_FACE('',(#3389),#3414,.T.);
#3389 = FACE_BOUND('',#3390,.F.);
#3390 = EDGE_LOOP('',(#3391,#3399,#3407,#3413));
#3391 = ORIENTED_EDGE('',*,*,#3392,.F.);
#3392 = EDGE_CURVE('',#3393,#3103,#3395,.T.);
#3393 = VERTEX_POINT('',#3394);
#3394 = CARTESIAN_POINT('',(-1.875,-4.95,-1.95));
#3395 = LINE('',#3396,#3397);
#3396 = CARTESIAN_POINT('',(-1.875,-4.95,-1.95));
#3397 = VECTOR('',#3398,1.);
#3398 = DIRECTION('',(0.,0.,-1.));
#3399 = ORIENTED_EDGE('',*,*,#3400,.T.);
#3400 = EDGE_CURVE('',#3393,#3401,#3403,.T.);
#3401 = VERTEX_POINT('',#3402);
#3402 = CARTESIAN_POINT('',(-0.625,-4.95,-1.95));
#3403 = LINE('',#3404,#3405);
#3404 = CARTESIAN_POINT('',(-1.875,-4.95,-1.95));
#3405 = VECTOR('',#3406,1.);
#3406 = DIRECTION('',(1.,0.,0.));
#3407 = ORIENTED_EDGE('',*,*,#3408,.T.);
#3408 = EDGE_CURVE('',#3401,#3111,#3409,.T.);
#3409 = LINE('',#3410,#3411);
#3410 = CARTESIAN_POINT('',(-0.625,-4.95,-1.95));
#3411 = VECTOR('',#3412,1.);
#3412 = DIRECTION('',(0.,0.,-1.));
#3413 = ORIENTED_EDGE('',*,*,#3110,.F.);
#3414 = PLANE('',#3415);
#3415 = AXIS2_PLACEMENT_3D('',#3416,#3417,#3418);
#3416 = CARTESIAN_POINT('',(-4.95,-4.95,-1.95));
#3417 = DIRECTION('',(0.,-1.,0.));
#3418 = DIRECTION('',(0.,0.,-1.));
#3419 = ADVANCED_FACE('',(#3420),#3446,.F.);
#3420 = FACE_BOUND('',#3421,.F.);
#3421 = EDGE_LOOP('',(#3422,#3423,#3431,#3439,#3445));
#3422 = ORIENTED_EDGE('',*,*,#3198,.T.);
#3423 = ORIENTED_EDGE('',*,*,#3424,.F.);
#3424 = EDGE_CURVE('',#3425,#3191,#3427,.T.);
#3425 = VERTEX_POINT('',#3426);
#3426 = CARTESIAN_POINT('',(2.86,-4.1,-1.45));
#3427 = LINE('',#3428,#3429);
#3428 = CARTESIAN_POINT('',(2.86,-4.1,-1.45));
#3429 = VECTOR('',#3430,1.);
#3430 = DIRECTION('',(0.,0.,-1.));
#3431 = ORIENTED_EDGE('',*,*,#3432,.F.);
#3432 = EDGE_CURVE('',#3433,#3425,#3435,.T.);
#3433 = VERTEX_POINT('',#3434);
#3434 = CARTESIAN_POINT('',(2.969117647059,-4.45,-1.45));
#3435 = LINE('',#3436,#3437);
#3436 = CARTESIAN_POINT('',(2.969117647059,-4.45,-1.45));
#3437 = VECTOR('',#3438,1.);
#3438 = DIRECTION('',(-0.297635408755,0.954679612988,0.));
#3439 = ORIENTED_EDGE('',*,*,#3440,.T.);
#3440 = EDGE_CURVE('',#3433,#3321,#3441,.T.);
#3441 = LINE('',#3442,#3443);
#3442 = CARTESIAN_POINT('',(2.969117647059,-4.45,-1.45));
#3443 = VECTOR('',#3444,1.);
#3444 = DIRECTION('',(0.215281797203,-0.690526519329,-0.690526519329));
#3445 = ORIENTED_EDGE('',*,*,#3320,.T.);
#3446 = PLANE('',#3447);
#3447 = AXIS2_PLACEMENT_3D('',#3448,#3449,#3450);
#3448 = CARTESIAN_POINT('',(3.125,-4.95,-1.45));
#3449 = DIRECTION('',(0.954679612988,0.297635408755,0.));
#3450 = DIRECTION('',(-0.297635408755,0.954679612988,0.));
#3451 = ADVANCED_FACE('',(#3452),#3476,.F.);
#3452 = FACE_BOUND('',#3453,.F.);
#3453 = EDGE_LOOP('',(#3454,#3455,#3463,#3469,#3475));
#3454 = ORIENTED_EDGE('',*,*,#3190,.T.);
#3455 = ORIENTED_EDGE('',*,*,#3456,.F.);
#3456 = EDGE_CURVE('',#3457,#3183,#3459,.T.);
#3457 = VERTEX_POINT('',#3458);
#3458 = CARTESIAN_POINT('',(2.86,-2.85,-1.45));
#3459 = LINE('',#3460,#3461);
#3460 = CARTESIAN_POINT('',(2.86,-2.85,-1.45));
#3461 = VECTOR('',#3462,1.);
#3462 = DIRECTION('',(0.,0.,-1.));
#3463 = ORIENTED_EDGE('',*,*,#3464,.F.);
#3464 = EDGE_CURVE('',#586,#3457,#3465,.T.);
#3465 = LINE('',#3466,#3467);
#3466 = CARTESIAN_POINT('',(2.86,-2.95,-1.45));
#3467 = VECTOR('',#3468,1.);
#3468 = DIRECTION('',(0.,1.,0.));
#3469 = ORIENTED_EDGE('',*,*,#3470,.T.);
#3470 = EDGE_CURVE('',#586,#3425,#3471,.T.);
#3471 = LINE('',#3472,#3473);
#3472 = CARTESIAN_POINT('',(2.86,-2.95,-1.45));
#3473 = VECTOR('',#3474,1.);
#3474 = DIRECTION('',(0.,-1.,0.));
#3475 = ORIENTED_EDGE('',*,*,#3424,.T.);
#3476 = PLANE('',#3477);
#3477 = AXIS2_PLACEMENT_3D('',#3478,#3479,#3480);
#3478 = CARTESIAN_POINT('',(2.86,-4.1,-1.45));
#3479 = DIRECTION('',(1.,0.,0.));
#3480 = DIRECTION('',(-0.,1.,0.));
#3481 = ADVANCED_FACE('',(#3482),#3500,.F.);
#3482 = FACE_BOUND('',#3483,.F.);
#3483 = EDGE_LOOP('',(#3484,#3485,#3493,#3499));
#3484 = ORIENTED_EDGE('',*,*,#3182,.T.);
#3485 = ORIENTED_EDGE('',*,*,#3486,.F.);
#3486 = EDGE_CURVE('',#3487,#3175,#3489,.T.);
#3487 = VERTEX_POINT('',#3488);
#3488 = CARTESIAN_POINT('',(2.14,-2.85,-1.45));
#3489 = LINE('',#3490,#3491);
#3490 = CARTESIAN_POINT('',(2.14,-2.85,-1.45));
#3491 = VECTOR('',#3492,1.);
#3492 = DIRECTION('',(0.,0.,-1.));
#3493 = ORIENTED_EDGE('',*,*,#3494,.F.);
#3494 = EDGE_CURVE('',#3457,#3487,#3495,.T.);
#3495 = LINE('',#3496,#3497);
#3496 = CARTESIAN_POINT('',(2.86,-2.85,-1.45));
#3497 = VECTOR('',#3498,1.);
#3498 = DIRECTION('',(-1.,0.,0.));
#3499 = ORIENTED_EDGE('',*,*,#3456,.T.);
#3500 = PLANE('',#3501);
#3501 = AXIS2_PLACEMENT_3D('',#3502,#3503,#3504);
#3502 = CARTESIAN_POINT('',(2.86,-2.85,-1.45));
#3503 = DIRECTION('',(0.,1.,0.));
#3504 = DIRECTION('',(-1.,0.,0.));
#3505 = ADVANCED_FACE('',(#3506),#3530,.F.);
#3506 = FACE_BOUND('',#3507,.F.);
#3507 = EDGE_LOOP('',(#3508,#3509,#3517,#3523,#3529));
#3508 = ORIENTED_EDGE('',*,*,#3174,.T.);
#3509 = ORIENTED_EDGE('',*,*,#3510,.F.);
#3510 = EDGE_CURVE('',#3511,#3167,#3513,.T.);
#3511 = VERTEX_POINT('',#3512);
#3512 = CARTESIAN_POINT('',(2.14,-4.1,-1.45));
#3513 = LINE('',#3514,#3515);
#3514 = CARTESIAN_POINT('',(2.14,-4.1,-1.45));
#3515 = VECTOR('',#3516,1.);
#3516 = DIRECTION('',(0.,0.,-1.));
#3517 = ORIENTED_EDGE('',*,*,#3518,.F.);
#3518 = EDGE_CURVE('',#594,#3511,#3519,.T.);
#3519 = LINE('',#3520,#3521);
#3520 = CARTESIAN_POINT('',(2.14,-2.95,-1.45));
#3521 = VECTOR('',#3522,1.);
#3522 = DIRECTION('',(0.,-1.,0.));
#3523 = ORIENTED_EDGE('',*,*,#3524,.F.);
#3524 = EDGE_CURVE('',#3487,#594,#3525,.T.);
#3525 = LINE('',#3526,#3527);
#3526 = CARTESIAN_POINT('',(2.14,-2.85,-1.45));
#3527 = VECTOR('',#3528,1.);
#3528 = DIRECTION('',(0.,-1.,0.));
#3529 = ORIENTED_EDGE('',*,*,#3486,.T.);
#3530 = PLANE('',#3531);
#3531 = AXIS2_PLACEMENT_3D('',#3532,#3533,#3534);
#3532 = CARTESIAN_POINT('',(2.14,-2.85,-1.45));
#3533 = DIRECTION('',(-1.,0.,0.));
#3534 = DIRECTION('',(0.,-1.,0.));
#3535 = ADVANCED_FACE('',(#3536),#3555,.F.);
#3536 = FACE_BOUND('',#3537,.F.);
#3537 = EDGE_LOOP('',(#3538,#3539,#3540,#3548,#3554));
#3538 = ORIENTED_EDGE('',*,*,#3166,.T.);
#3539 = ORIENTED_EDGE('',*,*,#3360,.F.);
#3540 = ORIENTED_EDGE('',*,*,#3541,.F.);
#3541 = EDGE_CURVE('',#3542,#3353,#3544,.T.);
#3542 = VERTEX_POINT('',#3543);
#3543 = CARTESIAN_POINT('',(2.030882352941,-4.45,-1.45));
#3544 = LINE('',#3545,#3546);
#3545 = CARTESIAN_POINT('',(2.030882352941,-4.45,-1.45));
#3546 = VECTOR('',#3547,1.);
#3547 = DIRECTION('',(-0.215281797203,-0.690526519329,-0.690526519329));
#3548 = ORIENTED_EDGE('',*,*,#3549,.T.);
#3549 = EDGE_CURVE('',#3542,#3511,#3550,.T.);
#3550 = LINE('',#3551,#3552);
#3551 = CARTESIAN_POINT('',(2.030882352941,-4.45,-1.45));
#3552 = VECTOR('',#3553,1.);
#3553 = DIRECTION('',(0.297635408755,0.954679612988,0.));
#3554 = ORIENTED_EDGE('',*,*,#3510,.T.);
#3555 = PLANE('',#3556);
#3556 = AXIS2_PLACEMENT_3D('',#3557,#3558,#3559);
#3557 = CARTESIAN_POINT('',(2.14,-4.1,-1.45));
#3558 = DIRECTION('',(-0.954679612988,0.297635408755,0.));
#3559 = DIRECTION('',(-0.297635408755,-0.954679612988,0.));
#3560 = ADVANCED_FACE('',(#3561),#3572,.T.);
#3561 = FACE_BOUND('',#3562,.F.);
#3562 = EDGE_LOOP('',(#3563,#3564,#3570,#3571));
#3563 = ORIENTED_EDGE('',*,*,#3440,.F.);
#3564 = ORIENTED_EDGE('',*,*,#3565,.T.);
#3565 = EDGE_CURVE('',#3433,#1710,#3566,.T.);
#3566 = LINE('',#3567,#3568);
#3567 = CARTESIAN_POINT('',(2.969117647059,-4.45,-1.45));
#3568 = VECTOR('',#3569,1.);
#3569 = DIRECTION('',(1.,0.,0.));
#3570 = ORIENTED_EDGE('',*,*,#1709,.T.);
#3571 = ORIENTED_EDGE('',*,*,#3328,.F.);
#3572 = PLANE('',#3573);
#3573 = AXIS2_PLACEMENT_3D('',#3574,#3575,#3576);
#3574 = CARTESIAN_POINT('',(-4.95,-4.45,-1.45));
#3575 = DIRECTION('',(0.,-0.707106781187,0.707106781187));
#3576 = DIRECTION('',(0.,-0.707106781187,-0.707106781187));
#3577 = ADVANCED_FACE('',(#3578),#3596,.T.);
#3578 = FACE_BOUND('',#3579,.F.);
#3579 = EDGE_LOOP('',(#3580,#3588,#3594,#3595));
#3580 = ORIENTED_EDGE('',*,*,#3581,.F.);
#3581 = EDGE_CURVE('',#3582,#3345,#3584,.T.);
#3582 = VERTEX_POINT('',#3583);
#3583 = CARTESIAN_POINT('',(0.469117647059,-4.45,-1.45));
#3584 = LINE('',#3585,#3586);
#3585 = CARTESIAN_POINT('',(0.469117647059,-4.45,-1.45));
#3586 = VECTOR('',#3587,1.);
#3587 = DIRECTION('',(0.215281797203,-0.690526519329,-0.690526519329));
#3588 = ORIENTED_EDGE('',*,*,#3589,.T.);
#3589 = EDGE_CURVE('',#3582,#3542,#3590,.T.);
#3590 = LINE('',#3591,#3592);
#3591 = CARTESIAN_POINT('',(0.469117647059,-4.45,-1.45));
#3592 = VECTOR('',#3593,1.);
#3593 = DIRECTION('',(1.,0.,0.));
#3594 = ORIENTED_EDGE('',*,*,#3541,.T.);
#3595 = ORIENTED_EDGE('',*,*,#3352,.F.);
#3596 = PLANE('',#3597);
#3597 = AXIS2_PLACEMENT_3D('',#3598,#3599,#3600);
#3598 = CARTESIAN_POINT('',(-4.95,-4.45,-1.45));
#3599 = DIRECTION('',(0.,-0.707106781187,0.707106781187));
#3600 = DIRECTION('',(0.,-0.707106781187,-0.707106781187));
#3601 = ADVANCED_FACE('',(#3602),#3613,.T.);
#3602 = FACE_BOUND('',#3603,.F.);
#3603 = EDGE_LOOP('',(#3604,#3605,#3606,#3607));
#3604 = ORIENTED_EDGE('',*,*,#3297,.T.);
#3605 = ORIENTED_EDGE('',*,*,#3378,.F.);
#3606 = ORIENTED_EDGE('',*,*,#387,.F.);
#3607 = ORIENTED_EDGE('',*,*,#3608,.T.);
#3608 = EDGE_CURVE('',#380,#3298,#3609,.T.);
#3609 = LINE('',#3610,#3611);
#3610 = CARTESIAN_POINT('',(-4.95,-4.45,-1.45));
#3611 = VECTOR('',#3612,1.);
#3612 = DIRECTION('',(1.,0.,0.));
#3613 = PLANE('',#3614);
#3614 = AXIS2_PLACEMENT_3D('',#3615,#3616,#3617);
#3615 = CARTESIAN_POINT('',(-4.95,-4.45,-1.45));
#3616 = DIRECTION('',(0.,-0.707106781187,0.707106781187));
#3617 = DIRECTION('',(0.,-0.707106781187,-0.707106781187));
#3618 = ADVANCED_FACE('',(#3619),#3644,.T.);
#3619 = FACE_BOUND('',#3620,.F.);
#3620 = EDGE_LOOP('',(#3621,#3629,#3637,#3643));
#3621 = ORIENTED_EDGE('',*,*,#3622,.F.);
#3622 = EDGE_CURVE('',#3623,#3393,#3625,.T.);
#3623 = VERTEX_POINT('',#3624);
#3624 = CARTESIAN_POINT('',(-2.030882352941,-4.45,-1.45));
#3625 = LINE('',#3626,#3627);
#3626 = CARTESIAN_POINT('',(-2.030882352941,-4.45,-1.45));
#3627 = VECTOR('',#3628,1.);
#3628 = DIRECTION('',(0.215281797203,-0.690526519329,-0.690526519329));
#3629 = ORIENTED_EDGE('',*,*,#3630,.T.);
#3630 = EDGE_CURVE('',#3623,#3631,#3633,.T.);
#3631 = VERTEX_POINT('',#3632);
#3632 = CARTESIAN_POINT('',(-0.469117647059,-4.45,-1.45));
#3633 = LINE('',#3634,#3635);
#3634 = CARTESIAN_POINT('',(-2.030882352941,-4.45,-1.45));
#3635 = VECTOR('',#3636,1.);
#3636 = DIRECTION('',(1.,0.,0.));
#3637 = ORIENTED_EDGE('',*,*,#3638,.T.);
#3638 = EDGE_CURVE('',#3631,#3401,#3639,.T.);
#3639 = LINE('',#3640,#3641);
#3640 = CARTESIAN_POINT('',(-0.469117647059,-4.45,-1.45));
#3641 = VECTOR('',#3642,1.);
#3642 = DIRECTION('',(-0.215281797203,-0.690526519329,-0.690526519329));
#3643 = ORIENTED_EDGE('',*,*,#3400,.F.);
#3644 = PLANE('',#3645);
#3645 = AXIS2_PLACEMENT_3D('',#3646,#3647,#3648);
#3646 = CARTESIAN_POINT('',(-4.95,-4.45,-1.45));
#3647 = DIRECTION('',(0.,-0.707106781187,0.707106781187));
#3648 = DIRECTION('',(0.,-0.707106781187,-0.707106781187));
#3649 = ADVANCED_FACE('',(#3650),#3657,.T.);
#3650 = FACE_BOUND('',#3651,.F.);
#3651 = EDGE_LOOP('',(#3652,#3653,#3654,#3655,#3656));
#3652 = ORIENTED_EDGE('',*,*,#3432,.T.);
#3653 = ORIENTED_EDGE('',*,*,#3470,.F.);
#3654 = ORIENTED_EDGE('',*,*,#585,.T.);
#3655 = ORIENTED_EDGE('',*,*,#1717,.T.);
#3656 = ORIENTED_EDGE('',*,*,#3565,.F.);
#3657 = PLANE('',#3658);
#3658 = AXIS2_PLACEMENT_3D('',#3659,#3660,#3661);
#3659 = CARTESIAN_POINT('',(-4.95,-2.85,-1.45));
#3660 = DIRECTION('',(0.,0.,1.));
#3661 = DIRECTION('',(0.,-1.,0.));
#3662 = ADVANCED_FACE('',(#3663),#3683,.T.);
#3663 = FACE_BOUND('',#3664,.F.);
#3664 = EDGE_LOOP('',(#3665,#3673,#3679,#3680,#3681,#3682));
#3665 = ORIENTED_EDGE('',*,*,#3666,.T.);
#3666 = EDGE_CURVE('',#3582,#3667,#3669,.T.);
#3667 = VERTEX_POINT('',#3668);
#3668 = CARTESIAN_POINT('',(0.36,-4.1,-1.45));
#3669 = LINE('',#3670,#3671);
#3670 = CARTESIAN_POINT('',(0.469117647059,-4.45,-1.45));
#3671 = VECTOR('',#3672,1.);
#3672 = DIRECTION('',(-0.297635408755,0.954679612988,0.));
#3673 = ORIENTED_EDGE('',*,*,#3674,.F.);
#3674 = EDGE_CURVE('',#602,#3667,#3675,.T.);
#3675 = LINE('',#3676,#3677);
#3676 = CARTESIAN_POINT('',(0.36,-2.95,-1.45));
#3677 = VECTOR('',#3678,1.);
#3678 = DIRECTION('',(0.,-1.,0.));
#3679 = ORIENTED_EDGE('',*,*,#601,.T.);
#3680 = ORIENTED_EDGE('',*,*,#3518,.T.);
#3681 = ORIENTED_EDGE('',*,*,#3549,.F.);
#3682 = ORIENTED_EDGE('',*,*,#3589,.F.);
#3683 = PLANE('',#3684);
#3684 = AXIS2_PLACEMENT_3D('',#3685,#3686,#3687);
#3685 = CARTESIAN_POINT('',(-4.95,-2.85,-1.45));
#3686 = DIRECTION('',(0.,0.,1.));
#3687 = DIRECTION('',(0.,-1.,0.));
#3688 = ADVANCED_FACE('',(#3689),#3696,.T.);
#3689 = FACE_BOUND('',#3690,.F.);
#3690 = EDGE_LOOP('',(#3691,#3692,#3693,#3694,#3695));
#3691 = ORIENTED_EDGE('',*,*,#3260,.T.);
#3692 = ORIENTED_EDGE('',*,*,#3305,.F.);
#3693 = ORIENTED_EDGE('',*,*,#3608,.F.);
#3694 = ORIENTED_EDGE('',*,*,#379,.F.);
#3695 = ORIENTED_EDGE('',*,*,#633,.T.);
#3696 = PLANE('',#3697);
#3697 = AXIS2_PLACEMENT_3D('',#3698,#3699,#3700);
#3698 = CARTESIAN_POINT('',(-4.95,-2.85,-1.45));
#3699 = DIRECTION('',(0.,0.,1.));
#3700 = DIRECTION('',(0.,-1.,0.));
#3701 = ADVANCED_FACE('',(#3702),#3734,.T.);
#3702 = FACE_BOUND('',#3703,.F.);
#3703 = EDGE_LOOP('',(#3704,#3712,#3718,#3719,#3727,#3733));
#3704 = ORIENTED_EDGE('',*,*,#3705,.T.);
#3705 = EDGE_CURVE('',#3623,#3706,#3708,.T.);
#3706 = VERTEX_POINT('',#3707);
#3707 = CARTESIAN_POINT('',(-2.14,-4.1,-1.45));
#3708 = LINE('',#3709,#3710);
#3709 = CARTESIAN_POINT('',(-2.030882352941,-4.45,-1.45));
#3710 = VECTOR('',#3711,1.);
#3711 = DIRECTION('',(-0.297635408755,0.954679612988,0.));
#3712 = ORIENTED_EDGE('',*,*,#3713,.F.);
#3713 = EDGE_CURVE('',#618,#3706,#3714,.T.);
#3714 = LINE('',#3715,#3716);
#3715 = CARTESIAN_POINT('',(-2.14,-2.95,-1.45));
#3716 = VECTOR('',#3717,1.);
#3717 = DIRECTION('',(0.,-1.,0.));
#3718 = ORIENTED_EDGE('',*,*,#617,.T.);
#3719 = ORIENTED_EDGE('',*,*,#3720,.T.);
#3720 = EDGE_CURVE('',#610,#3721,#3723,.T.);
#3721 = VERTEX_POINT('',#3722);
#3722 = CARTESIAN_POINT('',(-0.36,-4.1,-1.45));
#3723 = LINE('',#3724,#3725);
#3724 = CARTESIAN_POINT('',(-0.36,-2.95,-1.45));
#3725 = VECTOR('',#3726,1.);
#3726 = DIRECTION('',(0.,-1.,0.));
#3727 = ORIENTED_EDGE('',*,*,#3728,.F.);
#3728 = EDGE_CURVE('',#3631,#3721,#3729,.T.);
#3729 = LINE('',#3730,#3731);
#3730 = CARTESIAN_POINT('',(-0.469117647059,-4.45,-1.45));
#3731 = VECTOR('',#3732,1.);
#3732 = DIRECTION('',(0.297635408755,0.954679612988,0.));
#3733 = ORIENTED_EDGE('',*,*,#3630,.F.);
#3734 = PLANE('',#3735);
#3735 = AXIS2_PLACEMENT_3D('',#3736,#3737,#3738);
#3736 = CARTESIAN_POINT('',(-4.95,-2.85,-1.45));
#3737 = DIRECTION('',(0.,0.,1.));
#3738 = DIRECTION('',(0.,-1.,0.));
#3739 = ADVANCED_FACE('',(#3740),#3752,.F.);
#3740 = FACE_BOUND('',#3741,.F.);
#3741 = EDGE_LOOP('',(#3742,#3743,#3749,#3750,#3751));
#3742 = ORIENTED_EDGE('',*,*,#3150,.T.);
#3743 = ORIENTED_EDGE('',*,*,#3744,.F.);
#3744 = EDGE_CURVE('',#3667,#3143,#3745,.T.);
#3745 = LINE('',#3746,#3747);
#3746 = CARTESIAN_POINT('',(0.36,-4.1,-1.45));
#3747 = VECTOR('',#3748,1.);
#3748 = DIRECTION('',(0.,0.,-1.));
#3749 = ORIENTED_EDGE('',*,*,#3666,.F.);
#3750 = ORIENTED_EDGE('',*,*,#3581,.T.);
#3751 = ORIENTED_EDGE('',*,*,#3344,.T.);
#3752 = PLANE('',#3753);
#3753 = AXIS2_PLACEMENT_3D('',#3754,#3755,#3756);
#3754 = CARTESIAN_POINT('',(0.625,-4.95,-1.45));
#3755 = DIRECTION('',(0.954679612988,0.297635408755,0.));
#3756 = DIRECTION('',(-0.297635408755,0.954679612988,0.));
#3757 = ADVANCED_FACE('',(#3758),#3777,.F.);
#3758 = FACE_BOUND('',#3759,.F.);
#3759 = EDGE_LOOP('',(#3760,#3761,#3769,#3775,#3776));
#3760 = ORIENTED_EDGE('',*,*,#3142,.T.);
#3761 = ORIENTED_EDGE('',*,*,#3762,.F.);
#3762 = EDGE_CURVE('',#3763,#3135,#3765,.T.);
#3763 = VERTEX_POINT('',#3764);
#3764 = CARTESIAN_POINT('',(0.36,-2.85,-1.45));
#3765 = LINE('',#3766,#3767);
#3766 = CARTESIAN_POINT('',(0.36,-2.85,-1.45));
#3767 = VECTOR('',#3768,1.);
#3768 = DIRECTION('',(0.,0.,-1.));
#3769 = ORIENTED_EDGE('',*,*,#3770,.F.);
#3770 = EDGE_CURVE('',#602,#3763,#3771,.T.);
#3771 = LINE('',#3772,#3773);
#3772 = CARTESIAN_POINT('',(0.36,-2.95,-1.45));
#3773 = VECTOR('',#3774,1.);
#3774 = DIRECTION('',(0.,1.,0.));
#3775 = ORIENTED_EDGE('',*,*,#3674,.T.);
#3776 = ORIENTED_EDGE('',*,*,#3744,.T.);
#3777 = PLANE('',#3778);
#3778 = AXIS2_PLACEMENT_3D('',#3779,#3780,#3781);
#3779 = CARTESIAN_POINT('',(0.36,-4.1,-1.45));
#3780 = DIRECTION('',(1.,0.,0.));
#3781 = DIRECTION('',(-0.,1.,0.));
#3782 = ADVANCED_FACE('',(#3783),#3801,.F.);
#3783 = FACE_BOUND('',#3784,.F.);
#3784 = EDGE_LOOP('',(#3785,#3786,#3794,#3800));
#3785 = ORIENTED_EDGE('',*,*,#3134,.T.);
#3786 = ORIENTED_EDGE('',*,*,#3787,.F.);
#3787 = EDGE_CURVE('',#3788,#3127,#3790,.T.);
#3788 = VERTEX_POINT('',#3789);
#3789 = CARTESIAN_POINT('',(-0.36,-2.85,-1.45));
#3790 = LINE('',#3791,#3792);
#3791 = CARTESIAN_POINT('',(-0.36,-2.85,-1.45));
#3792 = VECTOR('',#3793,1.);
#3793 = DIRECTION('',(0.,0.,-1.));
#3794 = ORIENTED_EDGE('',*,*,#3795,.F.);
#3795 = EDGE_CURVE('',#3763,#3788,#3796,.T.);
#3796 = LINE('',#3797,#3798);
#3797 = CARTESIAN_POINT('',(0.36,-2.85,-1.45));
#3798 = VECTOR('',#3799,1.);
#3799 = DIRECTION('',(-1.,0.,0.));
#3800 = ORIENTED_EDGE('',*,*,#3762,.T.);
#3801 = PLANE('',#3802);
#3802 = AXIS2_PLACEMENT_3D('',#3803,#3804,#3805);
#3803 = CARTESIAN_POINT('',(0.36,-2.85,-1.45));
#3804 = DIRECTION('',(0.,1.,0.));
#3805 = DIRECTION('',(-1.,0.,0.));
#3806 = ADVANCED_FACE('',(#3807),#3824,.F.);
#3807 = FACE_BOUND('',#3808,.F.);
#3808 = EDGE_LOOP('',(#3809,#3810,#3816,#3817,#3823));
#3809 = ORIENTED_EDGE('',*,*,#3126,.T.);
#3810 = ORIENTED_EDGE('',*,*,#3811,.F.);
#3811 = EDGE_CURVE('',#3721,#3119,#3812,.T.);
#3812 = LINE('',#3813,#3814);
#3813 = CARTESIAN_POINT('',(-0.36,-4.1,-1.45));
#3814 = VECTOR('',#3815,1.);
#3815 = DIRECTION('',(0.,0.,-1.));
#3816 = ORIENTED_EDGE('',*,*,#3720,.F.);
#3817 = ORIENTED_EDGE('',*,*,#3818,.F.);
#3818 = EDGE_CURVE('',#3788,#610,#3819,.T.);
#3819 = LINE('',#3820,#3821);
#3820 = CARTESIAN_POINT('',(-0.36,-2.85,-1.45));
#3821 = VECTOR('',#3822,1.);
#3822 = DIRECTION('',(0.,-1.,0.));
#3823 = ORIENTED_EDGE('',*,*,#3787,.T.);
#3824 = PLANE('',#3825);
#3825 = AXIS2_PLACEMENT_3D('',#3826,#3827,#3828);
#3826 = CARTESIAN_POINT('',(-0.36,-2.85,-1.45));
#3827 = DIRECTION('',(-1.,0.,0.));
#3828 = DIRECTION('',(0.,-1.,0.));
#3829 = ADVANCED_FACE('',(#3830),#3837,.F.);
#3830 = FACE_BOUND('',#3831,.F.);
#3831 = EDGE_LOOP('',(#3832,#3833,#3834,#3835,#3836));
#3832 = ORIENTED_EDGE('',*,*,#3118,.T.);
#3833 = ORIENTED_EDGE('',*,*,#3408,.F.);
#3834 = ORIENTED_EDGE('',*,*,#3638,.F.);
#3835 = ORIENTED_EDGE('',*,*,#3728,.T.);
#3836 = ORIENTED_EDGE('',*,*,#3811,.T.);
#3837 = PLANE('',#3838);
#3838 = AXIS2_PLACEMENT_3D('',#3839,#3840,#3841);
#3839 = CARTESIAN_POINT('',(-0.36,-4.1,-1.45));
#3840 = DIRECTION('',(-0.954679612988,0.297635408755,0.));
#3841 = DIRECTION('',(-0.297635408755,-0.954679612988,0.));
#3842 = ADVANCED_FACE('',(#3843),#3849,.F.);
#3843 = FACE_BOUND('',#3844,.F.);
#3844 = EDGE_LOOP('',(#3845,#3846,#3847,#3848));
#3845 = ORIENTED_EDGE('',*,*,#609,.T.);
#3846 = ORIENTED_EDGE('',*,*,#3770,.T.);
#3847 = ORIENTED_EDGE('',*,*,#3795,.T.);
#3848 = ORIENTED_EDGE('',*,*,#3818,.T.);
#3849 = PLANE('',#3850);
#3850 = AXIS2_PLACEMENT_3D('',#3851,#3852,#3853);
#3851 = CARTESIAN_POINT('',(-4.95,-2.85,-1.45));
#3852 = DIRECTION('',(0.,0.,1.));
#3853 = DIRECTION('',(1.,0.,-0.));
#3854 = ADVANCED_FACE('',(#3855),#3867,.F.);
#3855 = FACE_BOUND('',#3856,.F.);
#3856 = EDGE_LOOP('',(#3857,#3858,#3864,#3865,#3866));
#3857 = ORIENTED_EDGE('',*,*,#3102,.T.);
#3858 = ORIENTED_EDGE('',*,*,#3859,.F.);
#3859 = EDGE_CURVE('',#3706,#3095,#3860,.T.);
#3860 = LINE('',#3861,#3862);
#3861 = CARTESIAN_POINT('',(-2.14,-4.1,-1.45));
#3862 = VECTOR('',#3863,1.);
#3863 = DIRECTION('',(0.,0.,-1.));
#3864 = ORIENTED_EDGE('',*,*,#3705,.F.);
#3865 = ORIENTED_EDGE('',*,*,#3622,.T.);
#3866 = ORIENTED_EDGE('',*,*,#3392,.T.);
#3867 = PLANE('',#3868);
#3868 = AXIS2_PLACEMENT_3D('',#3869,#3870,#3871);
#3869 = CARTESIAN_POINT('',(-1.875,-4.95,-1.45));
#3870 = DIRECTION('',(0.954679612988,0.297635408755,0.));
#3871 = DIRECTION('',(-0.297635408755,0.954679612988,0.));
#3872 = ADVANCED_FACE('',(#3873),#3892,.F.);
#3873 = FACE_BOUND('',#3874,.F.);
#3874 = EDGE_LOOP('',(#3875,#3876,#3884,#3890,#3891));
#3875 = ORIENTED_EDGE('',*,*,#3094,.T.);
#3876 = ORIENTED_EDGE('',*,*,#3877,.F.);
#3877 = EDGE_CURVE('',#3878,#3087,#3880,.T.);
#3878 = VERTEX_POINT('',#3879);
#3879 = CARTESIAN_POINT('',(-2.14,-2.85,-1.45));
#3880 = LINE('',#3881,#3882);
#3881 = CARTESIAN_POINT('',(-2.14,-2.85,-1.45));
#3882 = VECTOR('',#3883,1.);
#3883 = DIRECTION('',(0.,0.,-1.));
#3884 = ORIENTED_EDGE('',*,*,#3885,.F.);
#3885 = EDGE_CURVE('',#618,#3878,#3886,.T.);
#3886 = LINE('',#3887,#3888);
#3887 = CARTESIAN_POINT('',(-2.14,-2.95,-1.45));
#3888 = VECTOR('',#3889,1.);
#3889 = DIRECTION('',(0.,1.,0.));
#3890 = ORIENTED_EDGE('',*,*,#3713,.T.);
#3891 = ORIENTED_EDGE('',*,*,#3859,.T.);
#3892 = PLANE('',#3893);
#3893 = AXIS2_PLACEMENT_3D('',#3894,#3895,#3896);
#3894 = CARTESIAN_POINT('',(-2.14,-4.1,-1.45));
#3895 = DIRECTION('',(1.,0.,0.));
#3896 = DIRECTION('',(-0.,1.,0.));
#3897 = ADVANCED_FACE('',(#3898),#3909,.F.);
#3898 = FACE_BOUND('',#3899,.F.);
#3899 = EDGE_LOOP('',(#3900,#3901,#3902,#3908));
#3900 = ORIENTED_EDGE('',*,*,#3086,.T.);
#3901 = ORIENTED_EDGE('',*,*,#3274,.F.);
#3902 = ORIENTED_EDGE('',*,*,#3903,.F.);
#3903 = EDGE_CURVE('',#3878,#3267,#3904,.T.);
#3904 = LINE('',#3905,#3906);
#3905 = CARTESIAN_POINT('',(-2.14,-2.85,-1.45));
#3906 = VECTOR('',#3907,1.);
#3907 = DIRECTION('',(-1.,0.,0.));
#3908 = ORIENTED_EDGE('',*,*,#3877,.T.);
#3909 = PLANE('',#3910);
#3910 = AXIS2_PLACEMENT_3D('',#3911,#3912,#3913);
#3911 = CARTESIAN_POINT('',(-2.14,-2.85,-1.45));
#3912 = DIRECTION('',(0.,1.,0.));
#3913 = DIRECTION('',(-1.,0.,0.));
#3914 = ADVANCED_FACE('',(#3915),#3921,.F.);
#3915 = FACE_BOUND('',#3916,.F.);
#3916 = EDGE_LOOP('',(#3917,#3918,#3919,#3920));
#3917 = ORIENTED_EDGE('',*,*,#625,.T.);
#3918 = ORIENTED_EDGE('',*,*,#3885,.T.);
#3919 = ORIENTED_EDGE('',*,*,#3903,.T.);
#3920 = ORIENTED_EDGE('',*,*,#3266,.T.);
#3921 = PLANE('',#3922);
#3922 = AXIS2_PLACEMENT_3D('',#3923,#3924,#3925);
#3923 = CARTESIAN_POINT('',(-4.95,-2.85,-1.45));
#3924 = DIRECTION('',(0.,0.,1.));
#3925 = DIRECTION('',(1.,0.,-0.));
#3926 = ADVANCED_FACE('',(#3927),#3933,.F.);
#3927 = FACE_BOUND('',#3928,.F.);
#3928 = EDGE_LOOP('',(#3929,#3930,#3931,#3932));
#3929 = ORIENTED_EDGE('',*,*,#593,.T.);
#3930 = ORIENTED_EDGE('',*,*,#3464,.T.);
#3931 = ORIENTED_EDGE('',*,*,#3494,.T.);
#3932 = ORIENTED_EDGE('',*,*,#3524,.T.);
#3933 = PLANE('',#3934);
#3934 = AXIS2_PLACEMENT_3D('',#3935,#3936,#3937);
#3935 = CARTESIAN_POINT('',(-4.95,-2.85,-1.45));
#3936 = DIRECTION('',(0.,0.,1.));
#3937 = DIRECTION('',(1.,0.,-0.));
#3938 = ADVANCED_FACE('',(#3939),#3950,.T.);
#3939 = FACE_BOUND('',#3940,.F.);
#3940 = EDGE_LOOP('',(#3941,#3947,#3948,#3949));
#3941 = ORIENTED_EDGE('',*,*,#3942,.F.);
#3942 = EDGE_CURVE('',#3215,#412,#3943,.T.);
#3943 = LINE('',#3944,#3945);
#3944 = CARTESIAN_POINT('',(-3.45,-1.85,-2.45));
#3945 = VECTOR('',#3946,1.);
#3946 = DIRECTION('',(-0.707106781187,0.,0.707106781187));
#3947 = ORIENTED_EDGE('',*,*,#3214,.T.);
#3948 = ORIENTED_EDGE('',*,*,#244,.T.);
#3949 = ORIENTED_EDGE('',*,*,#419,.F.);
#3950 = PLANE('',#3951);
#3951 = AXIS2_PLACEMENT_3D('',#3952,#3953,#3954);
#3952 = CARTESIAN_POINT('',(-3.45,-2.95,-2.45));
#3953 = DIRECTION('',(-0.707106781187,0.,-0.707106781187));
#3954 = DIRECTION('',(-0.707106781187,0.,0.707106781187));
#3955 = ADVANCED_FACE('',(#3956),#3961,.T.);
#3956 = FACE_BOUND('',#3957,.F.);
#3957 = EDGE_LOOP('',(#3958,#3959,#3960));
#3958 = ORIENTED_EDGE('',*,*,#3942,.T.);
#3959 = ORIENTED_EDGE('',*,*,#411,.F.);
#3960 = ORIENTED_EDGE('',*,*,#3222,.T.);
#3961 = PLANE('',#3962);
#3962 = AXIS2_PLACEMENT_3D('',#3963,#3964,#3965);
#3963 = CARTESIAN_POINT('',(-4.95,-1.85,-2.45));
#3964 = DIRECTION('',(0.,1.,0.));
#3965 = DIRECTION('',(0.,-0.,1.));
#3966 = ( GEOMETRIC_REPRESENTATION_CONTEXT(3) 
GLOBAL_UNCERTAINTY_ASSIGNED_CONTEXT((#3970)) 
GLOBAL_UNIT_ASSIGNED_CONTEXT((#3967,#3968,#3969)) REPRESENTATION_CONTEXT
('Context #1','3D Context with UNIT and UNCERTAINTY') );
#3967 = ( LENGTH_UNIT() NAMED_UNIT(*) SI_UNIT(.MILLI.,.METRE.) );
#3968 = ( NAMED_UNIT(*) PLANE_ANGLE_UNIT() SI_UNIT($,.RADIAN.) );
#3969 = ( NAMED_UNIT(*) SI_UNIT($,.STERADIAN.) SOLID_ANGLE_UNIT() );
#3970 = UNCERTAINTY_MEASURE_WITH_UNIT(LENGTH_MEASURE(1.E-06),#3967,
  'distance_accuracy_value','confusion accuracy');
#3971 = CONTEXT_DEPENDENT_SHAPE_REPRESENTATION(#3972,#3974);
#3972 = ( REPRESENTATION_RELATIONSHIP('','',#107,#80) 
REPRESENTATION_RELATIONSHIP_WITH_TRANSFORMATION(#3973) 
SHAPE_REPRESENTATION_RELATIONSHIP() );
#3973 = ITEM_DEFINED_TRANSFORMATION('','',#11,#81);
#3974 = PRODUCT_DEFINITION_SHAPE('Placement','Placement of an item',
  #3975);
#3975 = NEXT_ASSEMBLY_USAGE_OCCURRENCE('1','=>[0:1:1:2]','',#75,#102,$);
#3976 = PRODUCT_RELATED_PRODUCT_CATEGORY('part',$,(#104));
#3977 = SHAPE_DEFINITION_REPRESENTATION(#3978,#3984);
#3978 = PRODUCT_DEFINITION_SHAPE('','',#3979);
#3979 = PRODUCT_DEFINITION('design','',#3980,#3983);
#3980 = PRODUCT_DEFINITION_FORMATION('','',#3981);
#3981 = PRODUCT('COMPOUND','COMPOUND','',(#3982));
#3982 = PRODUCT_CONTEXT('',#2,'mechanical');
#3983 = PRODUCT_DEFINITION_CONTEXT('part definition',#2,'design');
#3984 = SHAPE_REPRESENTATION('',(#11,#3985,#4002,#4019,#4036,#4044,#4052
    ,#4060,#4068,#4076,#4084,#4092,#4100,#4108,#4116,#4124,#4132,#4140,
    #4148,#4156),#4164);
#3985 = GEOMETRIC_CURVE_SET('',(#3986,#3994));
#3986 = TRIMMED_CURVE('',#3987,(#3992,PARAMETER_VALUE(0.)),(#3993,
    PARAMETER_VALUE(3.141592653589)),.T.,.PARAMETER.);
#3987 = CIRCLE('',#3988,0.45);
#3988 = AXIS2_PLACEMENT_3D('',#3989,#3990,#3991);
#3989 = CARTESIAN_POINT('',(-2.5,-3.65,-2.45));
#3990 = DIRECTION('',(0.,0.,-1.));
#3991 = DIRECTION('',(-1.,0.,0.));
#3992 = CARTESIAN_POINT('',(-2.95,-3.65,-2.45));
#3993 = CARTESIAN_POINT('',(-2.05,-3.65,-2.45));
#3994 = TRIMMED_CURVE('',#3995,(#4000,PARAMETER_VALUE(0.)),(#4001,
    PARAMETER_VALUE(3.141592653589)),.T.,.PARAMETER.);
#3995 = CIRCLE('',#3996,0.45);
#3996 = AXIS2_PLACEMENT_3D('',#3997,#3998,#3999);
#3997 = CARTESIAN_POINT('',(-2.5,-3.65,-2.45));
#3998 = DIRECTION('',(0.,0.,-1.));
#3999 = DIRECTION('',(1.,0.,0.));
#4000 = CARTESIAN_POINT('',(-2.05,-3.65,-2.45));
#4001 = CARTESIAN_POINT('',(-2.95,-3.65,-2.45));
#4002 = GEOMETRIC_CURVE_SET('',(#4003,#4011));
#4003 = TRIMMED_CURVE('',#4004,(#4009,PARAMETER_VALUE(0.)),(#4010,
    PARAMETER_VALUE(3.141592653589)),.T.,.PARAMETER.);
#4004 = CIRCLE('',#4005,0.45);
#4005 = AXIS2_PLACEMENT_3D('',#4006,#4007,#4008);
#4006 = CARTESIAN_POINT('',(0.,-3.65,-2.45));
#4007 = DIRECTION('',(0.,0.,-1.));
#4008 = DIRECTION('',(-1.,0.,0.));
#4009 = CARTESIAN_POINT('',(-0.45,-3.65,-2.45));
#4010 = CARTESIAN_POINT('',(0.45,-3.65,-2.45));
#4011 = TRIMMED_CURVE('',#4012,(#4017,PARAMETER_VALUE(0.)),(#4018,
    PARAMETER_VALUE(3.141592653589)),.T.,.PARAMETER.);
#4012 = CIRCLE('',#4013,0.45);
#4013 = AXIS2_PLACEMENT_3D('',#4014,#4015,#4016);
#4014 = CARTESIAN_POINT('',(0.,-3.65,-2.45));
#4015 = DIRECTION('',(0.,0.,-1.));
#4016 = DIRECTION('',(1.,0.,0.));
#4017 = CARTESIAN_POINT('',(0.45,-3.65,-2.45));
#4018 = CARTESIAN_POINT('',(-0.45,-3.65,-2.45));
#4019 = GEOMETRIC_CURVE_SET('',(#4020,#4028));
#4020 = TRIMMED_CURVE('',#4021,(#4026,PARAMETER_VALUE(0.)),(#4027,
    PARAMETER_VALUE(3.141592653589)),.T.,.PARAMETER.);
#4021 = CIRCLE('',#4022,0.45);
#4022 = AXIS2_PLACEMENT_3D('',#4023,#4024,#4025);
#4023 = CARTESIAN_POINT('',(2.5,-3.65,-2.45));
#4024 = DIRECTION('',(0.,0.,-1.));
#4025 = DIRECTION('',(-1.,0.,0.));
#4026 = CARTESIAN_POINT('',(2.05,-3.65,-2.45));
#4027 = CARTESIAN_POINT('',(2.95,-3.65,-2.45));
#4028 = TRIMMED_CURVE('',#4029,(#4034,PARAMETER_VALUE(0.)),(#4035,
    PARAMETER_VALUE(3.141592653589)),.T.,.PARAMETER.);
#4029 = CIRCLE('',#4030,0.45);
#4030 = AXIS2_PLACEMENT_3D('',#4031,#4032,#4033);
#4031 = CARTESIAN_POINT('',(2.5,-3.65,-2.45));
#4032 = DIRECTION('',(0.,0.,-1.));
#4033 = DIRECTION('',(1.,0.,0.));
#4034 = CARTESIAN_POINT('',(2.95,-3.65,-2.45));
#4035 = CARTESIAN_POINT('',(2.05,-3.65,-2.45));
#4036 = GEOMETRIC_CURVE_SET('',(#4037));
#4037 = TRIMMED_CURVE('',#4038,(#4042,PARAMETER_VALUE(0.)),(#4043,
    PARAMETER_VALUE(5.75)),.T.,.PARAMETER.);
#4038 = LINE('',#4039,#4040);
#4039 = CARTESIAN_POINT('',(2.5,2.45,-0.63));
#4040 = VECTOR('',#4041,1.);
#4041 = DIRECTION('',(0.,-1.,0.));
#4042 = CARTESIAN_POINT('',(2.5,2.45,-0.63));
#4043 = CARTESIAN_POINT('',(2.5,-3.3,-0.63));
#4044 = GEOMETRIC_CURVE_SET('',(#4045));
#4045 = TRIMMED_CURVE('',#4046,(#4050,PARAMETER_VALUE(0.)),(#4051,
    PARAMETER_VALUE(5.75)),.T.,.PARAMETER.);
#4046 = LINE('',#4047,#4048);
#4047 = CARTESIAN_POINT('',(0.,2.45,-0.63));
#4048 = VECTOR('',#4049,1.);
#4049 = DIRECTION('',(0.,-1.,0.));
#4050 = CARTESIAN_POINT('',(0.,2.45,-0.63));
#4051 = CARTESIAN_POINT('',(0.,-3.3,-0.63));
#4052 = GEOMETRIC_CURVE_SET('',(#4053));
#4053 = TRIMMED_CURVE('',#4054,(#4058,PARAMETER_VALUE(0.)),(#4059,
    PARAMETER_VALUE(5.75)),.T.,.PARAMETER.);
#4054 = LINE('',#4055,#4056);
#4055 = CARTESIAN_POINT('',(-2.5,2.45,-0.63));
#4056 = VECTOR('',#4057,1.);
#4057 = DIRECTION('',(0.,-1.,0.));
#4058 = CARTESIAN_POINT('',(-2.5,2.45,-0.63));
#4059 = CARTESIAN_POINT('',(-2.5,-3.3,-0.63));
#4060 = GEOMETRIC_CURVE_SET('',(#4061));
#4061 = TRIMMED_CURVE('',#4062,(#4066,PARAMETER_VALUE(0.)),(#4067,
    PARAMETER_VALUE(0.701996558859)),.T.,.PARAMETER.);
#4062 = LINE('',#4063,#4064);
#4063 = CARTESIAN_POINT('',(2.14900172057,-3.3,-0.98));
#4064 = VECTOR('',#4065,1.);
#4065 = DIRECTION('',(1.,0.,0.));
#4066 = CARTESIAN_POINT('',(2.14900172057,-3.3,-0.98));
#4067 = CARTESIAN_POINT('',(2.850998279429,-3.3,-0.98));
#4068 = GEOMETRIC_CURVE_SET('',(#4069));
#4069 = TRIMMED_CURVE('',#4070,(#4074,PARAMETER_VALUE(0.)),(#4075,
    PARAMETER_VALUE(0.701996558859)),.T.,.PARAMETER.);
#4070 = LINE('',#4071,#4072);
#4071 = CARTESIAN_POINT('',(-0.35099827943,-3.3,-0.98));
#4072 = VECTOR('',#4073,1.);
#4073 = DIRECTION('',(1.,0.,0.));
#4074 = CARTESIAN_POINT('',(-0.35099827943,-3.3,-0.98));
#4075 = CARTESIAN_POINT('',(0.35099827943,-3.3,-0.98));
#4076 = GEOMETRIC_CURVE_SET('',(#4077));
#4077 = TRIMMED_CURVE('',#4078,(#4082,PARAMETER_VALUE(0.)),(#4083,
    PARAMETER_VALUE(0.701996558859)),.T.,.PARAMETER.);
#4078 = LINE('',#4079,#4080);
#4079 = CARTESIAN_POINT('',(-2.85099827943,-3.3,-0.98));
#4080 = VECTOR('',#4081,1.);
#4081 = DIRECTION('',(1.,0.,0.));
#4082 = CARTESIAN_POINT('',(-2.85099827943,-3.3,-0.98));
#4083 = CARTESIAN_POINT('',(-2.149001720571,-3.3,-0.98));
#4084 = GEOMETRIC_CURVE_SET('',(#4085));
#4085 = TRIMMED_CURVE('',#4086,(#4090,PARAMETER_VALUE(0.)),(#4091,
    PARAMETER_VALUE(4.97)),.T.,.PARAMETER.);
#4086 = LINE('',#4087,#4088);
#4087 = CARTESIAN_POINT('',(2.5,-3.65,-0.98));
#4088 = VECTOR('',#4089,1.);
#4089 = DIRECTION('',(0.,0.,-1.));
#4090 = CARTESIAN_POINT('',(2.5,-3.65,-0.98));
#4091 = CARTESIAN_POINT('',(2.5,-3.65,-5.95));
#4092 = GEOMETRIC_CURVE_SET('',(#4093));
#4093 = TRIMMED_CURVE('',#4094,(#4098,PARAMETER_VALUE(0.)),(#4099,
    PARAMETER_VALUE(4.97)),.T.,.PARAMETER.);
#4094 = LINE('',#4095,#4096);
#4095 = CARTESIAN_POINT('',(0.,-3.65,-0.98));
#4096 = VECTOR('',#4097,1.);
#4097 = DIRECTION('',(0.,0.,-1.));
#4098 = CARTESIAN_POINT('',(0.,-3.65,-0.98));
#4099 = CARTESIAN_POINT('',(0.,-3.65,-5.95));
#4100 = GEOMETRIC_CURVE_SET('',(#4101));
#4101 = TRIMMED_CURVE('',#4102,(#4106,PARAMETER_VALUE(0.)),(#4107,
    PARAMETER_VALUE(4.97)),.T.,.PARAMETER.);
#4102 = LINE('',#4103,#4104);
#4103 = CARTESIAN_POINT('',(-2.5,-3.65,-0.98));
#4104 = VECTOR('',#4105,1.);
#4105 = DIRECTION('',(0.,0.,-1.));
#4106 = CARTESIAN_POINT('',(-2.5,-3.65,-0.98));
#4107 = CARTESIAN_POINT('',(-2.5,-3.65,-5.95));
#4108 = GEOMETRIC_CURVE_SET('',(#4109));
#4109 = TRIMMED_CURVE('',#4110,(#4114,PARAMETER_VALUE(0.)),(#4115,
    PARAMETER_VALUE(1.031227322423)),.T.,.PARAMETER.);
#4110 = LINE('',#4111,#4112);
#4111 = CARTESIAN_POINT('',(4.246259978134,2.95,-2.2));
#4112 = VECTOR('',#4113,1.);
#4113 = DIRECTION('',(0.,0.,1.));
#4114 = CARTESIAN_POINT('',(4.246259978134,2.95,-2.2));
#4115 = CARTESIAN_POINT('',(4.246259978134,2.95,-1.168772677577));
#4116 = GEOMETRIC_CURVE_SET('',(#4117));
#4117 = TRIMMED_CURVE('',#4118,(#4122,PARAMETER_VALUE(0.)),(#4123,
    PARAMETER_VALUE(0.226870010933)),.T.,.PARAMETER.);
#4118 = LINE('',#4119,#4120);
#4119 = CARTESIAN_POINT('',(4.246259978134,2.95,-1.168772677577));
#4120 = VECTOR('',#4121,1.);
#4121 = DIRECTION('',(1.,0.,0.));
#4122 = CARTESIAN_POINT('',(4.246259978134,2.95,-1.168772677577));
#4123 = CARTESIAN_POINT('',(4.473129989067,2.95,-1.168772677577));
#4124 = GEOMETRIC_CURVE_SET('',(#4125));
#4125 = TRIMMED_CURVE('',#4126,(#4130,PARAMETER_VALUE(0.)),(#4131,
    PARAMETER_VALUE(0.273968935386)),.T.,.PARAMETER.);
#4126 = LINE('',#4127,#4128);
#4127 = CARTESIAN_POINT('',(4.473129989067,2.95,-1.168772677577));
#4128 = VECTOR('',#4129,1.);
#4129 = DIRECTION('',(0.828086624543,0.,-0.560600162552));
#4130 = CARTESIAN_POINT('',(4.473129989067,2.95,-1.168772677577));
#4131 = CARTESIAN_POINT('',(4.7,2.95,-1.322359707288));
#4132 = GEOMETRIC_CURVE_SET('',(#4133));
#4133 = TRIMMED_CURVE('',#4134,(#4138,PARAMETER_VALUE(0.)),(#4139,
    PARAMETER_VALUE(0.175528095422)),.T.,.PARAMETER.);
#4134 = LINE('',#4135,#4136);
#4135 = CARTESIAN_POINT('',(4.7,2.95,-1.322359707288));
#4136 = VECTOR('',#4137,1.);
#4137 = DIRECTION('',(0.,0.,-1.));
#4138 = CARTESIAN_POINT('',(4.7,2.95,-1.322359707288));
#4139 = CARTESIAN_POINT('',(4.7,2.95,-1.49788780271));
#4140 = GEOMETRIC_CURVE_SET('',(#4141));
#4141 = TRIMMED_CURVE('',#4142,(#4146,PARAMETER_VALUE(0.)),(#4147,
    PARAMETER_VALUE(0.273968969844)),.T.,.PARAMETER.);
#4142 = LINE('',#4143,#4144);
#4143 = CARTESIAN_POINT('',(4.7,2.95,-1.49788780271));
#4144 = VECTOR('',#4145,1.);
#4145 = DIRECTION('',(-0.828086520392,0.,0.560600316398));
#4146 = CARTESIAN_POINT('',(4.7,2.95,-1.49788780271));
#4147 = CARTESIAN_POINT('',(4.473129989067,2.95,-1.344300711533));
#4148 = GEOMETRIC_CURVE_SET('',(#4149));
#4149 = TRIMMED_CURVE('',#4150,(#4154,PARAMETER_VALUE(0.)),(#4155,
    PARAMETER_VALUE(0.855699288467)),.T.,.PARAMETER.);
#4150 = LINE('',#4151,#4152);
#4151 = CARTESIAN_POINT('',(4.473129989067,2.95,-1.344300711533));
#4152 = VECTOR('',#4153,1.);
#4153 = DIRECTION('',(0.,0.,-1.));
#4154 = CARTESIAN_POINT('',(4.473129989067,2.95,-1.344300711533));
#4155 = CARTESIAN_POINT('',(4.473129989067,2.95,-2.2));
#4156 = GEOMETRIC_CURVE_SET('',(#4157));
#4157 = TRIMMED_CURVE('',#4158,(#4162,PARAMETER_VALUE(0.)),(#4163,
    PARAMETER_VALUE(0.226870010933)),.T.,.PARAMETER.);
#4158 = LINE('',#4159,#4160);
#4159 = CARTESIAN_POINT('',(4.473129989067,2.95,-2.2));
#4160 = VECTOR('',#4161,1.);
#4161 = DIRECTION('',(-1.,0.,0.));
#4162 = CARTESIAN_POINT('',(4.473129989067,2.95,-2.2));
#4163 = CARTESIAN_POINT('',(4.246259978134,2.95,-2.2));
#4164 = ( GEOMETRIC_REPRESENTATION_CONTEXT(3) 
GLOBAL_UNCERTAINTY_ASSIGNED_CONTEXT((#4168)) 
GLOBAL_UNIT_ASSIGNED_CONTEXT((#4165,#4166,#4167)) REPRESENTATION_CONTEXT
('Context #1','3D Context with UNIT and UNCERTAINTY') );
#4165 = ( LENGTH_UNIT() NAMED_UNIT(*) SI_UNIT(.MILLI.,.METRE.) );
#4166 = ( NAMED_UNIT(*) PLANE_ANGLE_UNIT() SI_UNIT($,.RADIAN.) );
#4167 = ( NAMED_UNIT(*) SI_UNIT($,.STERADIAN.) SOLID_ANGLE_UNIT() );
#4168 = UNCERTAINTY_MEASURE_WITH_UNIT(LENGTH_MEASURE(1.E-07),#4165,
  'distance_accuracy_value','confusion accuracy');
#4169 = CONTEXT_DEPENDENT_SHAPE_REPRESENTATION(#4170,#4172);
#4170 = ( REPRESENTATION_RELATIONSHIP('','',#3984,#80) 
REPRESENTATION_RELATIONSHIP_WITH_TRANSFORMATION(#4171) 
SHAPE_REPRESENTATION_RELATIONSHIP() );
#4171 = ITEM_DEFINED_TRANSFORMATION('','',#11,#85);
#4172 = PRODUCT_DEFINITION_SHAPE('Placement','Placement of an item',
  #4173);
#4173 = NEXT_ASSEMBLY_USAGE_OCCURRENCE('2','=>[0:1:1:3]','',#75,#3979,$
  );
#4174 = PRODUCT_RELATED_PRODUCT_CATEGORY('part',$,(#3981));
#4175 = CONTEXT_DEPENDENT_SHAPE_REPRESENTATION(#4176,#4178);
#4176 = ( REPRESENTATION_RELATIONSHIP('','',#80,#10) 
REPRESENTATION_RELATIONSHIP_WITH_TRANSFORMATION(#4177) 
SHAPE_REPRESENTATION_RELATIONSHIP() );
#4177 = ITEM_DEFINED_TRANSFORMATION('','',#11,#19);
#4178 = PRODUCT_DEFINITION_SHAPE('Placement','Placement of an item',
  #4179);
#4179 = NEXT_ASSEMBLY_USAGE_OCCURRENCE('4','J10','',#5,#75,$);
#4180 = CONTEXT_DEPENDENT_SHAPE_REPRESENTATION(#4181,#4183);
#4181 = ( REPRESENTATION_RELATIONSHIP('','',#80,#10) 
REPRESENTATION_RELATIONSHIP_WITH_TRANSFORMATION(#4182) 
SHAPE_REPRESENTATION_RELATIONSHIP() );
#4182 = ITEM_DEFINED_TRANSFORMATION('','',#11,#23);
#4183 = PRODUCT_DEFINITION_SHAPE('Placement','Placement of an item',
  #4184);
#4184 = NEXT_ASSEMBLY_USAGE_OCCURRENCE('5','J6','',#5,#75,$);
#4185 = CONTEXT_DEPENDENT_SHAPE_REPRESENTATION(#4186,#4188);
#4186 = ( REPRESENTATION_RELATIONSHIP('','',#80,#10) 
REPRESENTATION_RELATIONSHIP_WITH_TRANSFORMATION(#4187) 
SHAPE_REPRESENTATION_RELATIONSHIP() );
#4187 = ITEM_DEFINED_TRANSFORMATION('','',#11,#27);
#4188 = PRODUCT_DEFINITION_SHAPE('Placement','Placement of an item',
  #4189);
#4189 = NEXT_ASSEMBLY_USAGE_OCCURRENCE('6','J9','',#5,#75,$);
#4190 = CONTEXT_DEPENDENT_SHAPE_REPRESENTATION(#4191,#4193);
#4191 = ( REPRESENTATION_RELATIONSHIP('','',#80,#10) 
REPRESENTATION_RELATIONSHIP_WITH_TRANSFORMATION(#4192) 
SHAPE_REPRESENTATION_RELATIONSHIP() );
#4192 = ITEM_DEFINED_TRANSFORMATION('','',#11,#31);
#4193 = PRODUCT_DEFINITION_SHAPE('Placement','Placement of an item',
  #4194);
#4194 = NEXT_ASSEMBLY_USAGE_OCCURRENCE('7','J7','',#5,#75,$);
#4195 = CONTEXT_DEPENDENT_SHAPE_REPRESENTATION(#4196,#4198);
#4196 = ( REPRESENTATION_RELATIONSHIP('','',#80,#10) 
REPRESENTATION_RELATIONSHIP_WITH_TRANSFORMATION(#4197) 
SHAPE_REPRESENTATION_RELATIONSHIP() );
#4197 = ITEM_DEFINED_TRANSFORMATION('','',#11,#35);
#4198 = PRODUCT_DEFINITION_SHAPE('Placement','Placement of an item',
  #4199);
#4199 = NEXT_ASSEMBLY_USAGE_OCCURRENCE('8','J8','',#5,#75,$);
#4200 = CONTEXT_DEPENDENT_SHAPE_REPRESENTATION(#4201,#4203);
#4201 = ( REPRESENTATION_RELATIONSHIP('','',#80,#10) 
REPRESENTATION_RELATIONSHIP_WITH_TRANSFORMATION(#4202) 
SHAPE_REPRESENTATION_RELATIONSHIP() );
#4202 = ITEM_DEFINED_TRANSFORMATION('','',#11,#39);
#4203 = PRODUCT_DEFINITION_SHAPE('Placement','Placement of an item',
  #4204);
#4204 = NEXT_ASSEMBLY_USAGE_OCCURRENCE('9','J1','',#5,#75,$);
#4205 = SHAPE_DEFINITION_REPRESENTATION(#4206,#4212);
#4206 = PRODUCT_DEFINITION_SHAPE('','',#4207);
#4207 = PRODUCT_DEFINITION('design','',#4208,#4211);
#4208 = PRODUCT_DEFINITION_FORMATION('','',#4209);
#4209 = PRODUCT('099990987','099990987','',(#4210));
#4210 = PRODUCT_CONTEXT('',#2,'mechanical');
#4211 = PRODUCT_DEFINITION_CONTEXT('part definition',#2,'design');
#4212 = SHAPE_REPRESENTATION('',(#11,#4213,#4217),#4221);
#4213 = AXIS2_PLACEMENT_3D('',#4214,#4215,#4216);
#4214 = CARTESIAN_POINT('',(0.,0.,0.));
#4215 = DIRECTION('',(0.,0.,1.));
#4216 = DIRECTION('',(1.,0.,-0.));
#4217 = AXIS2_PLACEMENT_3D('',#4218,#4219,#4220);
#4218 = CARTESIAN_POINT('',(0.,0.,0.));
#4219 = DIRECTION('',(0.,0.,1.));
#4220 = DIRECTION('',(1.,0.,-0.));
#4221 = ( GEOMETRIC_REPRESENTATION_CONTEXT(3) 
GLOBAL_UNCERTAINTY_ASSIGNED_CONTEXT((#4225)) 
GLOBAL_UNIT_ASSIGNED_CONTEXT((#4222,#4223,#4224)) REPRESENTATION_CONTEXT
('Context #1','3D Context with UNIT and UNCERTAINTY') );
#4222 = ( LENGTH_UNIT() NAMED_UNIT(*) SI_UNIT(.MILLI.,.METRE.) );
#4223 = ( NAMED_UNIT(*) PLANE_ANGLE_UNIT() SI_UNIT($,.RADIAN.) );
#4224 = ( NAMED_UNIT(*) SI_UNIT($,.STERADIAN.) SOLID_ANGLE_UNIT() );
#4225 = UNCERTAINTY_MEASURE_WITH_UNIT(LENGTH_MEASURE(1.E-07),#4222,
  'distance_accuracy_value','confusion accuracy');
#4226 = CONTEXT_DEPENDENT_SHAPE_REPRESENTATION(#4227,#4229);
#4227 = ( REPRESENTATION_RELATIONSHIP('','',#4212,#10) 
REPRESENTATION_RELATIONSHIP_WITH_TRANSFORMATION(#4228) 
SHAPE_REPRESENTATION_RELATIONSHIP() );
#4228 = ITEM_DEFINED_TRANSFORMATION('','',#11,#43);
#4229 = PRODUCT_DEFINITION_SHAPE('Placement','Placement of an item',
  #4230);
#4230 = NEXT_ASSEMBLY_USAGE_OCCURRENCE('12','J11','',#5,#4207,$);
#4231 = PRODUCT_RELATED_PRODUCT_CATEGORY('part',$,(#4209));
#4232 = SHAPE_DEFINITION_REPRESENTATION(#4233,#4239);
#4233 = PRODUCT_DEFINITION_SHAPE('','',#4234);
#4234 = PRODUCT_DEFINITION('design','',#4235,#4238);
#4235 = PRODUCT_DEFINITION_FORMATION('','',#4236);
#4236 = PRODUCT('SOLID','SOLID','',(#4237));
#4237 = PRODUCT_CONTEXT('',#2,'mechanical');
#4238 = PRODUCT_DEFINITION_CONTEXT('part definition',#2,'design');
#4239 = ADVANCED_BREP_SHAPE_REPRESENTATION('',(#11,#4240),#7245);
#4240 = MANIFOLD_SOLID_BREP('',#4241);
#4241 = CLOSED_SHELL('',(#4242,#4282,#4322,#4353,#4393,#4417,#4465,#4522
    ,#4553,#4609,#4698,#4729,#4761,#4809,#4826,#4875,#4897,#4946,#5047,
    #5072,#5096,#5120,#5137,#5175,#5202,#5215,#5388,#5420,#5438,#5496,
    #5538,#5548,#5580,#5598,#5656,#5698,#5708,#5740,#5758,#5816,#5858,
    #5868,#5899,#5930,#5954,#5985,#6009,#6026,#6042,#6073,#6089,#6101,
    #6117,#6130,#6146,#6164,#6195,#6236,#6253,#6265,#6283,#6309,#6321,
    #6339,#6356,#6373,#6385,#6436,#6477,#6543,#6568,#6587,#6625,#6683,
    #6725,#6735,#6767,#6785,#6843,#6885,#6895,#6946,#6987,#7053,#7103,
    #7122,#7135,#7193,#7235));
#4242 = ADVANCED_FACE('',(#4243),#4277,.F.);
#4243 = FACE_BOUND('',#4244,.F.);
#4244 = EDGE_LOOP('',(#4245,#4255,#4263,#4271));
#4245 = ORIENTED_EDGE('',*,*,#4246,.T.);
#4246 = EDGE_CURVE('',#4247,#4249,#4251,.T.);
#4247 = VERTEX_POINT('',#4248);
#4248 = CARTESIAN_POINT('',(-4.56,-2.95,-1.58));
#4249 = VERTEX_POINT('',#4250);
#4250 = CARTESIAN_POINT('',(4.95,-2.95,-1.58));
#4251 = LINE('',#4252,#4253);
#4252 = CARTESIAN_POINT('',(-4.56,-2.95,-1.58));
#4253 = VECTOR('',#4254,1.);
#4254 = DIRECTION('',(1.,0.,0.));
#4255 = ORIENTED_EDGE('',*,*,#4256,.T.);
#4256 = EDGE_CURVE('',#4249,#4257,#4259,.T.);
#4257 = VERTEX_POINT('',#4258);
#4258 = CARTESIAN_POINT('',(4.95,-2.95,-2.43));
#4259 = LINE('',#4260,#4261);
#4260 = CARTESIAN_POINT('',(4.95,-2.95,-1.58));
#4261 = VECTOR('',#4262,1.);
#4262 = DIRECTION('',(0.,0.,-1.));
#4263 = ORIENTED_EDGE('',*,*,#4264,.T.);
#4264 = EDGE_CURVE('',#4257,#4265,#4267,.T.);
#4265 = VERTEX_POINT('',#4266);
#4266 = CARTESIAN_POINT('',(-3.71,-2.95,-2.43));
#4267 = LINE('',#4268,#4269);
#4268 = CARTESIAN_POINT('',(4.95,-2.95,-2.43));
#4269 = VECTOR('',#4270,1.);
#4270 = DIRECTION('',(-1.,0.,0.));
#4271 = ORIENTED_EDGE('',*,*,#4272,.T.);
#4272 = EDGE_CURVE('',#4265,#4247,#4273,.T.);
#4273 = LINE('',#4274,#4275);
#4274 = CARTESIAN_POINT('',(-3.71,-2.95,-2.43));
#4275 = VECTOR('',#4276,1.);
#4276 = DIRECTION('',(-0.707106781187,0.,0.707106781187));
#4277 = PLANE('',#4278);
#4278 = AXIS2_PLACEMENT_3D('',#4279,#4280,#4281);
#4279 = CARTESIAN_POINT('',(0.,-2.95,0.));
#4280 = DIRECTION('',(0.,1.,0.));
#4281 = DIRECTION('',(1.,0.,0.));
#4282 = ADVANCED_FACE('',(#4283),#4317,.F.);
#4283 = FACE_BOUND('',#4284,.F.);
#4284 = EDGE_LOOP('',(#4285,#4295,#4303,#4311));
#4285 = ORIENTED_EDGE('',*,*,#4286,.F.);
#4286 = EDGE_CURVE('',#4287,#4289,#4291,.T.);
#4287 = VERTEX_POINT('',#4288);
#4288 = CARTESIAN_POINT('',(-4.25,-2.95,0.62));
#4289 = VERTEX_POINT('',#4290);
#4290 = CARTESIAN_POINT('',(4.25,-2.95,0.62));
#4291 = LINE('',#4292,#4293);
#4292 = CARTESIAN_POINT('',(-4.25,-2.95,0.62));
#4293 = VECTOR('',#4294,1.);
#4294 = DIRECTION('',(1.,0.,0.));
#4295 = ORIENTED_EDGE('',*,*,#4296,.F.);
#4296 = EDGE_CURVE('',#4297,#4287,#4299,.T.);
#4297 = VERTEX_POINT('',#4298);
#4298 = CARTESIAN_POINT('',(-4.25,-2.95,1.47));
#4299 = LINE('',#4300,#4301);
#4300 = CARTESIAN_POINT('',(-4.25,-2.95,1.47));
#4301 = VECTOR('',#4302,1.);
#4302 = DIRECTION('',(0.,0.,-1.));
#4303 = ORIENTED_EDGE('',*,*,#4304,.T.);
#4304 = EDGE_CURVE('',#4297,#4305,#4307,.T.);
#4305 = VERTEX_POINT('',#4306);
#4306 = CARTESIAN_POINT('',(4.25,-2.95,1.47));
#4307 = LINE('',#4308,#4309);
#4308 = CARTESIAN_POINT('',(-4.25,-2.95,1.47));
#4309 = VECTOR('',#4310,1.);
#4310 = DIRECTION('',(1.,0.,0.));
#4311 = ORIENTED_EDGE('',*,*,#4312,.T.);
#4312 = EDGE_CURVE('',#4305,#4289,#4313,.T.);
#4313 = LINE('',#4314,#4315);
#4314 = CARTESIAN_POINT('',(4.25,-2.95,1.47));
#4315 = VECTOR('',#4316,1.);
#4316 = DIRECTION('',(0.,0.,-1.));
#4317 = PLANE('',#4318);
#4318 = AXIS2_PLACEMENT_3D('',#4319,#4320,#4321);
#4319 = CARTESIAN_POINT('',(0.,-2.95,0.));
#4320 = DIRECTION('',(0.,1.,0.));
#4321 = DIRECTION('',(1.,0.,0.));
#4322 = ADVANCED_FACE('',(#4323),#4348,.F.);
#4323 = FACE_BOUND('',#4324,.F.);
#4324 = EDGE_LOOP('',(#4325,#4326,#4334,#4342));
#4325 = ORIENTED_EDGE('',*,*,#4246,.F.);
#4326 = ORIENTED_EDGE('',*,*,#4327,.T.);
#4327 = EDGE_CURVE('',#4247,#4328,#4330,.T.);
#4328 = VERTEX_POINT('',#4329);
#4329 = CARTESIAN_POINT('',(-4.56,-2.85,-1.58));
#4330 = LINE('',#4331,#4332);
#4331 = CARTESIAN_POINT('',(-4.56,-2.95,-1.58));
#4332 = VECTOR('',#4333,1.);
#4333 = DIRECTION('',(0.,1.,0.));
#4334 = ORIENTED_EDGE('',*,*,#4335,.F.);
#4335 = EDGE_CURVE('',#4336,#4328,#4338,.T.);
#4336 = VERTEX_POINT('',#4337);
#4337 = CARTESIAN_POINT('',(4.95,-2.85,-1.58));
#4338 = LINE('',#4339,#4340);
#4339 = CARTESIAN_POINT('',(4.95,-2.85,-1.58));
#4340 = VECTOR('',#4341,1.);
#4341 = DIRECTION('',(-1.,0.,0.));
#4342 = ORIENTED_EDGE('',*,*,#4343,.F.);
#4343 = EDGE_CURVE('',#4249,#4336,#4344,.T.);
#4344 = LINE('',#4345,#4346);
#4345 = CARTESIAN_POINT('',(4.95,-2.95,-1.58));
#4346 = VECTOR('',#4347,1.);
#4347 = DIRECTION('',(0.,1.,0.));
#4348 = PLANE('',#4349);
#4349 = AXIS2_PLACEMENT_3D('',#4350,#4351,#4352);
#4350 = CARTESIAN_POINT('',(4.95,-2.95,-1.58));
#4351 = DIRECTION('',(0.,0.,-1.));
#4352 = DIRECTION('',(0.,1.,0.));
#4353 = ADVANCED_FACE('',(#4354),#4388,.T.);
#4354 = FACE_BOUND('',#4355,.F.);
#4355 = EDGE_LOOP('',(#4356,#4357,#4358,#4366,#4374,#4382));
#4356 = ORIENTED_EDGE('',*,*,#4327,.F.);
#4357 = ORIENTED_EDGE('',*,*,#4272,.F.);
#4358 = ORIENTED_EDGE('',*,*,#4359,.T.);
#4359 = EDGE_CURVE('',#4265,#4360,#4362,.T.);
#4360 = VERTEX_POINT('',#4361);
#4361 = CARTESIAN_POINT('',(-3.71,2.95,-2.43));
#4362 = LINE('',#4363,#4364);
#4363 = CARTESIAN_POINT('',(-3.71,-2.95,-2.43));
#4364 = VECTOR('',#4365,1.);
#4365 = DIRECTION('',(0.,1.,0.));
#4366 = ORIENTED_EDGE('',*,*,#4367,.T.);
#4367 = EDGE_CURVE('',#4360,#4368,#4370,.T.);
#4368 = VERTEX_POINT('',#4369);
#4369 = CARTESIAN_POINT('',(-4.95,2.95,-1.19));
#4370 = LINE('',#4371,#4372);
#4371 = CARTESIAN_POINT('',(-3.71,2.95,-2.43));
#4372 = VECTOR('',#4373,1.);
#4373 = DIRECTION('',(-0.707106781187,0.,0.707106781187));
#4374 = ORIENTED_EDGE('',*,*,#4375,.F.);
#4375 = EDGE_CURVE('',#4376,#4368,#4378,.T.);
#4376 = VERTEX_POINT('',#4377);
#4377 = CARTESIAN_POINT('',(-4.95,-2.85,-1.19));
#4378 = LINE('',#4379,#4380);
#4379 = CARTESIAN_POINT('',(-4.95,-2.85,-1.19));
#4380 = VECTOR('',#4381,1.);
#4381 = DIRECTION('',(0.,1.,0.));
#4382 = ORIENTED_EDGE('',*,*,#4383,.T.);
#4383 = EDGE_CURVE('',#4376,#4328,#4384,.T.);
#4384 = LINE('',#4385,#4386);
#4385 = CARTESIAN_POINT('',(-4.95,-2.85,-1.19));
#4386 = VECTOR('',#4387,1.);
#4387 = DIRECTION('',(0.707106781187,0.,-0.707106781187));
#4388 = PLANE('',#4389);
#4389 = AXIS2_PLACEMENT_3D('',#4390,#4391,#4392);
#4390 = CARTESIAN_POINT('',(-3.71,-2.95,-2.43));
#4391 = DIRECTION('',(-0.707106781187,0.,-0.707106781187));
#4392 = DIRECTION('',(-0.707106781187,0.,0.707106781187));
#4393 = ADVANCED_FACE('',(#4394),#4412,.T.);
#4394 = FACE_BOUND('',#4395,.F.);
#4395 = EDGE_LOOP('',(#4396,#4397,#4405,#4411));
#4396 = ORIENTED_EDGE('',*,*,#4264,.F.);
#4397 = ORIENTED_EDGE('',*,*,#4398,.T.);
#4398 = EDGE_CURVE('',#4257,#4399,#4401,.T.);
#4399 = VERTEX_POINT('',#4400);
#4400 = CARTESIAN_POINT('',(4.95,2.95,-2.43));
#4401 = LINE('',#4402,#4403);
#4402 = CARTESIAN_POINT('',(4.95,-2.95,-2.43));
#4403 = VECTOR('',#4404,1.);
#4404 = DIRECTION('',(0.,1.,0.));
#4405 = ORIENTED_EDGE('',*,*,#4406,.T.);
#4406 = EDGE_CURVE('',#4399,#4360,#4407,.T.);
#4407 = LINE('',#4408,#4409);
#4408 = CARTESIAN_POINT('',(4.95,2.95,-2.43));
#4409 = VECTOR('',#4410,1.);
#4410 = DIRECTION('',(-1.,0.,0.));
#4411 = ORIENTED_EDGE('',*,*,#4359,.F.);
#4412 = PLANE('',#4413);
#4413 = AXIS2_PLACEMENT_3D('',#4414,#4415,#4416);
#4414 = CARTESIAN_POINT('',(4.95,-2.95,-2.43));
#4415 = DIRECTION('',(0.,0.,-1.));
#4416 = DIRECTION('',(-1.,0.,0.));
#4417 = ADVANCED_FACE('',(#4418),#4460,.T.);
#4418 = FACE_BOUND('',#4419,.F.);
#4419 = EDGE_LOOP('',(#4420,#4430,#4438,#4446,#4454));
#4420 = ORIENTED_EDGE('',*,*,#4421,.T.);
#4421 = EDGE_CURVE('',#4422,#4424,#4426,.T.);
#4422 = VERTEX_POINT('',#4423);
#4423 = CARTESIAN_POINT('',(4.95,2.95,1.75));
#4424 = VERTEX_POINT('',#4425);
#4425 = CARTESIAN_POINT('',(4.95,2.45,1.25));
#4426 = LINE('',#4427,#4428);
#4427 = CARTESIAN_POINT('',(4.95,2.95,1.75));
#4428 = VECTOR('',#4429,1.);
#4429 = DIRECTION('',(0.,-0.707106781187,-0.707106781187));
#4430 = ORIENTED_EDGE('',*,*,#4431,.T.);
#4431 = EDGE_CURVE('',#4424,#4432,#4434,.T.);
#4432 = VERTEX_POINT('',#4433);
#4433 = CARTESIAN_POINT('',(4.95,-1.95,1.25));
#4434 = LINE('',#4435,#4436);
#4435 = CARTESIAN_POINT('',(4.95,2.45,1.25));
#4436 = VECTOR('',#4437,1.);
#4437 = DIRECTION('',(0.,-1.,0.));
#4438 = ORIENTED_EDGE('',*,*,#4439,.F.);
#4439 = EDGE_CURVE('',#4440,#4432,#4442,.T.);
#4440 = VERTEX_POINT('',#4441);
#4441 = CARTESIAN_POINT('',(4.95,-1.95,2.47));
#4442 = LINE('',#4443,#4444);
#4443 = CARTESIAN_POINT('',(4.95,-1.95,2.47));
#4444 = VECTOR('',#4445,1.);
#4445 = DIRECTION('',(0.,0.,-1.));
#4446 = ORIENTED_EDGE('',*,*,#4447,.T.);
#4447 = EDGE_CURVE('',#4440,#4448,#4450,.T.);
#4448 = VERTEX_POINT('',#4449);
#4449 = CARTESIAN_POINT('',(4.95,2.95,2.47));
#4450 = LINE('',#4451,#4452);
#4451 = CARTESIAN_POINT('',(4.95,-1.95,2.47));
#4452 = VECTOR('',#4453,1.);
#4453 = DIRECTION('',(0.,1.,0.));
#4454 = ORIENTED_EDGE('',*,*,#4455,.T.);
#4455 = EDGE_CURVE('',#4448,#4422,#4456,.T.);
#4456 = LINE('',#4457,#4458);
#4457 = CARTESIAN_POINT('',(4.95,2.95,2.47));
#4458 = VECTOR('',#4459,1.);
#4459 = DIRECTION('',(0.,0.,-1.));
#4460 = PLANE('',#4461);
#4461 = AXIS2_PLACEMENT_3D('',#4462,#4463,#4464);
#4462 = CARTESIAN_POINT('',(4.95,-2.95,2.47));
#4463 = DIRECTION('',(1.,0.,0.));
#4464 = DIRECTION('',(0.,0.,-1.));
#4465 = ADVANCED_FACE('',(#4466),#4517,.T.);
#4466 = FACE_BOUND('',#4467,.F.);
#4467 = EDGE_LOOP('',(#4468,#4469,#4477,#4485,#4493,#4501,#4509,#4515,
    #4516));
#4468 = ORIENTED_EDGE('',*,*,#4343,.T.);
#4469 = ORIENTED_EDGE('',*,*,#4470,.T.);
#4470 = EDGE_CURVE('',#4336,#4471,#4473,.T.);
#4471 = VERTEX_POINT('',#4472);
#4472 = CARTESIAN_POINT('',(4.95,-2.85,-0.25));
#4473 = LINE('',#4474,#4475);
#4474 = CARTESIAN_POINT('',(4.95,-2.85,-1.58));
#4475 = VECTOR('',#4476,1.);
#4476 = DIRECTION('',(0.,0.,1.));
#4477 = ORIENTED_EDGE('',*,*,#4478,.T.);
#4478 = EDGE_CURVE('',#4471,#4479,#4481,.T.);
#4479 = VERTEX_POINT('',#4480);
#4480 = CARTESIAN_POINT('',(4.95,1.95,-0.25));
#4481 = LINE('',#4482,#4483);
#4482 = CARTESIAN_POINT('',(4.95,-2.85,-0.25));
#4483 = VECTOR('',#4484,1.);
#4484 = DIRECTION('',(0.,1.,0.));
#4485 = ORIENTED_EDGE('',*,*,#4486,.T.);
#4486 = EDGE_CURVE('',#4479,#4487,#4489,.T.);
#4487 = VERTEX_POINT('',#4488);
#4488 = CARTESIAN_POINT('',(4.95,1.95,0.45));
#4489 = LINE('',#4490,#4491);
#4490 = CARTESIAN_POINT('',(4.95,1.95,-0.25));
#4491 = VECTOR('',#4492,1.);
#4492 = DIRECTION('',(0.,0.,1.));
#4493 = ORIENTED_EDGE('',*,*,#4494,.T.);
#4494 = EDGE_CURVE('',#4487,#4495,#4497,.T.);
#4495 = VERTEX_POINT('',#4496);
#4496 = CARTESIAN_POINT('',(4.95,2.45,0.45));
#4497 = LINE('',#4498,#4499);
#4498 = CARTESIAN_POINT('',(4.95,1.95,0.45));
#4499 = VECTOR('',#4500,1.);
#4500 = DIRECTION('',(0.,1.,0.));
#4501 = ORIENTED_EDGE('',*,*,#4502,.T.);
#4502 = EDGE_CURVE('',#4495,#4503,#4505,.T.);
#4503 = VERTEX_POINT('',#4504);
#4504 = CARTESIAN_POINT('',(4.95,2.95,-4.999999999999E-02));
#4505 = LINE('',#4506,#4507);
#4506 = CARTESIAN_POINT('',(4.95,2.45,0.45));
#4507 = VECTOR('',#4508,1.);
#4508 = DIRECTION('',(0.,0.707106781187,-0.707106781187));
#4509 = ORIENTED_EDGE('',*,*,#4510,.T.);
#4510 = EDGE_CURVE('',#4503,#4399,#4511,.T.);
#4511 = LINE('',#4512,#4513);
#4512 = CARTESIAN_POINT('',(4.95,2.95,-4.999999999999E-02));
#4513 = VECTOR('',#4514,1.);
#4514 = DIRECTION('',(0.,0.,-1.));
#4515 = ORIENTED_EDGE('',*,*,#4398,.F.);
#4516 = ORIENTED_EDGE('',*,*,#4256,.F.);
#4517 = PLANE('',#4518);
#4518 = AXIS2_PLACEMENT_3D('',#4519,#4520,#4521);
#4519 = CARTESIAN_POINT('',(4.95,-2.95,2.47));
#4520 = DIRECTION('',(1.,0.,0.));
#4521 = DIRECTION('',(0.,0.,-1.));
#4522 = ADVANCED_FACE('',(#4523),#4548,.F.);
#4523 = FACE_BOUND('',#4524,.F.);
#4524 = EDGE_LOOP('',(#4525,#4533,#4541,#4547));
#4525 = ORIENTED_EDGE('',*,*,#4526,.T.);
#4526 = EDGE_CURVE('',#4422,#4527,#4529,.T.);
#4527 = VERTEX_POINT('',#4528);
#4528 = CARTESIAN_POINT('',(4.25,2.95,1.75));
#4529 = LINE('',#4530,#4531);
#4530 = CARTESIAN_POINT('',(4.95,2.95,1.75));
#4531 = VECTOR('',#4532,1.);
#4532 = DIRECTION('',(-1.,0.,-1.110223024625E-14));
#4533 = ORIENTED_EDGE('',*,*,#4534,.T.);
#4534 = EDGE_CURVE('',#4527,#4535,#4537,.T.);
#4535 = VERTEX_POINT('',#4536);
#4536 = CARTESIAN_POINT('',(4.25,2.45,1.25));
#4537 = LINE('',#4538,#4539);
#4538 = CARTESIAN_POINT('',(4.25,2.95,1.75));
#4539 = VECTOR('',#4540,1.);
#4540 = DIRECTION('',(0.,-0.707106781187,-0.707106781186));
#4541 = ORIENTED_EDGE('',*,*,#4542,.F.);
#4542 = EDGE_CURVE('',#4424,#4535,#4543,.T.);
#4543 = LINE('',#4544,#4545);
#4544 = CARTESIAN_POINT('',(4.95,2.45,1.25));
#4545 = VECTOR('',#4546,1.);
#4546 = DIRECTION('',(-1.,0.,0.));
#4547 = ORIENTED_EDGE('',*,*,#4421,.F.);
#4548 = PLANE('',#4549);
#4549 = AXIS2_PLACEMENT_3D('',#4550,#4551,#4552);
#4550 = CARTESIAN_POINT('',(4.95,2.95,1.75));
#4551 = DIRECTION('',(0.,-0.707106781187,0.707106781187));
#4552 = DIRECTION('',(0.,-0.707106781187,-0.707106781187));
#4553 = ADVANCED_FACE('',(#4554),#4604,.T.);
#4554 = FACE_BOUND('',#4555,.F.);
#4555 = EDGE_LOOP('',(#4556,#4566,#4574,#4582,#4588,#4589,#4590,#4598));
#4556 = ORIENTED_EDGE('',*,*,#4557,.T.);
#4557 = EDGE_CURVE('',#4558,#4560,#4562,.T.);
#4558 = VERTEX_POINT('',#4559);
#4559 = CARTESIAN_POINT('',(-4.95,2.95,1.75));
#4560 = VERTEX_POINT('',#4561);
#4561 = CARTESIAN_POINT('',(-4.25,2.95,1.75));
#4562 = LINE('',#4563,#4564);
#4563 = CARTESIAN_POINT('',(-4.95,2.95,1.75));
#4564 = VECTOR('',#4565,1.);
#4565 = DIRECTION('',(1.,0.,-1.110223024625E-14));
#4566 = ORIENTED_EDGE('',*,*,#4567,.T.);
#4567 = EDGE_CURVE('',#4560,#4568,#4570,.T.);
#4568 = VERTEX_POINT('',#4569);
#4569 = CARTESIAN_POINT('',(-4.25,2.95,2.));
#4570 = LINE('',#4571,#4572);
#4571 = CARTESIAN_POINT('',(-4.25,2.95,1.75));
#4572 = VECTOR('',#4573,1.);
#4573 = DIRECTION('',(0.,2.13162820728E-14,1.));
#4574 = ORIENTED_EDGE('',*,*,#4575,.T.);
#4575 = EDGE_CURVE('',#4568,#4576,#4578,.T.);
#4576 = VERTEX_POINT('',#4577);
#4577 = CARTESIAN_POINT('',(4.25,2.95,2.));
#4578 = LINE('',#4579,#4580);
#4579 = CARTESIAN_POINT('',(-4.25,2.95,2.));
#4580 = VECTOR('',#4581,1.);
#4581 = DIRECTION('',(1.,0.,0.));
#4582 = ORIENTED_EDGE('',*,*,#4583,.F.);
#4583 = EDGE_CURVE('',#4527,#4576,#4584,.T.);
#4584 = LINE('',#4585,#4586);
#4585 = CARTESIAN_POINT('',(4.25,2.95,1.75));
#4586 = VECTOR('',#4587,1.);
#4587 = DIRECTION('',(0.,2.13162820728E-14,1.));
#4588 = ORIENTED_EDGE('',*,*,#4526,.F.);
#4589 = ORIENTED_EDGE('',*,*,#4455,.F.);
#4590 = ORIENTED_EDGE('',*,*,#4591,.F.);
#4591 = EDGE_CURVE('',#4592,#4448,#4594,.T.);
#4592 = VERTEX_POINT('',#4593);
#4593 = CARTESIAN_POINT('',(-4.95,2.95,2.47));
#4594 = LINE('',#4595,#4596);
#4595 = CARTESIAN_POINT('',(-4.95,2.95,2.47));
#4596 = VECTOR('',#4597,1.);
#4597 = DIRECTION('',(1.,0.,0.));
#4598 = ORIENTED_EDGE('',*,*,#4599,.F.);
#4599 = EDGE_CURVE('',#4558,#4592,#4600,.T.);
#4600 = LINE('',#4601,#4602);
#4601 = CARTESIAN_POINT('',(-4.95,2.95,1.75));
#4602 = VECTOR('',#4603,1.);
#4603 = DIRECTION('',(0.,0.,1.));
#4604 = PLANE('',#4605);
#4605 = AXIS2_PLACEMENT_3D('',#4606,#4607,#4608);
#4606 = CARTESIAN_POINT('',(0.,2.95,0.));
#4607 = DIRECTION('',(0.,1.,0.));
#4608 = DIRECTION('',(1.,0.,0.));
#4609 = ADVANCED_FACE('',(#4610),#4693,.T.);
#4610 = FACE_BOUND('',#4611,.F.);
#4611 = EDGE_LOOP('',(#4612,#4622,#4630,#4638,#4646,#4654,#4660,#4661,
    #4662,#4663,#4671,#4679,#4687));
#4612 = ORIENTED_EDGE('',*,*,#4613,.F.);
#4613 = EDGE_CURVE('',#4614,#4616,#4618,.T.);
#4614 = VERTEX_POINT('',#4615);
#4615 = CARTESIAN_POINT('',(-3.32933982822,2.95,-2.));
#4616 = VERTEX_POINT('',#4617);
#4617 = CARTESIAN_POINT('',(3.32933982822,2.95,-2.));
#4618 = LINE('',#4619,#4620);
#4619 = CARTESIAN_POINT('',(-3.32933982822,2.95,-2.));
#4620 = VECTOR('',#4621,1.);
#4621 = DIRECTION('',(1.,0.,0.));
#4622 = ORIENTED_EDGE('',*,*,#4623,.F.);
#4623 = EDGE_CURVE('',#4624,#4614,#4626,.T.);
#4624 = VERTEX_POINT('',#4625);
#4625 = CARTESIAN_POINT('',(-3.32933982822,2.95,-1.75));
#4626 = LINE('',#4627,#4628);
#4627 = CARTESIAN_POINT('',(-3.32933982822,2.95,-1.75));
#4628 = VECTOR('',#4629,1.);
#4629 = DIRECTION('',(0.,0.,-1.));
#4630 = ORIENTED_EDGE('',*,*,#4631,.T.);
#4631 = EDGE_CURVE('',#4624,#4632,#4634,.T.);
#4632 = VERTEX_POINT('',#4633);
#4633 = CARTESIAN_POINT('',(-4.25,2.95,-0.82933982822));
#4634 = LINE('',#4635,#4636);
#4635 = CARTESIAN_POINT('',(-3.32933982822,2.95,-1.75));
#4636 = VECTOR('',#4637,1.);
#4637 = DIRECTION('',(-0.707106781187,0.,0.707106781187));
#4638 = ORIENTED_EDGE('',*,*,#4639,.T.);
#4639 = EDGE_CURVE('',#4632,#4640,#4642,.T.);
#4640 = VERTEX_POINT('',#4641);
#4641 = CARTESIAN_POINT('',(-4.25,2.95,-4.999999999999E-02));
#4642 = LINE('',#4643,#4644);
#4643 = CARTESIAN_POINT('',(-4.25,2.95,-0.82933982822));
#4644 = VECTOR('',#4645,1.);
#4645 = DIRECTION('',(0.,0.,1.));
#4646 = ORIENTED_EDGE('',*,*,#4647,.F.);
#4647 = EDGE_CURVE('',#4648,#4640,#4650,.T.);
#4648 = VERTEX_POINT('',#4649);
#4649 = CARTESIAN_POINT('',(-4.95,2.95,-4.999999999999E-02));
#4650 = LINE('',#4651,#4652);
#4651 = CARTESIAN_POINT('',(-4.95,2.95,-4.999999999999E-02));
#4652 = VECTOR('',#4653,1.);
#4653 = DIRECTION('',(1.,0.,0.));
#4654 = ORIENTED_EDGE('',*,*,#4655,.F.);
#4655 = EDGE_CURVE('',#4368,#4648,#4656,.T.);
#4656 = LINE('',#4657,#4658);
#4657 = CARTESIAN_POINT('',(-4.95,2.95,-1.19));
#4658 = VECTOR('',#4659,1.);
#4659 = DIRECTION('',(0.,0.,1.));
#4660 = ORIENTED_EDGE('',*,*,#4367,.F.);
#4661 = ORIENTED_EDGE('',*,*,#4406,.F.);
#4662 = ORIENTED_EDGE('',*,*,#4510,.F.);
#4663 = ORIENTED_EDGE('',*,*,#4664,.T.);
#4664 = EDGE_CURVE('',#4503,#4665,#4667,.T.);
#4665 = VERTEX_POINT('',#4666);
#4666 = CARTESIAN_POINT('',(4.25,2.95,-4.999999999999E-02));
#4667 = LINE('',#4668,#4669);
#4668 = CARTESIAN_POINT('',(4.95,2.95,-4.999999999999E-02));
#4669 = VECTOR('',#4670,1.);
#4670 = DIRECTION('',(-1.,0.,0.));
#4671 = ORIENTED_EDGE('',*,*,#4672,.T.);
#4672 = EDGE_CURVE('',#4665,#4673,#4675,.T.);
#4673 = VERTEX_POINT('',#4674);
#4674 = CARTESIAN_POINT('',(4.25,2.95,-0.82933982822));
#4675 = LINE('',#4676,#4677);
#4676 = CARTESIAN_POINT('',(4.25,2.95,-4.999999999999E-02));
#4677 = VECTOR('',#4678,1.);
#4678 = DIRECTION('',(0.,0.,-1.));
#4679 = ORIENTED_EDGE('',*,*,#4680,.T.);
#4680 = EDGE_CURVE('',#4673,#4681,#4683,.T.);
#4681 = VERTEX_POINT('',#4682);
#4682 = CARTESIAN_POINT('',(3.32933982822,2.95,-1.75));
#4683 = LINE('',#4684,#4685);
#4684 = CARTESIAN_POINT('',(4.25,2.95,-0.82933982822));
#4685 = VECTOR('',#4686,1.);
#4686 = DIRECTION('',(-0.707106781187,0.,-0.707106781187));
#4687 = ORIENTED_EDGE('',*,*,#4688,.T.);
#4688 = EDGE_CURVE('',#4681,#4616,#4689,.T.);
#4689 = LINE('',#4690,#4691);
#4690 = CARTESIAN_POINT('',(3.32933982822,2.95,-1.75));
#4691 = VECTOR('',#4692,1.);
#4692 = DIRECTION('',(0.,0.,-1.));
#4693 = PLANE('',#4694);
#4694 = AXIS2_PLACEMENT_3D('',#4695,#4696,#4697);
#4695 = CARTESIAN_POINT('',(0.,2.95,0.));
#4696 = DIRECTION('',(0.,1.,0.));
#4697 = DIRECTION('',(1.,0.,0.));
#4698 = ADVANCED_FACE('',(#4699),#4724,.T.);
#4699 = FACE_BOUND('',#4700,.F.);
#4700 = EDGE_LOOP('',(#4701,#4702,#4710,#4718));
#4701 = ORIENTED_EDGE('',*,*,#4557,.F.);
#4702 = ORIENTED_EDGE('',*,*,#4703,.T.);
#4703 = EDGE_CURVE('',#4558,#4704,#4706,.T.);
#4704 = VERTEX_POINT('',#4705);
#4705 = CARTESIAN_POINT('',(-4.95,2.45,1.25));
#4706 = LINE('',#4707,#4708);
#4707 = CARTESIAN_POINT('',(-4.95,2.95,1.75));
#4708 = VECTOR('',#4709,1.);
#4709 = DIRECTION('',(0.,-0.707106781187,-0.707106781187));
#4710 = ORIENTED_EDGE('',*,*,#4711,.T.);
#4711 = EDGE_CURVE('',#4704,#4712,#4714,.T.);
#4712 = VERTEX_POINT('',#4713);
#4713 = CARTESIAN_POINT('',(-4.25,2.45,1.25));
#4714 = LINE('',#4715,#4716);
#4715 = CARTESIAN_POINT('',(-4.95,2.45,1.25));
#4716 = VECTOR('',#4717,1.);
#4717 = DIRECTION('',(1.,0.,0.));
#4718 = ORIENTED_EDGE('',*,*,#4719,.F.);
#4719 = EDGE_CURVE('',#4560,#4712,#4720,.T.);
#4720 = LINE('',#4721,#4722);
#4721 = CARTESIAN_POINT('',(-4.25,2.95,1.75));
#4722 = VECTOR('',#4723,1.);
#4723 = DIRECTION('',(0.,-0.707106781187,-0.707106781186));
#4724 = PLANE('',#4725);
#4725 = AXIS2_PLACEMENT_3D('',#4726,#4727,#4728);
#4726 = CARTESIAN_POINT('',(-4.95,2.95,1.75));
#4727 = DIRECTION('',(0.,0.707106781187,-0.707106781187));
#4728 = DIRECTION('',(0.,-0.707106781187,-0.707106781187));
#4729 = ADVANCED_FACE('',(#4730),#4756,.T.);
#4730 = FACE_BOUND('',#4731,.F.);
#4731 = EDGE_LOOP('',(#4732,#4733,#4734,#4742,#4750));
#4732 = ORIENTED_EDGE('',*,*,#4703,.F.);
#4733 = ORIENTED_EDGE('',*,*,#4599,.T.);
#4734 = ORIENTED_EDGE('',*,*,#4735,.F.);
#4735 = EDGE_CURVE('',#4736,#4592,#4738,.T.);
#4736 = VERTEX_POINT('',#4737);
#4737 = CARTESIAN_POINT('',(-4.95,-1.95,2.47));
#4738 = LINE('',#4739,#4740);
#4739 = CARTESIAN_POINT('',(-4.95,-1.95,2.47));
#4740 = VECTOR('',#4741,1.);
#4741 = DIRECTION('',(0.,1.,0.));
#4742 = ORIENTED_EDGE('',*,*,#4743,.T.);
#4743 = EDGE_CURVE('',#4736,#4744,#4746,.T.);
#4744 = VERTEX_POINT('',#4745);
#4745 = CARTESIAN_POINT('',(-4.95,-1.95,1.25));
#4746 = LINE('',#4747,#4748);
#4747 = CARTESIAN_POINT('',(-4.95,-1.95,2.47));
#4748 = VECTOR('',#4749,1.);
#4749 = DIRECTION('',(0.,0.,-1.));
#4750 = ORIENTED_EDGE('',*,*,#4751,.F.);
#4751 = EDGE_CURVE('',#4704,#4744,#4752,.T.);
#4752 = LINE('',#4753,#4754);
#4753 = CARTESIAN_POINT('',(-4.95,2.45,1.25));
#4754 = VECTOR('',#4755,1.);
#4755 = DIRECTION('',(0.,-1.,0.));
#4756 = PLANE('',#4757);
#4757 = AXIS2_PLACEMENT_3D('',#4758,#4759,#4760);
#4758 = CARTESIAN_POINT('',(-4.95,-2.95,-1.19));
#4759 = DIRECTION('',(-1.,0.,0.));
#4760 = DIRECTION('',(0.,0.,1.));
#4761 = ADVANCED_FACE('',(#4762),#4804,.T.);
#4762 = FACE_BOUND('',#4763,.F.);
#4763 = EDGE_LOOP('',(#4764,#4772,#4773,#4774,#4782,#4790,#4798));
#4764 = ORIENTED_EDGE('',*,*,#4765,.F.);
#4765 = EDGE_CURVE('',#4376,#4766,#4768,.T.);
#4766 = VERTEX_POINT('',#4767);
#4767 = CARTESIAN_POINT('',(-4.95,-2.85,-0.25));
#4768 = LINE('',#4769,#4770);
#4769 = CARTESIAN_POINT('',(-4.95,-2.85,-1.19));
#4770 = VECTOR('',#4771,1.);
#4771 = DIRECTION('',(0.,0.,1.));
#4772 = ORIENTED_EDGE('',*,*,#4375,.T.);
#4773 = ORIENTED_EDGE('',*,*,#4655,.T.);
#4774 = ORIENTED_EDGE('',*,*,#4775,.F.);
#4775 = EDGE_CURVE('',#4776,#4648,#4778,.T.);
#4776 = VERTEX_POINT('',#4777);
#4777 = CARTESIAN_POINT('',(-4.95,2.45,0.45));
#4778 = LINE('',#4779,#4780);
#4779 = CARTESIAN_POINT('',(-4.95,2.45,0.45));
#4780 = VECTOR('',#4781,1.);
#4781 = DIRECTION('',(0.,0.707106781187,-0.707106781187));
#4782 = ORIENTED_EDGE('',*,*,#4783,.F.);
#4783 = EDGE_CURVE('',#4784,#4776,#4786,.T.);
#4784 = VERTEX_POINT('',#4785);
#4785 = CARTESIAN_POINT('',(-4.95,1.95,0.45));
#4786 = LINE('',#4787,#4788);
#4787 = CARTESIAN_POINT('',(-4.95,1.95,0.45));
#4788 = VECTOR('',#4789,1.);
#4789 = DIRECTION('',(0.,1.,0.));
#4790 = ORIENTED_EDGE('',*,*,#4791,.F.);
#4791 = EDGE_CURVE('',#4792,#4784,#4794,.T.);
#4792 = VERTEX_POINT('',#4793);
#4793 = CARTESIAN_POINT('',(-4.95,1.95,-0.25));
#4794 = LINE('',#4795,#4796);
#4795 = CARTESIAN_POINT('',(-4.95,1.95,-0.25));
#4796 = VECTOR('',#4797,1.);
#4797 = DIRECTION('',(0.,0.,1.));
#4798 = ORIENTED_EDGE('',*,*,#4799,.F.);
#4799 = EDGE_CURVE('',#4766,#4792,#4800,.T.);
#4800 = LINE('',#4801,#4802);
#4801 = CARTESIAN_POINT('',(-4.95,-2.85,-0.25));
#4802 = VECTOR('',#4803,1.);
#4803 = DIRECTION('',(0.,1.,0.));
#4804 = PLANE('',#4805);
#4805 = AXIS2_PLACEMENT_3D('',#4806,#4807,#4808);
#4806 = CARTESIAN_POINT('',(-4.95,-2.95,-1.19));
#4807 = DIRECTION('',(-1.,0.,0.));
#4808 = DIRECTION('',(0.,0.,1.));
#4809 = ADVANCED_FACE('',(#4810),#4821,.T.);
#4810 = FACE_BOUND('',#4811,.F.);
#4811 = EDGE_LOOP('',(#4812,#4818,#4819,#4820));
#4812 = ORIENTED_EDGE('',*,*,#4813,.F.);
#4813 = EDGE_CURVE('',#4736,#4440,#4814,.T.);
#4814 = LINE('',#4815,#4816);
#4815 = CARTESIAN_POINT('',(-4.95,-1.95,2.47));
#4816 = VECTOR('',#4817,1.);
#4817 = DIRECTION('',(1.,0.,0.));
#4818 = ORIENTED_EDGE('',*,*,#4735,.T.);
#4819 = ORIENTED_EDGE('',*,*,#4591,.T.);
#4820 = ORIENTED_EDGE('',*,*,#4447,.F.);
#4821 = PLANE('',#4822);
#4822 = AXIS2_PLACEMENT_3D('',#4823,#4824,#4825);
#4823 = CARTESIAN_POINT('',(-4.95,-2.95,2.47));
#4824 = DIRECTION('',(0.,0.,1.));
#4825 = DIRECTION('',(1.,0.,-0.));
#4826 = ADVANCED_FACE('',(#4827),#4870,.F.);
#4827 = FACE_BOUND('',#4828,.F.);
#4828 = EDGE_LOOP('',(#4829,#4839,#4847,#4853,#4854,#4855,#4856,#4864));
#4829 = ORIENTED_EDGE('',*,*,#4830,.T.);
#4830 = EDGE_CURVE('',#4831,#4833,#4835,.T.);
#4831 = VERTEX_POINT('',#4832);
#4832 = CARTESIAN_POINT('',(4.25,-1.95,1.47));
#4833 = VERTEX_POINT('',#4834);
#4834 = CARTESIAN_POINT('',(-4.25,-1.95,1.47));
#4835 = LINE('',#4836,#4837);
#4836 = CARTESIAN_POINT('',(4.25,-1.95,1.47));
#4837 = VECTOR('',#4838,1.);
#4838 = DIRECTION('',(-1.,0.,0.));
#4839 = ORIENTED_EDGE('',*,*,#4840,.F.);
#4840 = EDGE_CURVE('',#4841,#4833,#4843,.T.);
#4841 = VERTEX_POINT('',#4842);
#4842 = CARTESIAN_POINT('',(-4.25,-1.95,1.25));
#4843 = LINE('',#4844,#4845);
#4844 = CARTESIAN_POINT('',(-4.25,-1.95,1.25));
#4845 = VECTOR('',#4846,1.);
#4846 = DIRECTION('',(0.,0.,1.));
#4847 = ORIENTED_EDGE('',*,*,#4848,.F.);
#4848 = EDGE_CURVE('',#4744,#4841,#4849,.T.);
#4849 = LINE('',#4850,#4851);
#4850 = CARTESIAN_POINT('',(-4.95,-1.95,1.25));
#4851 = VECTOR('',#4852,1.);
#4852 = DIRECTION('',(1.,0.,0.));
#4853 = ORIENTED_EDGE('',*,*,#4743,.F.);
#4854 = ORIENTED_EDGE('',*,*,#4813,.T.);
#4855 = ORIENTED_EDGE('',*,*,#4439,.T.);
#4856 = ORIENTED_EDGE('',*,*,#4857,.T.);
#4857 = EDGE_CURVE('',#4432,#4858,#4860,.T.);
#4858 = VERTEX_POINT('',#4859);
#4859 = CARTESIAN_POINT('',(4.25,-1.95,1.25));
#4860 = LINE('',#4861,#4862);
#4861 = CARTESIAN_POINT('',(4.95,-1.95,1.25));
#4862 = VECTOR('',#4863,1.);
#4863 = DIRECTION('',(-1.,0.,0.));
#4864 = ORIENTED_EDGE('',*,*,#4865,.T.);
#4865 = EDGE_CURVE('',#4858,#4831,#4866,.T.);
#4866 = LINE('',#4867,#4868);
#4867 = CARTESIAN_POINT('',(4.25,-1.95,1.25));
#4868 = VECTOR('',#4869,1.);
#4869 = DIRECTION('',(0.,0.,1.));
#4870 = PLANE('',#4871);
#4871 = AXIS2_PLACEMENT_3D('',#4872,#4873,#4874);
#4872 = CARTESIAN_POINT('',(4.95,-1.95,1.25));
#4873 = DIRECTION('',(0.,1.,0.));
#4874 = DIRECTION('',(0.,-0.,1.));
#4875 = ADVANCED_FACE('',(#4876),#4892,.T.);
#4876 = FACE_BOUND('',#4877,.F.);
#4877 = EDGE_LOOP('',(#4878,#4879,#4885,#4886));
#4878 = ORIENTED_EDGE('',*,*,#4304,.F.);
#4879 = ORIENTED_EDGE('',*,*,#4880,.T.);
#4880 = EDGE_CURVE('',#4297,#4833,#4881,.T.);
#4881 = LINE('',#4882,#4883);
#4882 = CARTESIAN_POINT('',(-4.25,-2.95,1.47));
#4883 = VECTOR('',#4884,1.);
#4884 = DIRECTION('',(0.,1.,0.));
#4885 = ORIENTED_EDGE('',*,*,#4830,.F.);
#4886 = ORIENTED_EDGE('',*,*,#4887,.F.);
#4887 = EDGE_CURVE('',#4305,#4831,#4888,.T.);
#4888 = LINE('',#4889,#4890);
#4889 = CARTESIAN_POINT('',(4.25,-2.95,1.47));
#4890 = VECTOR('',#4891,1.);
#4891 = DIRECTION('',(0.,1.,0.));
#4892 = PLANE('',#4893);
#4893 = AXIS2_PLACEMENT_3D('',#4894,#4895,#4896);
#4894 = CARTESIAN_POINT('',(-4.95,-2.95,1.47));
#4895 = DIRECTION('',(0.,0.,1.));
#4896 = DIRECTION('',(1.,0.,-0.));
#4897 = ADVANCED_FACE('',(#4898),#4941,.F.);
#4898 = FACE_BOUND('',#4899,.F.);
#4899 = EDGE_LOOP('',(#4900,#4910,#4918,#4926,#4932,#4933,#4934,#4935));
#4900 = ORIENTED_EDGE('',*,*,#4901,.F.);
#4901 = EDGE_CURVE('',#4902,#4904,#4906,.T.);
#4902 = VERTEX_POINT('',#4903);
#4903 = CARTESIAN_POINT('',(-4.25,-2.85,-0.25));
#4904 = VERTEX_POINT('',#4905);
#4905 = CARTESIAN_POINT('',(-4.25,-2.85,0.62));
#4906 = LINE('',#4907,#4908);
#4907 = CARTESIAN_POINT('',(-4.25,-2.85,-0.25));
#4908 = VECTOR('',#4909,1.);
#4909 = DIRECTION('',(0.,0.,1.));
#4910 = ORIENTED_EDGE('',*,*,#4911,.T.);
#4911 = EDGE_CURVE('',#4902,#4912,#4914,.T.);
#4912 = VERTEX_POINT('',#4913);
#4913 = CARTESIAN_POINT('',(-4.25,-1.05,-0.25));
#4914 = LINE('',#4915,#4916);
#4915 = CARTESIAN_POINT('',(-4.25,-2.85,-0.25));
#4916 = VECTOR('',#4917,1.);
#4917 = DIRECTION('',(0.,1.,0.));
#4918 = ORIENTED_EDGE('',*,*,#4919,.F.);
#4919 = EDGE_CURVE('',#4920,#4912,#4922,.T.);
#4920 = VERTEX_POINT('',#4921);
#4921 = CARTESIAN_POINT('',(-4.25,-1.05,1.25));
#4922 = LINE('',#4923,#4924);
#4923 = CARTESIAN_POINT('',(-4.25,-1.05,1.25));
#4924 = VECTOR('',#4925,1.);
#4925 = DIRECTION('',(0.,0.,-1.));
#4926 = ORIENTED_EDGE('',*,*,#4927,.T.);
#4927 = EDGE_CURVE('',#4920,#4841,#4928,.T.);
#4928 = LINE('',#4929,#4930);
#4929 = CARTESIAN_POINT('',(-4.25,-1.05,1.25));
#4930 = VECTOR('',#4931,1.);
#4931 = DIRECTION('',(0.,-1.,0.));
#4932 = ORIENTED_EDGE('',*,*,#4840,.T.);
#4933 = ORIENTED_EDGE('',*,*,#4880,.F.);
#4934 = ORIENTED_EDGE('',*,*,#4296,.T.);
#4935 = ORIENTED_EDGE('',*,*,#4936,.T.);
#4936 = EDGE_CURVE('',#4287,#4904,#4937,.T.);
#4937 = LINE('',#4938,#4939);
#4938 = CARTESIAN_POINT('',(-4.25,-2.95,0.62));
#4939 = VECTOR('',#4940,1.);
#4940 = DIRECTION('',(0.,1.,0.));
#4941 = PLANE('',#4942);
#4942 = AXIS2_PLACEMENT_3D('',#4943,#4944,#4945);
#4943 = CARTESIAN_POINT('',(-4.25,-2.95,2.47));
#4944 = DIRECTION('',(1.,0.,0.));
#4945 = DIRECTION('',(0.,0.,-1.));
#4946 = ADVANCED_FACE('',(#4947,#4982,#5002,#5022),#5042,.F.);
#4947 = FACE_BOUND('',#4948,.F.);
#4948 = EDGE_LOOP('',(#4949,#4950,#4956,#4957,#4965,#4973,#4979,#4980,
    #4981));
#4949 = ORIENTED_EDGE('',*,*,#4765,.T.);
#4950 = ORIENTED_EDGE('',*,*,#4951,.F.);
#4951 = EDGE_CURVE('',#4902,#4766,#4952,.T.);
#4952 = LINE('',#4953,#4954);
#4953 = CARTESIAN_POINT('',(-4.25,-2.85,-0.25));
#4954 = VECTOR('',#4955,1.);
#4955 = DIRECTION('',(-1.,0.,0.));
#4956 = ORIENTED_EDGE('',*,*,#4901,.T.);
#4957 = ORIENTED_EDGE('',*,*,#4958,.F.);
#4958 = EDGE_CURVE('',#4959,#4904,#4961,.T.);
#4959 = VERTEX_POINT('',#4960);
#4960 = CARTESIAN_POINT('',(4.25,-2.85,0.62));
#4961 = LINE('',#4962,#4963);
#4962 = CARTESIAN_POINT('',(4.25,-2.85,0.62));
#4963 = VECTOR('',#4964,1.);
#4964 = DIRECTION('',(-1.,0.,0.));
#4965 = ORIENTED_EDGE('',*,*,#4966,.F.);
#4966 = EDGE_CURVE('',#4967,#4959,#4969,.T.);
#4967 = VERTEX_POINT('',#4968);
#4968 = CARTESIAN_POINT('',(4.25,-2.85,-0.25));
#4969 = LINE('',#4970,#4971);
#4970 = CARTESIAN_POINT('',(4.25,-2.85,-0.25));
#4971 = VECTOR('',#4972,1.);
#4972 = DIRECTION('',(0.,0.,1.));
#4973 = ORIENTED_EDGE('',*,*,#4974,.T.);
#4974 = EDGE_CURVE('',#4967,#4471,#4975,.T.);
#4975 = LINE('',#4976,#4977);
#4976 = CARTESIAN_POINT('',(4.25,-2.85,-0.25));
#4977 = VECTOR('',#4978,1.);
#4978 = DIRECTION('',(1.,0.,0.));
#4979 = ORIENTED_EDGE('',*,*,#4470,.F.);
#4980 = ORIENTED_EDGE('',*,*,#4335,.T.);
#4981 = ORIENTED_EDGE('',*,*,#4383,.F.);
#4982 = FACE_BOUND('',#4983,.F.);
#4983 = EDGE_LOOP('',(#4984,#4995));
#4984 = ORIENTED_EDGE('',*,*,#4985,.T.);
#4985 = EDGE_CURVE('',#4986,#4988,#4990,.T.);
#4986 = VERTEX_POINT('',#4987);
#4987 = CARTESIAN_POINT('',(2.5,-2.85,-0.98));
#4988 = VERTEX_POINT('',#4989);
#4989 = CARTESIAN_POINT('',(2.5,-2.85,-0.28));
#4990 = CIRCLE('',#4991,0.35);
#4991 = AXIS2_PLACEMENT_3D('',#4992,#4993,#4994);
#4992 = CARTESIAN_POINT('',(2.5,-2.85,-0.63));
#4993 = DIRECTION('',(0.,-1.,0.));
#4994 = DIRECTION('',(0.,0.,-1.));
#4995 = ORIENTED_EDGE('',*,*,#4996,.T.);
#4996 = EDGE_CURVE('',#4988,#4986,#4997,.T.);
#4997 = CIRCLE('',#4998,0.35);
#4998 = AXIS2_PLACEMENT_3D('',#4999,#5000,#5001);
#4999 = CARTESIAN_POINT('',(2.5,-2.85,-0.63));
#5000 = DIRECTION('',(0.,-1.,0.));
#5001 = DIRECTION('',(0.,0.,1.));
#5002 = FACE_BOUND('',#5003,.F.);
#5003 = EDGE_LOOP('',(#5004,#5015));
#5004 = ORIENTED_EDGE('',*,*,#5005,.T.);
#5005 = EDGE_CURVE('',#5006,#5008,#5010,.T.);
#5006 = VERTEX_POINT('',#5007);
#5007 = CARTESIAN_POINT('',(0.,-2.85,-0.98));
#5008 = VERTEX_POINT('',#5009);
#5009 = CARTESIAN_POINT('',(0.,-2.85,-0.28));
#5010 = CIRCLE('',#5011,0.35);
#5011 = AXIS2_PLACEMENT_3D('',#5012,#5013,#5014);
#5012 = CARTESIAN_POINT('',(0.,-2.85,-0.63));
#5013 = DIRECTION('',(0.,-1.,0.));
#5014 = DIRECTION('',(0.,0.,-1.));
#5015 = ORIENTED_EDGE('',*,*,#5016,.T.);
#5016 = EDGE_CURVE('',#5008,#5006,#5017,.T.);
#5017 = CIRCLE('',#5018,0.35);
#5018 = AXIS2_PLACEMENT_3D('',#5019,#5020,#5021);
#5019 = CARTESIAN_POINT('',(0.,-2.85,-0.63));
#5020 = DIRECTION('',(0.,-1.,0.));
#5021 = DIRECTION('',(0.,0.,1.));
#5022 = FACE_BOUND('',#5023,.F.);
#5023 = EDGE_LOOP('',(#5024,#5035));
#5024 = ORIENTED_EDGE('',*,*,#5025,.T.);
#5025 = EDGE_CURVE('',#5026,#5028,#5030,.T.);
#5026 = VERTEX_POINT('',#5027);
#5027 = CARTESIAN_POINT('',(-2.5,-2.85,-0.98));
#5028 = VERTEX_POINT('',#5029);
#5029 = CARTESIAN_POINT('',(-2.5,-2.85,-0.28));
#5030 = CIRCLE('',#5031,0.35);
#5031 = AXIS2_PLACEMENT_3D('',#5032,#5033,#5034);
#5032 = CARTESIAN_POINT('',(-2.5,-2.85,-0.63));
#5033 = DIRECTION('',(0.,-1.,0.));
#5034 = DIRECTION('',(0.,0.,-1.));
#5035 = ORIENTED_EDGE('',*,*,#5036,.T.);
#5036 = EDGE_CURVE('',#5028,#5026,#5037,.T.);
#5037 = CIRCLE('',#5038,0.35);
#5038 = AXIS2_PLACEMENT_3D('',#5039,#5040,#5041);
#5039 = CARTESIAN_POINT('',(-2.5,-2.85,-0.63));
#5040 = DIRECTION('',(0.,-1.,0.));
#5041 = DIRECTION('',(0.,0.,1.));
#5042 = PLANE('',#5043);
#5043 = AXIS2_PLACEMENT_3D('',#5044,#5045,#5046);
#5044 = CARTESIAN_POINT('',(4.95,-2.85,-1.58));
#5045 = DIRECTION('',(0.,1.,0.));
#5046 = DIRECTION('',(0.,-0.,1.));
#5047 = ADVANCED_FACE('',(#5048),#5067,.T.);
#5048 = FACE_BOUND('',#5049,.F.);
#5049 = EDGE_LOOP('',(#5050,#5051,#5052,#5060,#5066));
#5050 = ORIENTED_EDGE('',*,*,#4951,.T.);
#5051 = ORIENTED_EDGE('',*,*,#4799,.T.);
#5052 = ORIENTED_EDGE('',*,*,#5053,.T.);
#5053 = EDGE_CURVE('',#4792,#5054,#5056,.T.);
#5054 = VERTEX_POINT('',#5055);
#5055 = CARTESIAN_POINT('',(-4.25,1.95,-0.25));
#5056 = LINE('',#5057,#5058);
#5057 = CARTESIAN_POINT('',(-4.95,1.95,-0.25));
#5058 = VECTOR('',#5059,1.);
#5059 = DIRECTION('',(1.,0.,0.));
#5060 = ORIENTED_EDGE('',*,*,#5061,.F.);
#5061 = EDGE_CURVE('',#4912,#5054,#5062,.T.);
#5062 = LINE('',#5063,#5064);
#5063 = CARTESIAN_POINT('',(-4.25,-1.05,-0.25));
#5064 = VECTOR('',#5065,1.);
#5065 = DIRECTION('',(0.,1.,0.));
#5066 = ORIENTED_EDGE('',*,*,#4911,.F.);
#5067 = PLANE('',#5068);
#5068 = AXIS2_PLACEMENT_3D('',#5069,#5070,#5071);
#5069 = CARTESIAN_POINT('',(-4.95,-2.95,-0.25));
#5070 = DIRECTION('',(0.,0.,1.));
#5071 = DIRECTION('',(0.,1.,0.));
#5072 = ADVANCED_FACE('',(#5073),#5091,.T.);
#5073 = FACE_BOUND('',#5074,.F.);
#5074 = EDGE_LOOP('',(#5075,#5076,#5084,#5090));
#5075 = ORIENTED_EDGE('',*,*,#4791,.T.);
#5076 = ORIENTED_EDGE('',*,*,#5077,.T.);
#5077 = EDGE_CURVE('',#4784,#5078,#5080,.T.);
#5078 = VERTEX_POINT('',#5079);
#5079 = CARTESIAN_POINT('',(-4.25,1.95,0.45));
#5080 = LINE('',#5081,#5082);
#5081 = CARTESIAN_POINT('',(-4.95,1.95,0.45));
#5082 = VECTOR('',#5083,1.);
#5083 = DIRECTION('',(1.,0.,0.));
#5084 = ORIENTED_EDGE('',*,*,#5085,.F.);
#5085 = EDGE_CURVE('',#5054,#5078,#5086,.T.);
#5086 = LINE('',#5087,#5088);
#5087 = CARTESIAN_POINT('',(-4.25,1.95,-0.25));
#5088 = VECTOR('',#5089,1.);
#5089 = DIRECTION('',(0.,0.,1.));
#5090 = ORIENTED_EDGE('',*,*,#5053,.F.);
#5091 = PLANE('',#5092);
#5092 = AXIS2_PLACEMENT_3D('',#5093,#5094,#5095);
#5093 = CARTESIAN_POINT('',(-4.95,1.95,-0.25));
#5094 = DIRECTION('',(0.,-1.,0.));
#5095 = DIRECTION('',(0.,0.,1.));
#5096 = ADVANCED_FACE('',(#5097),#5115,.T.);
#5097 = FACE_BOUND('',#5098,.F.);
#5098 = EDGE_LOOP('',(#5099,#5100,#5108,#5114));
#5099 = ORIENTED_EDGE('',*,*,#4783,.T.);
#5100 = ORIENTED_EDGE('',*,*,#5101,.T.);
#5101 = EDGE_CURVE('',#4776,#5102,#5104,.T.);
#5102 = VERTEX_POINT('',#5103);
#5103 = CARTESIAN_POINT('',(-4.25,2.45,0.45));
#5104 = LINE('',#5105,#5106);
#5105 = CARTESIAN_POINT('',(-4.95,2.45,0.45));
#5106 = VECTOR('',#5107,1.);
#5107 = DIRECTION('',(1.,0.,0.));
#5108 = ORIENTED_EDGE('',*,*,#5109,.F.);
#5109 = EDGE_CURVE('',#5078,#5102,#5110,.T.);
#5110 = LINE('',#5111,#5112);
#5111 = CARTESIAN_POINT('',(-4.25,1.95,0.45));
#5112 = VECTOR('',#5113,1.);
#5113 = DIRECTION('',(0.,1.,0.));
#5114 = ORIENTED_EDGE('',*,*,#5077,.F.);
#5115 = PLANE('',#5116);
#5116 = AXIS2_PLACEMENT_3D('',#5117,#5118,#5119);
#5117 = CARTESIAN_POINT('',(-4.95,1.95,0.45));
#5118 = DIRECTION('',(0.,0.,1.));
#5119 = DIRECTION('',(0.,1.,0.));
#5120 = ADVANCED_FACE('',(#5121),#5132,.T.);
#5121 = FACE_BOUND('',#5122,.F.);
#5122 = EDGE_LOOP('',(#5123,#5124,#5130,#5131));
#5123 = ORIENTED_EDGE('',*,*,#4647,.T.);
#5124 = ORIENTED_EDGE('',*,*,#5125,.F.);
#5125 = EDGE_CURVE('',#5102,#4640,#5126,.T.);
#5126 = LINE('',#5127,#5128);
#5127 = CARTESIAN_POINT('',(-4.25,2.45,0.45));
#5128 = VECTOR('',#5129,1.);
#5129 = DIRECTION('',(0.,0.707106781187,-0.707106781187));
#5130 = ORIENTED_EDGE('',*,*,#5101,.F.);
#5131 = ORIENTED_EDGE('',*,*,#4775,.T.);
#5132 = PLANE('',#5133);
#5133 = AXIS2_PLACEMENT_3D('',#5134,#5135,#5136);
#5134 = CARTESIAN_POINT('',(-4.95,2.45,0.45));
#5135 = DIRECTION('',(0.,0.707106781187,0.707106781187));
#5136 = DIRECTION('',(0.,0.707106781187,-0.707106781187));
#5137 = ADVANCED_FACE('',(#5138),#5170,.F.);
#5138 = FACE_BOUND('',#5139,.F.);
#5139 = EDGE_LOOP('',(#5140,#5141,#5147,#5155,#5163,#5169));
#5140 = ORIENTED_EDGE('',*,*,#4719,.T.);
#5141 = ORIENTED_EDGE('',*,*,#5142,.F.);
#5142 = EDGE_CURVE('',#4920,#4712,#5143,.T.);
#5143 = LINE('',#5144,#5145);
#5144 = CARTESIAN_POINT('',(-4.25,-1.05,1.25));
#5145 = VECTOR('',#5146,1.);
#5146 = DIRECTION('',(0.,1.,0.));
#5147 = ORIENTED_EDGE('',*,*,#5148,.T.);
#5148 = EDGE_CURVE('',#4920,#5149,#5151,.T.);
#5149 = VERTEX_POINT('',#5150);
#5150 = CARTESIAN_POINT('',(-4.25,-1.05,1.75));
#5151 = LINE('',#5152,#5153);
#5152 = CARTESIAN_POINT('',(-4.25,-1.05,1.25));
#5153 = VECTOR('',#5154,1.);
#5154 = DIRECTION('',(0.,0.,1.));
#5155 = ORIENTED_EDGE('',*,*,#5156,.F.);
#5156 = EDGE_CURVE('',#5157,#5149,#5159,.T.);
#5157 = VERTEX_POINT('',#5158);
#5158 = CARTESIAN_POINT('',(-4.25,2.7,1.75));
#5159 = LINE('',#5160,#5161);
#5160 = CARTESIAN_POINT('',(-4.25,2.7,1.75));
#5161 = VECTOR('',#5162,1.);
#5162 = DIRECTION('',(0.,-1.,0.));
#5163 = ORIENTED_EDGE('',*,*,#5164,.F.);
#5164 = EDGE_CURVE('',#4568,#5157,#5165,.T.);
#5165 = LINE('',#5166,#5167);
#5166 = CARTESIAN_POINT('',(-4.25,2.95,2.));
#5167 = VECTOR('',#5168,1.);
#5168 = DIRECTION('',(0.,-0.707106781187,-0.707106781186));
#5169 = ORIENTED_EDGE('',*,*,#4567,.F.);
#5170 = PLANE('',#5171);
#5171 = AXIS2_PLACEMENT_3D('',#5172,#5173,#5174);
#5172 = CARTESIAN_POINT('',(-4.25,2.95,-0.82933982822));
#5173 = DIRECTION('',(-1.,0.,0.));
#5174 = DIRECTION('',(0.,0.,1.));
#5175 = ADVANCED_FACE('',(#5176),#5197,.F.);
#5176 = FACE_BOUND('',#5177,.F.);
#5177 = EDGE_LOOP('',(#5178,#5179,#5180,#5181,#5182,#5183,#5191));
#5178 = ORIENTED_EDGE('',*,*,#5061,.T.);
#5179 = ORIENTED_EDGE('',*,*,#5085,.T.);
#5180 = ORIENTED_EDGE('',*,*,#5109,.T.);
#5181 = ORIENTED_EDGE('',*,*,#5125,.T.);
#5182 = ORIENTED_EDGE('',*,*,#4639,.F.);
#5183 = ORIENTED_EDGE('',*,*,#5184,.T.);
#5184 = EDGE_CURVE('',#4632,#5185,#5187,.T.);
#5185 = VERTEX_POINT('',#5186);
#5186 = CARTESIAN_POINT('',(-4.25,-1.05,-0.82933982822));
#5187 = LINE('',#5188,#5189);
#5188 = CARTESIAN_POINT('',(-4.25,2.95,-0.82933982822));
#5189 = VECTOR('',#5190,1.);
#5190 = DIRECTION('',(0.,-1.,0.));
#5191 = ORIENTED_EDGE('',*,*,#5192,.T.);
#5192 = EDGE_CURVE('',#5185,#4912,#5193,.T.);
#5193 = LINE('',#5194,#5195);
#5194 = CARTESIAN_POINT('',(-4.25,-1.05,-0.82933982822));
#5195 = VECTOR('',#5196,1.);
#5196 = DIRECTION('',(0.,0.,1.));
#5197 = PLANE('',#5198);
#5198 = AXIS2_PLACEMENT_3D('',#5199,#5200,#5201);
#5199 = CARTESIAN_POINT('',(-4.25,2.95,-0.82933982822));
#5200 = DIRECTION('',(-1.,0.,0.));
#5201 = DIRECTION('',(0.,0.,1.));
#5202 = ADVANCED_FACE('',(#5203),#5210,.T.);
#5203 = FACE_BOUND('',#5204,.F.);
#5204 = EDGE_LOOP('',(#5205,#5206,#5207,#5208,#5209));
#5205 = ORIENTED_EDGE('',*,*,#4751,.T.);
#5206 = ORIENTED_EDGE('',*,*,#4848,.T.);
#5207 = ORIENTED_EDGE('',*,*,#4927,.F.);
#5208 = ORIENTED_EDGE('',*,*,#5142,.T.);
#5209 = ORIENTED_EDGE('',*,*,#4711,.F.);
#5210 = PLANE('',#5211);
#5211 = AXIS2_PLACEMENT_3D('',#5212,#5213,#5214);
#5212 = CARTESIAN_POINT('',(-4.95,2.45,1.25));
#5213 = DIRECTION('',(0.,0.,-1.));
#5214 = DIRECTION('',(0.,-1.,0.));
#5215 = ADVANCED_FACE('',(#5216,#5323,#5343,#5363),#5383,.F.);
#5216 = FACE_BOUND('',#5217,.F.);
#5217 = EDGE_LOOP('',(#5218,#5228,#5236,#5244,#5252,#5260,#5268,#5276,
    #5284,#5292,#5300,#5306,#5307,#5308,#5309,#5317));
#5218 = ORIENTED_EDGE('',*,*,#5219,.T.);
#5219 = EDGE_CURVE('',#5220,#5222,#5224,.T.);
#5220 = VERTEX_POINT('',#5221);
#5221 = CARTESIAN_POINT('',(-1.675,-1.05,-1.75));
#5222 = VERTEX_POINT('',#5223);
#5223 = CARTESIAN_POINT('',(-1.25,-1.05,-1.3));
#5224 = LINE('',#5225,#5226);
#5225 = CARTESIAN_POINT('',(-1.675,-1.05,-1.75));
#5226 = VECTOR('',#5227,1.);
#5227 = DIRECTION('',(0.686623532964,0.,0.72701315255));
#5228 = ORIENTED_EDGE('',*,*,#5229,.T.);
#5229 = EDGE_CURVE('',#5222,#5230,#5232,.T.);
#5230 = VERTEX_POINT('',#5231);
#5231 = CARTESIAN_POINT('',(-0.825,-1.05,-1.75));
#5232 = LINE('',#5233,#5234);
#5233 = CARTESIAN_POINT('',(-1.25,-1.05,-1.3));
#5234 = VECTOR('',#5235,1.);
#5235 = DIRECTION('',(0.686623532964,0.,-0.72701315255));
#5236 = ORIENTED_EDGE('',*,*,#5237,.F.);
#5237 = EDGE_CURVE('',#5238,#5230,#5240,.T.);
#5238 = VERTEX_POINT('',#5239);
#5239 = CARTESIAN_POINT('',(0.825,-1.05,-1.75));
#5240 = LINE('',#5241,#5242);
#5241 = CARTESIAN_POINT('',(0.825,-1.05,-1.75));
#5242 = VECTOR('',#5243,1.);
#5243 = DIRECTION('',(-1.,0.,0.));
#5244 = ORIENTED_EDGE('',*,*,#5245,.T.);
#5245 = EDGE_CURVE('',#5238,#5246,#5248,.T.);
#5246 = VERTEX_POINT('',#5247);
#5247 = CARTESIAN_POINT('',(1.25,-1.05,-1.3));
#5248 = LINE('',#5249,#5250);
#5249 = CARTESIAN_POINT('',(0.825,-1.05,-1.75));
#5250 = VECTOR('',#5251,1.);
#5251 = DIRECTION('',(0.686623532964,0.,0.72701315255));
#5252 = ORIENTED_EDGE('',*,*,#5253,.T.);
#5253 = EDGE_CURVE('',#5246,#5254,#5256,.T.);
#5254 = VERTEX_POINT('',#5255);
#5255 = CARTESIAN_POINT('',(1.675,-1.05,-1.75));
#5256 = LINE('',#5257,#5258);
#5257 = CARTESIAN_POINT('',(1.25,-1.05,-1.3));
#5258 = VECTOR('',#5259,1.);
#5259 = DIRECTION('',(0.686623532964,0.,-0.72701315255));
#5260 = ORIENTED_EDGE('',*,*,#5261,.F.);
#5261 = EDGE_CURVE('',#5262,#5254,#5264,.T.);
#5262 = VERTEX_POINT('',#5263);
#5263 = CARTESIAN_POINT('',(3.32933982822,-1.05,-1.75));
#5264 = LINE('',#5265,#5266);
#5265 = CARTESIAN_POINT('',(3.32933982822,-1.05,-1.75));
#5266 = VECTOR('',#5267,1.);
#5267 = DIRECTION('',(-1.,0.,0.));
#5268 = ORIENTED_EDGE('',*,*,#5269,.F.);
#5269 = EDGE_CURVE('',#5270,#5262,#5272,.T.);
#5270 = VERTEX_POINT('',#5271);
#5271 = CARTESIAN_POINT('',(4.25,-1.05,-0.82933982822));
#5272 = LINE('',#5273,#5274);
#5273 = CARTESIAN_POINT('',(4.25,-1.05,-0.82933982822));
#5274 = VECTOR('',#5275,1.);
#5275 = DIRECTION('',(-0.707106781187,0.,-0.707106781187));
#5276 = ORIENTED_EDGE('',*,*,#5277,.F.);
#5277 = EDGE_CURVE('',#5278,#5270,#5280,.T.);
#5278 = VERTEX_POINT('',#5279);
#5279 = CARTESIAN_POINT('',(4.25,-1.05,-0.25));
#5280 = LINE('',#5281,#5282);
#5281 = CARTESIAN_POINT('',(4.25,-1.05,-0.25));
#5282 = VECTOR('',#5283,1.);
#5283 = DIRECTION('',(0.,0.,-1.));
#5284 = ORIENTED_EDGE('',*,*,#5285,.F.);
#5285 = EDGE_CURVE('',#5286,#5278,#5288,.T.);
#5286 = VERTEX_POINT('',#5287);
#5287 = CARTESIAN_POINT('',(4.25,-1.05,1.25));
#5288 = LINE('',#5289,#5290);
#5289 = CARTESIAN_POINT('',(4.25,-1.05,1.25));
#5290 = VECTOR('',#5291,1.);
#5291 = DIRECTION('',(0.,0.,-1.));
#5292 = ORIENTED_EDGE('',*,*,#5293,.F.);
#5293 = EDGE_CURVE('',#5294,#5286,#5296,.T.);
#5294 = VERTEX_POINT('',#5295);
#5295 = CARTESIAN_POINT('',(4.25,-1.05,1.75));
#5296 = LINE('',#5297,#5298);
#5297 = CARTESIAN_POINT('',(4.25,-1.05,1.75));
#5298 = VECTOR('',#5299,1.);
#5299 = DIRECTION('',(0.,0.,-1.));
#5300 = ORIENTED_EDGE('',*,*,#5301,.F.);
#5301 = EDGE_CURVE('',#5149,#5294,#5302,.T.);
#5302 = LINE('',#5303,#5304);
#5303 = CARTESIAN_POINT('',(-4.25,-1.05,1.75));
#5304 = VECTOR('',#5305,1.);
#5305 = DIRECTION('',(1.,0.,0.));
#5306 = ORIENTED_EDGE('',*,*,#5148,.F.);
#5307 = ORIENTED_EDGE('',*,*,#4919,.T.);
#5308 = ORIENTED_EDGE('',*,*,#5192,.F.);
#5309 = ORIENTED_EDGE('',*,*,#5310,.F.);
#5310 = EDGE_CURVE('',#5311,#5185,#5313,.T.);
#5311 = VERTEX_POINT('',#5312);
#5312 = CARTESIAN_POINT('',(-3.32933982822,-1.05,-1.75));
#5313 = LINE('',#5314,#5315);
#5314 = CARTESIAN_POINT('',(-3.32933982822,-1.05,-1.75));
#5315 = VECTOR('',#5316,1.);
#5316 = DIRECTION('',(-0.707106781187,0.,0.707106781187));
#5317 = ORIENTED_EDGE('',*,*,#5318,.F.);
#5318 = EDGE_CURVE('',#5220,#5311,#5319,.T.);
#5319 = LINE('',#5320,#5321);
#5320 = CARTESIAN_POINT('',(-1.675,-1.05,-1.75));
#5321 = VECTOR('',#5322,1.);
#5322 = DIRECTION('',(-1.,0.,0.));
#5323 = FACE_BOUND('',#5324,.F.);
#5324 = EDGE_LOOP('',(#5325,#5336));
#5325 = ORIENTED_EDGE('',*,*,#5326,.F.);
#5326 = EDGE_CURVE('',#5327,#5329,#5331,.T.);
#5327 = VERTEX_POINT('',#5328);
#5328 = CARTESIAN_POINT('',(0.,-1.05,-0.98));
#5329 = VERTEX_POINT('',#5330);
#5330 = CARTESIAN_POINT('',(0.,-1.05,-0.28));
#5331 = CIRCLE('',#5332,0.35);
#5332 = AXIS2_PLACEMENT_3D('',#5333,#5334,#5335);
#5333 = CARTESIAN_POINT('',(0.,-1.05,-0.63));
#5334 = DIRECTION('',(0.,-1.,0.));
#5335 = DIRECTION('',(0.,0.,-1.));
#5336 = ORIENTED_EDGE('',*,*,#5337,.F.);
#5337 = EDGE_CURVE('',#5329,#5327,#5338,.T.);
#5338 = CIRCLE('',#5339,0.35);
#5339 = AXIS2_PLACEMENT_3D('',#5340,#5341,#5342);
#5340 = CARTESIAN_POINT('',(0.,-1.05,-0.63));
#5341 = DIRECTION('',(0.,-1.,0.));
#5342 = DIRECTION('',(0.,0.,1.));
#5343 = FACE_BOUND('',#5344,.F.);
#5344 = EDGE_LOOP('',(#5345,#5356));
#5345 = ORIENTED_EDGE('',*,*,#5346,.F.);
#5346 = EDGE_CURVE('',#5347,#5349,#5351,.T.);
#5347 = VERTEX_POINT('',#5348);
#5348 = CARTESIAN_POINT('',(-2.5,-1.05,-0.98));
#5349 = VERTEX_POINT('',#5350);
#5350 = CARTESIAN_POINT('',(-2.5,-1.05,-0.28));
#5351 = CIRCLE('',#5352,0.35);
#5352 = AXIS2_PLACEMENT_3D('',#5353,#5354,#5355);
#5353 = CARTESIAN_POINT('',(-2.5,-1.05,-0.63));
#5354 = DIRECTION('',(0.,-1.,0.));
#5355 = DIRECTION('',(0.,0.,-1.));
#5356 = ORIENTED_EDGE('',*,*,#5357,.F.);
#5357 = EDGE_CURVE('',#5349,#5347,#5358,.T.);
#5358 = CIRCLE('',#5359,0.35);
#5359 = AXIS2_PLACEMENT_3D('',#5360,#5361,#5362);
#5360 = CARTESIAN_POINT('',(-2.5,-1.05,-0.63));
#5361 = DIRECTION('',(0.,-1.,0.));
#5362 = DIRECTION('',(0.,0.,1.));
#5363 = FACE_BOUND('',#5364,.F.);
#5364 = EDGE_LOOP('',(#5365,#5376));
#5365 = ORIENTED_EDGE('',*,*,#5366,.F.);
#5366 = EDGE_CURVE('',#5367,#5369,#5371,.T.);
#5367 = VERTEX_POINT('',#5368);
#5368 = CARTESIAN_POINT('',(2.5,-1.05,-0.98));
#5369 = VERTEX_POINT('',#5370);
#5370 = CARTESIAN_POINT('',(2.5,-1.05,-0.28));
#5371 = CIRCLE('',#5372,0.35);
#5372 = AXIS2_PLACEMENT_3D('',#5373,#5374,#5375);
#5373 = CARTESIAN_POINT('',(2.5,-1.05,-0.63));
#5374 = DIRECTION('',(0.,-1.,0.));
#5375 = DIRECTION('',(0.,0.,-1.));
#5376 = ORIENTED_EDGE('',*,*,#5377,.F.);
#5377 = EDGE_CURVE('',#5369,#5367,#5378,.T.);
#5378 = CIRCLE('',#5379,0.35);
#5379 = AXIS2_PLACEMENT_3D('',#5380,#5381,#5382);
#5380 = CARTESIAN_POINT('',(2.5,-1.05,-0.63));
#5381 = DIRECTION('',(0.,-1.,0.));
#5382 = DIRECTION('',(0.,0.,1.));
#5383 = PLANE('',#5384);
#5384 = AXIS2_PLACEMENT_3D('',#5385,#5386,#5387);
#5385 = CARTESIAN_POINT('',(0.,-1.05,0.));
#5386 = DIRECTION('',(0.,-1.,0.));
#5387 = DIRECTION('',(-1.,0.,0.));
#5388 = ADVANCED_FACE('',(#5389),#5415,.T.);
#5389 = FACE_BOUND('',#5390,.T.);
#5390 = EDGE_LOOP('',(#5391,#5399,#5408,#5414));
#5391 = ORIENTED_EDGE('',*,*,#5392,.T.);
#5392 = EDGE_CURVE('',#5367,#5393,#5395,.T.);
#5393 = VERTEX_POINT('',#5394);
#5394 = CARTESIAN_POINT('',(2.5,2.25,-0.98));
#5395 = LINE('',#5396,#5397);
#5396 = CARTESIAN_POINT('',(2.5,-1.05,-0.98));
#5397 = VECTOR('',#5398,1.);
#5398 = DIRECTION('',(0.,1.,0.));
#5399 = ORIENTED_EDGE('',*,*,#5400,.T.);
#5400 = EDGE_CURVE('',#5393,#5401,#5403,.T.);
#5401 = VERTEX_POINT('',#5402);
#5402 = CARTESIAN_POINT('',(2.5,2.25,-0.28));
#5403 = CIRCLE('',#5404,0.35);
#5404 = AXIS2_PLACEMENT_3D('',#5405,#5406,#5407);
#5405 = CARTESIAN_POINT('',(2.5,2.25,-0.63));
#5406 = DIRECTION('',(0.,-1.,0.));
#5407 = DIRECTION('',(0.,0.,-1.));
#5408 = ORIENTED_EDGE('',*,*,#5409,.F.);
#5409 = EDGE_CURVE('',#5369,#5401,#5410,.T.);
#5410 = LINE('',#5411,#5412);
#5411 = CARTESIAN_POINT('',(2.5,-1.05,-0.28));
#5412 = VECTOR('',#5413,1.);
#5413 = DIRECTION('',(0.,1.,0.));
#5414 = ORIENTED_EDGE('',*,*,#5366,.F.);
#5415 = CYLINDRICAL_SURFACE('',#5416,0.35);
#5416 = AXIS2_PLACEMENT_3D('',#5417,#5418,#5419);
#5417 = CARTESIAN_POINT('',(2.5,2.895,-0.63));
#5418 = DIRECTION('',(0.,-1.,0.));
#5419 = DIRECTION('',(0.,0.,1.));
#5420 = ADVANCED_FACE('',(#5421),#5433,.T.);
#5421 = FACE_BOUND('',#5422,.T.);
#5422 = EDGE_LOOP('',(#5423,#5424,#5431,#5432));
#5423 = ORIENTED_EDGE('',*,*,#5409,.T.);
#5424 = ORIENTED_EDGE('',*,*,#5425,.F.);
#5425 = EDGE_CURVE('',#5393,#5401,#5426,.T.);
#5426 = CIRCLE('',#5427,0.35);
#5427 = AXIS2_PLACEMENT_3D('',#5428,#5429,#5430);
#5428 = CARTESIAN_POINT('',(2.5,2.25,-0.63));
#5429 = DIRECTION('',(0.,1.,0.));
#5430 = DIRECTION('',(0.,0.,-1.));
#5431 = ORIENTED_EDGE('',*,*,#5392,.F.);
#5432 = ORIENTED_EDGE('',*,*,#5377,.F.);
#5433 = CYLINDRICAL_SURFACE('',#5434,0.35);
#5434 = AXIS2_PLACEMENT_3D('',#5435,#5436,#5437);
#5435 = CARTESIAN_POINT('',(2.5,2.895,-0.63));
#5436 = DIRECTION('',(0.,-1.,0.));
#5437 = DIRECTION('',(0.,0.,1.));
#5438 = ADVANCED_FACE('',(#5439),#5467,.T.);
#5439 = FACE_BOUND('',#5440,.T.);
#5440 = EDGE_LOOP('',(#5441,#5442,#5451,#5460));
#5441 = ORIENTED_EDGE('',*,*,#5425,.T.);
#5442 = ORIENTED_EDGE('',*,*,#5443,.T.);
#5443 = EDGE_CURVE('',#5401,#5444,#5446,.T.);
#5444 = VERTEX_POINT('',#5445);
#5445 = CARTESIAN_POINT('',(2.5,2.45,-0.48));
#5446 = CIRCLE('',#5447,0.2);
#5447 = AXIS2_PLACEMENT_3D('',#5448,#5449,#5450);
#5448 = CARTESIAN_POINT('',(2.5,2.25,-0.48));
#5449 = DIRECTION('',(-1.,0.,0.));
#5450 = DIRECTION('',(0.,0.,1.));
#5451 = ORIENTED_EDGE('',*,*,#5452,.F.);
#5452 = EDGE_CURVE('',#5453,#5444,#5455,.T.);
#5453 = VERTEX_POINT('',#5454);
#5454 = CARTESIAN_POINT('',(2.5,2.45,-0.78));
#5455 = CIRCLE('',#5456,0.15);
#5456 = AXIS2_PLACEMENT_3D('',#5457,#5458,#5459);
#5457 = CARTESIAN_POINT('',(2.5,2.45,-0.63));
#5458 = DIRECTION('',(0.,1.,0.));
#5459 = DIRECTION('',(0.,0.,-1.));
#5460 = ORIENTED_EDGE('',*,*,#5461,.F.);
#5461 = EDGE_CURVE('',#5393,#5453,#5462,.T.);
#5462 = CIRCLE('',#5463,0.2);
#5463 = AXIS2_PLACEMENT_3D('',#5464,#5465,#5466);
#5464 = CARTESIAN_POINT('',(2.5,2.25,-0.78));
#5465 = DIRECTION('',(1.,0.,0.));
#5466 = DIRECTION('',(0.,0.,-1.));
#5467 = ( BOUNDED_SURFACE() B_SPLINE_SURFACE(3,3,(
    (#5468,#5469,#5470,#5471)
    ,(#5472,#5473,#5474,#5475)
    ,(#5476,#5477,#5478,#5479)
    ,(#5480,#5481,#5482,#5483)
    ,(#5484,#5485,#5486,#5487)
    ,(#5488,#5489,#5490,#5491)
    ,(#5492,#5493,#5494,#5495
)),.UNSPECIFIED.,.F.,.F.,.F.) B_SPLINE_SURFACE_WITH_KNOTS((4,3,4),(4,4),
  (0.,1.,2.),(0.,1.),.PIECEWISE_BEZIER_KNOTS.) 
GEOMETRIC_REPRESENTATION_ITEM() RATIONAL_B_SPLINE_SURFACE((
    (1.432830936972,1.111333878147,1.111333878147,1.432830936972)
    ,(1.125501372994,0.872962589956,0.872962589956,1.125501372994)
    ,(1.125501372994,0.872962589956,0.872962589956,1.125501372994)
    ,(1.432830936972,1.111333878147,1.111333878147,1.432830936972)
    ,(1.125501372994,0.872962589956,0.872962589956,1.125501372994)
    ,(1.125501372994,0.872962589956,0.872962589956,1.125501372994)
    ,(1.432830936972,1.111333878147,1.111333878147,1.432830936972
))) REPRESENTATION_ITEM('') SURFACE() );
#5468 = CARTESIAN_POINT('',(2.511029204985,2.449640079203,
    -0.492434701767));
#5469 = CARTESIAN_POINT('',(2.521290211878,2.457353308808,
    -0.364451000733));
#5470 = CARTESIAN_POINT('',(2.528558920231,2.366401096345,
    -0.273789703418));
#5471 = CARTESIAN_POINT('',(2.527942495243,2.238006719549,
    -0.281478261877));
#5472 = CARTESIAN_POINT('',(2.425237178835,2.449640079203,
    -0.485556383945));
#5473 = CARTESIAN_POINT('',(2.355681682824,2.457353308808,
    -0.351173448634));
#5474 = CARTESIAN_POINT('',(2.306409850139,2.366401096345,
    -0.255979051584));
#5475 = CARTESIAN_POINT('',(2.31058836266,2.238006719549,-0.264052040923
    ));
#5476 = CARTESIAN_POINT('',(2.361993280451,2.449640079203,
    -0.543932683282));
#5477 = CARTESIAN_POINT('',(2.233598903655,2.457353308808,
    -0.463860064147));
#5478 = CARTESIAN_POINT('',(2.142646691192,2.366401096345,
    -0.407138095087));
#5479 = CARTESIAN_POINT('',(2.150359920797,2.238006719549,
    -0.411948418654));
#5480 = CARTESIAN_POINT('',(2.361993280451,2.449640079203,-0.63));
#5481 = CARTESIAN_POINT('',(2.233598903655,2.457353308808,-0.63));
#5482 = CARTESIAN_POINT('',(2.142646691192,2.366401096345,-0.63));
#5483 = CARTESIAN_POINT('',(2.150359920797,2.238006719549,-0.63));
#5484 = CARTESIAN_POINT('',(2.361993280451,2.449640079203,
    -0.716067316718));
#5485 = CARTESIAN_POINT('',(2.233598903655,2.457353308808,
    -0.796139935853));
#5486 = CARTESIAN_POINT('',(2.142646691192,2.366401096345,
    -0.852861904913));
#5487 = CARTESIAN_POINT('',(2.150359920797,2.238006719549,
    -0.848051581346));
#5488 = CARTESIAN_POINT('',(2.425237178835,2.449640079203,
    -0.774443616055));
#5489 = CARTESIAN_POINT('',(2.355681682824,2.457353308808,
    -0.908826551366));
#5490 = CARTESIAN_POINT('',(2.306409850139,2.366401096345,
    -1.004020948416));
#5491 = CARTESIAN_POINT('',(2.31058836266,2.238006719549,-0.995947959077
    ));
#5492 = CARTESIAN_POINT('',(2.511029204985,2.449640079203,
    -0.767565298233));
#5493 = CARTESIAN_POINT('',(2.521290211878,2.457353308808,
    -0.895548999267));
#5494 = CARTESIAN_POINT('',(2.528558920231,2.366401096345,
    -0.986210296582));
#5495 = CARTESIAN_POINT('',(2.527942495243,2.238006719549,
    -0.978521738123));
#5496 = ADVANCED_FACE('',(#5497),#5509,.T.);
#5497 = FACE_BOUND('',#5498,.T.);
#5498 = EDGE_LOOP('',(#5499,#5506,#5507,#5508));
#5499 = ORIENTED_EDGE('',*,*,#5500,.T.);
#5500 = EDGE_CURVE('',#5453,#5444,#5501,.T.);
#5501 = CIRCLE('',#5502,0.15);
#5502 = AXIS2_PLACEMENT_3D('',#5503,#5504,#5505);
#5503 = CARTESIAN_POINT('',(2.5,2.45,-0.63));
#5504 = DIRECTION('',(0.,-1.,0.));
#5505 = DIRECTION('',(0.,0.,-1.));
#5506 = ORIENTED_EDGE('',*,*,#5443,.F.);
#5507 = ORIENTED_EDGE('',*,*,#5400,.F.);
#5508 = ORIENTED_EDGE('',*,*,#5461,.T.);
#5509 = ( BOUNDED_SURFACE() B_SPLINE_SURFACE(3,3,(
    (#5510,#5511,#5512,#5513)
    ,(#5514,#5515,#5516,#5517)
    ,(#5518,#5519,#5520,#5521)
    ,(#5522,#5523,#5524,#5525)
    ,(#5526,#5527,#5528,#5529)
    ,(#5530,#5531,#5532,#5533)
    ,(#5534,#5535,#5536,#5537
)),.UNSPECIFIED.,.F.,.F.,.F.) B_SPLINE_SURFACE_WITH_KNOTS((4,3,4),(4,4),
  (0.,1.,2.),(0.,1.),.PIECEWISE_BEZIER_KNOTS.) 
GEOMETRIC_REPRESENTATION_ITEM() RATIONAL_B_SPLINE_SURFACE((
    (1.432830936972,1.111333878147,1.111333878147,1.432830936972)
    ,(1.125501372994,0.872962589956,0.872962589956,1.125501372994)
    ,(1.125501372994,0.872962589956,0.872962589956,1.125501372994)
    ,(1.432830936972,1.111333878147,1.111333878147,1.432830936972)
    ,(1.125501372994,0.872962589956,0.872962589956,1.125501372994)
    ,(1.125501372994,0.872962589956,0.872962589956,1.125501372994)
    ,(1.432830936972,1.111333878147,1.111333878147,1.432830936972
))) REPRESENTATION_ITEM('') SURFACE() );
#5510 = CARTESIAN_POINT('',(2.488970795015,2.449640079203,
    -0.767565298233));
#5511 = CARTESIAN_POINT('',(2.478709788122,2.457353308808,
    -0.895548999267));
#5512 = CARTESIAN_POINT('',(2.471441079769,2.366401096345,
    -0.986210296582));
#5513 = CARTESIAN_POINT('',(2.472057504757,2.238006719549,
    -0.978521738123));
#5514 = CARTESIAN_POINT('',(2.574762821165,2.449640079203,
    -0.774443616055));
#5515 = CARTESIAN_POINT('',(2.644318317176,2.457353308808,
    -0.908826551366));
#5516 = CARTESIAN_POINT('',(2.693590149861,2.366401096345,
    -1.004020948416));
#5517 = CARTESIAN_POINT('',(2.68941163734,2.238006719549,-0.995947959077
    ));
#5518 = CARTESIAN_POINT('',(2.638006719549,2.449640079203,
    -0.716067316718));
#5519 = CARTESIAN_POINT('',(2.766401096345,2.457353308808,
    -0.796139935853));
#5520 = CARTESIAN_POINT('',(2.857353308808,2.366401096345,
    -0.852861904913));
#5521 = CARTESIAN_POINT('',(2.849640079203,2.238006719549,
    -0.848051581346));
#5522 = CARTESIAN_POINT('',(2.638006719549,2.449640079203,-0.63));
#5523 = CARTESIAN_POINT('',(2.766401096345,2.457353308808,-0.63));
#5524 = CARTESIAN_POINT('',(2.857353308808,2.366401096345,-0.63));
#5525 = CARTESIAN_POINT('',(2.849640079203,2.238006719549,-0.63));
#5526 = CARTESIAN_POINT('',(2.638006719549,2.449640079203,
    -0.543932683282));
#5527 = CARTESIAN_POINT('',(2.766401096345,2.457353308808,
    -0.463860064147));
#5528 = CARTESIAN_POINT('',(2.857353308808,2.366401096345,
    -0.407138095087));
#5529 = CARTESIAN_POINT('',(2.849640079203,2.238006719549,
    -0.411948418654));
#5530 = CARTESIAN_POINT('',(2.574762821165,2.449640079203,
    -0.485556383945));
#5531 = CARTESIAN_POINT('',(2.644318317176,2.457353308808,
    -0.351173448634));
#5532 = CARTESIAN_POINT('',(2.693590149861,2.366401096345,
    -0.255979051584));
#5533 = CARTESIAN_POINT('',(2.68941163734,2.238006719549,-0.264052040923
    ));
#5534 = CARTESIAN_POINT('',(2.488970795015,2.449640079203,
    -0.492434701767));
#5535 = CARTESIAN_POINT('',(2.478709788122,2.457353308808,
    -0.364451000733));
#5536 = CARTESIAN_POINT('',(2.471441079769,2.366401096345,
    -0.273789703418));
#5537 = CARTESIAN_POINT('',(2.472057504757,2.238006719549,
    -0.281478261877));
#5538 = ADVANCED_FACE('',(#5539),#5543,.F.);
#5539 = FACE_BOUND('',#5540,.F.);
#5540 = EDGE_LOOP('',(#5541,#5542));
#5541 = ORIENTED_EDGE('',*,*,#5452,.F.);
#5542 = ORIENTED_EDGE('',*,*,#5500,.T.);
#5543 = PLANE('',#5544);
#5544 = AXIS2_PLACEMENT_3D('',#5545,#5546,#5547);
#5545 = CARTESIAN_POINT('',(2.5,2.45,-0.63));
#5546 = DIRECTION('',(0.,-1.,0.));
#5547 = DIRECTION('',(0.,0.,1.));
#5548 = ADVANCED_FACE('',(#5549),#5575,.T.);
#5549 = FACE_BOUND('',#5550,.T.);
#5550 = EDGE_LOOP('',(#5551,#5559,#5568,#5574));
#5551 = ORIENTED_EDGE('',*,*,#5552,.T.);
#5552 = EDGE_CURVE('',#5327,#5553,#5555,.T.);
#5553 = VERTEX_POINT('',#5554);
#5554 = CARTESIAN_POINT('',(0.,2.25,-0.98));
#5555 = LINE('',#5556,#5557);
#5556 = CARTESIAN_POINT('',(0.,-1.05,-0.98));
#5557 = VECTOR('',#5558,1.);
#5558 = DIRECTION('',(0.,1.,0.));
#5559 = ORIENTED_EDGE('',*,*,#5560,.T.);
#5560 = EDGE_CURVE('',#5553,#5561,#5563,.T.);
#5561 = VERTEX_POINT('',#5562);
#5562 = CARTESIAN_POINT('',(0.,2.25,-0.28));
#5563 = CIRCLE('',#5564,0.35);
#5564 = AXIS2_PLACEMENT_3D('',#5565,#5566,#5567);
#5565 = CARTESIAN_POINT('',(0.,2.25,-0.63));
#5566 = DIRECTION('',(0.,-1.,0.));
#5567 = DIRECTION('',(0.,0.,-1.));
#5568 = ORIENTED_EDGE('',*,*,#5569,.F.);
#5569 = EDGE_CURVE('',#5329,#5561,#5570,.T.);
#5570 = LINE('',#5571,#5572);
#5571 = CARTESIAN_POINT('',(0.,-1.05,-0.28));
#5572 = VECTOR('',#5573,1.);
#5573 = DIRECTION('',(0.,1.,0.));
#5574 = ORIENTED_EDGE('',*,*,#5326,.F.);
#5575 = CYLINDRICAL_SURFACE('',#5576,0.35);
#5576 = AXIS2_PLACEMENT_3D('',#5577,#5578,#5579);
#5577 = CARTESIAN_POINT('',(0.,2.895,-0.63));
#5578 = DIRECTION('',(0.,-1.,0.));
#5579 = DIRECTION('',(0.,0.,1.));
#5580 = ADVANCED_FACE('',(#5581),#5593,.T.);
#5581 = FACE_BOUND('',#5582,.T.);
#5582 = EDGE_LOOP('',(#5583,#5584,#5591,#5592));
#5583 = ORIENTED_EDGE('',*,*,#5569,.T.);
#5584 = ORIENTED_EDGE('',*,*,#5585,.F.);
#5585 = EDGE_CURVE('',#5553,#5561,#5586,.T.);
#5586 = CIRCLE('',#5587,0.35);
#5587 = AXIS2_PLACEMENT_3D('',#5588,#5589,#5590);
#5588 = CARTESIAN_POINT('',(0.,2.25,-0.63));
#5589 = DIRECTION('',(0.,1.,0.));
#5590 = DIRECTION('',(0.,0.,-1.));
#5591 = ORIENTED_EDGE('',*,*,#5552,.F.);
#5592 = ORIENTED_EDGE('',*,*,#5337,.F.);
#5593 = CYLINDRICAL_SURFACE('',#5594,0.35);
#5594 = AXIS2_PLACEMENT_3D('',#5595,#5596,#5597);
#5595 = CARTESIAN_POINT('',(0.,2.895,-0.63));
#5596 = DIRECTION('',(0.,-1.,0.));
#5597 = DIRECTION('',(0.,0.,1.));
#5598 = ADVANCED_FACE('',(#5599),#5627,.T.);
#5599 = FACE_BOUND('',#5600,.T.);
#5600 = EDGE_LOOP('',(#5601,#5602,#5611,#5620));
#5601 = ORIENTED_EDGE('',*,*,#5585,.T.);
#5602 = ORIENTED_EDGE('',*,*,#5603,.T.);
#5603 = EDGE_CURVE('',#5561,#5604,#5606,.T.);
#5604 = VERTEX_POINT('',#5605);
#5605 = CARTESIAN_POINT('',(0.,2.45,-0.48));
#5606 = CIRCLE('',#5607,0.2);
#5607 = AXIS2_PLACEMENT_3D('',#5608,#5609,#5610);
#5608 = CARTESIAN_POINT('',(0.,2.25,-0.48));
#5609 = DIRECTION('',(-1.,0.,0.));
#5610 = DIRECTION('',(0.,0.,1.));
#5611 = ORIENTED_EDGE('',*,*,#5612,.F.);
#5612 = EDGE_CURVE('',#5613,#5604,#5615,.T.);
#5613 = VERTEX_POINT('',#5614);
#5614 = CARTESIAN_POINT('',(0.,2.45,-0.78));
#5615 = CIRCLE('',#5616,0.15);
#5616 = AXIS2_PLACEMENT_3D('',#5617,#5618,#5619);
#5617 = CARTESIAN_POINT('',(0.,2.45,-0.63));
#5618 = DIRECTION('',(0.,1.,0.));
#5619 = DIRECTION('',(0.,0.,-1.));
#5620 = ORIENTED_EDGE('',*,*,#5621,.F.);
#5621 = EDGE_CURVE('',#5553,#5613,#5622,.T.);
#5622 = CIRCLE('',#5623,0.2);
#5623 = AXIS2_PLACEMENT_3D('',#5624,#5625,#5626);
#5624 = CARTESIAN_POINT('',(0.,2.25,-0.78));
#5625 = DIRECTION('',(1.,0.,0.));
#5626 = DIRECTION('',(0.,0.,-1.));
#5627 = ( BOUNDED_SURFACE() B_SPLINE_SURFACE(3,3,(
    (#5628,#5629,#5630,#5631)
    ,(#5632,#5633,#5634,#5635)
    ,(#5636,#5637,#5638,#5639)
    ,(#5640,#5641,#5642,#5643)
    ,(#5644,#5645,#5646,#5647)
    ,(#5648,#5649,#5650,#5651)
    ,(#5652,#5653,#5654,#5655
)),.UNSPECIFIED.,.F.,.F.,.F.) B_SPLINE_SURFACE_WITH_KNOTS((4,3,4),(4,4),
  (0.,1.,2.),(0.,1.),.PIECEWISE_BEZIER_KNOTS.) 
GEOMETRIC_REPRESENTATION_ITEM() RATIONAL_B_SPLINE_SURFACE((
    (1.432830936972,1.111333878147,1.111333878147,1.432830936972)
    ,(1.125501372994,0.872962589956,0.872962589956,1.125501372994)
    ,(1.125501372994,0.872962589956,0.872962589956,1.125501372994)
    ,(1.432830936972,1.111333878147,1.111333878147,1.432830936972)
    ,(1.125501372994,0.872962589956,0.872962589956,1.125501372994)
    ,(1.125501372994,0.872962589956,0.872962589956,1.125501372994)
    ,(1.432830936972,1.111333878147,1.111333878147,1.432830936972
))) REPRESENTATION_ITEM('') SURFACE() );
#5628 = CARTESIAN_POINT('',(1.102920498505E-02,2.449640079203,
    -0.492434701767));
#5629 = CARTESIAN_POINT('',(2.129021187835E-02,2.457353308808,
    -0.364451000733));
#5630 = CARTESIAN_POINT('',(2.855892023093E-02,2.366401096345,
    -0.273789703418));
#5631 = CARTESIAN_POINT('',(2.794249524315E-02,2.238006719549,
    -0.281478261877));
#5632 = CARTESIAN_POINT('',(-7.476282116524E-02,2.449640079203,
    -0.485556383945));
#5633 = CARTESIAN_POINT('',(-0.144318317176,2.457353308808,
    -0.351173448634));
#5634 = CARTESIAN_POINT('',(-0.193590149861,2.366401096345,
    -0.255979051584));
#5635 = CARTESIAN_POINT('',(-0.18941163734,2.238006719549,
    -0.264052040923));
#5636 = CARTESIAN_POINT('',(-0.138006719549,2.449640079203,
    -0.543932683282));
#5637 = CARTESIAN_POINT('',(-0.266401096345,2.457353308808,
    -0.463860064147));
#5638 = CARTESIAN_POINT('',(-0.357353308808,2.366401096345,
    -0.407138095087));
#5639 = CARTESIAN_POINT('',(-0.349640079203,2.238006719549,
    -0.411948418654));
#5640 = CARTESIAN_POINT('',(-0.138006719549,2.449640079203,-0.63));
#5641 = CARTESIAN_POINT('',(-0.266401096345,2.457353308808,-0.63));
#5642 = CARTESIAN_POINT('',(-0.357353308808,2.366401096345,-0.63));
#5643 = CARTESIAN_POINT('',(-0.349640079203,2.238006719549,-0.63));
#5644 = CARTESIAN_POINT('',(-0.138006719549,2.449640079203,
    -0.716067316718));
#5645 = CARTESIAN_POINT('',(-0.266401096345,2.457353308808,
    -0.796139935853));
#5646 = CARTESIAN_POINT('',(-0.357353308808,2.366401096345,
    -0.852861904913));
#5647 = CARTESIAN_POINT('',(-0.349640079203,2.238006719549,
    -0.848051581346));
#5648 = CARTESIAN_POINT('',(-7.476282116524E-02,2.449640079203,
    -0.774443616055));
#5649 = CARTESIAN_POINT('',(-0.144318317176,2.457353308808,
    -0.908826551366));
#5650 = CARTESIAN_POINT('',(-0.193590149861,2.366401096345,
    -1.004020948416));
#5651 = CARTESIAN_POINT('',(-0.18941163734,2.238006719549,
    -0.995947959077));
#5652 = CARTESIAN_POINT('',(1.102920498505E-02,2.449640079203,
    -0.767565298233));
#5653 = CARTESIAN_POINT('',(2.129021187835E-02,2.457353308808,
    -0.895548999267));
#5654 = CARTESIAN_POINT('',(2.855892023094E-02,2.366401096345,
    -0.986210296582));
#5655 = CARTESIAN_POINT('',(2.794249524315E-02,2.238006719549,
    -0.978521738123));
#5656 = ADVANCED_FACE('',(#5657),#5669,.T.);
#5657 = FACE_BOUND('',#5658,.T.);
#5658 = EDGE_LOOP('',(#5659,#5666,#5667,#5668));
#5659 = ORIENTED_EDGE('',*,*,#5660,.T.);
#5660 = EDGE_CURVE('',#5613,#5604,#5661,.T.);
#5661 = CIRCLE('',#5662,0.15);
#5662 = AXIS2_PLACEMENT_3D('',#5663,#5664,#5665);
#5663 = CARTESIAN_POINT('',(0.,2.45,-0.63));
#5664 = DIRECTION('',(0.,-1.,0.));
#5665 = DIRECTION('',(0.,0.,-1.));
#5666 = ORIENTED_EDGE('',*,*,#5603,.F.);
#5667 = ORIENTED_EDGE('',*,*,#5560,.F.);
#5668 = ORIENTED_EDGE('',*,*,#5621,.T.);
#5669 = ( BOUNDED_SURFACE() B_SPLINE_SURFACE(3,3,(
    (#5670,#5671,#5672,#5673)
    ,(#5674,#5675,#5676,#5677)
    ,(#5678,#5679,#5680,#5681)
    ,(#5682,#5683,#5684,#5685)
    ,(#5686,#5687,#5688,#5689)
    ,(#5690,#5691,#5692,#5693)
    ,(#5694,#5695,#5696,#5697
)),.UNSPECIFIED.,.F.,.F.,.F.) B_SPLINE_SURFACE_WITH_KNOTS((4,3,4),(4,4),
  (0.,1.,2.),(0.,1.),.PIECEWISE_BEZIER_KNOTS.) 
GEOMETRIC_REPRESENTATION_ITEM() RATIONAL_B_SPLINE_SURFACE((
    (1.432830936972,1.111333878147,1.111333878147,1.432830936972)
    ,(1.125501372994,0.872962589956,0.872962589956,1.125501372994)
    ,(1.125501372994,0.872962589956,0.872962589956,1.125501372994)
    ,(1.432830936972,1.111333878147,1.111333878147,1.432830936972)
    ,(1.125501372994,0.872962589956,0.872962589956,1.125501372994)
    ,(1.125501372994,0.872962589956,0.872962589956,1.125501372994)
    ,(1.432830936972,1.111333878147,1.111333878147,1.432830936972
))) REPRESENTATION_ITEM('') SURFACE() );
#5670 = CARTESIAN_POINT('',(-1.102920498505E-02,2.449640079203,
    -0.767565298233));
#5671 = CARTESIAN_POINT('',(-2.129021187835E-02,2.457353308808,
    -0.895548999267));
#5672 = CARTESIAN_POINT('',(-2.855892023093E-02,2.366401096345,
    -0.986210296582));
#5673 = CARTESIAN_POINT('',(-2.794249524315E-02,2.238006719549,
    -0.978521738123));
#5674 = CARTESIAN_POINT('',(7.476282116524E-02,2.449640079203,
    -0.774443616055));
#5675 = CARTESIAN_POINT('',(0.144318317176,2.457353308808,
    -0.908826551366));
#5676 = CARTESIAN_POINT('',(0.193590149861,2.366401096345,
    -1.004020948416));
#5677 = CARTESIAN_POINT('',(0.18941163734,2.238006719549,-0.995947959077
    ));
#5678 = CARTESIAN_POINT('',(0.138006719549,2.449640079203,
    -0.716067316718));
#5679 = CARTESIAN_POINT('',(0.266401096345,2.457353308808,
    -0.796139935853));
#5680 = CARTESIAN_POINT('',(0.357353308808,2.366401096345,
    -0.852861904913));
#5681 = CARTESIAN_POINT('',(0.349640079203,2.238006719549,
    -0.848051581346));
#5682 = CARTESIAN_POINT('',(0.138006719549,2.449640079203,-0.63));
#5683 = CARTESIAN_POINT('',(0.266401096345,2.457353308808,-0.63));
#5684 = CARTESIAN_POINT('',(0.357353308808,2.366401096345,-0.63));
#5685 = CARTESIAN_POINT('',(0.349640079203,2.238006719549,-0.63));
#5686 = CARTESIAN_POINT('',(0.138006719549,2.449640079203,
    -0.543932683282));
#5687 = CARTESIAN_POINT('',(0.266401096345,2.457353308808,
    -0.463860064147));
#5688 = CARTESIAN_POINT('',(0.357353308808,2.366401096345,
    -0.407138095087));
#5689 = CARTESIAN_POINT('',(0.349640079203,2.238006719549,
    -0.411948418654));
#5690 = CARTESIAN_POINT('',(7.476282116524E-02,2.449640079203,
    -0.485556383945));
#5691 = CARTESIAN_POINT('',(0.144318317176,2.457353308808,
    -0.351173448634));
#5692 = CARTESIAN_POINT('',(0.193590149861,2.366401096345,
    -0.255979051584));
#5693 = CARTESIAN_POINT('',(0.18941163734,2.238006719549,-0.264052040923
    ));
#5694 = CARTESIAN_POINT('',(-1.102920498505E-02,2.449640079203,
    -0.492434701767));
#5695 = CARTESIAN_POINT('',(-2.129021187835E-02,2.457353308808,
    -0.364451000733));
#5696 = CARTESIAN_POINT('',(-2.855892023094E-02,2.366401096345,
    -0.273789703418));
#5697 = CARTESIAN_POINT('',(-2.794249524315E-02,2.238006719549,
    -0.281478261877));
#5698 = ADVANCED_FACE('',(#5699),#5703,.F.);
#5699 = FACE_BOUND('',#5700,.F.);
#5700 = EDGE_LOOP('',(#5701,#5702));
#5701 = ORIENTED_EDGE('',*,*,#5612,.F.);
#5702 = ORIENTED_EDGE('',*,*,#5660,.T.);
#5703 = PLANE('',#5704);
#5704 = AXIS2_PLACEMENT_3D('',#5705,#5706,#5707);
#5705 = CARTESIAN_POINT('',(0.,2.45,-0.63));
#5706 = DIRECTION('',(0.,-1.,0.));
#5707 = DIRECTION('',(0.,0.,1.));
#5708 = ADVANCED_FACE('',(#5709),#5735,.T.);
#5709 = FACE_BOUND('',#5710,.T.);
#5710 = EDGE_LOOP('',(#5711,#5719,#5728,#5734));
#5711 = ORIENTED_EDGE('',*,*,#5712,.T.);
#5712 = EDGE_CURVE('',#5347,#5713,#5715,.T.);
#5713 = VERTEX_POINT('',#5714);
#5714 = CARTESIAN_POINT('',(-2.5,2.25,-0.98));
#5715 = LINE('',#5716,#5717);
#5716 = CARTESIAN_POINT('',(-2.5,-1.05,-0.98));
#5717 = VECTOR('',#5718,1.);
#5718 = DIRECTION('',(0.,1.,0.));
#5719 = ORIENTED_EDGE('',*,*,#5720,.T.);
#5720 = EDGE_CURVE('',#5713,#5721,#5723,.T.);
#5721 = VERTEX_POINT('',#5722);
#5722 = CARTESIAN_POINT('',(-2.5,2.25,-0.28));
#5723 = CIRCLE('',#5724,0.35);
#5724 = AXIS2_PLACEMENT_3D('',#5725,#5726,#5727);
#5725 = CARTESIAN_POINT('',(-2.5,2.25,-0.63));
#5726 = DIRECTION('',(0.,-1.,0.));
#5727 = DIRECTION('',(0.,0.,-1.));
#5728 = ORIENTED_EDGE('',*,*,#5729,.F.);
#5729 = EDGE_CURVE('',#5349,#5721,#5730,.T.);
#5730 = LINE('',#5731,#5732);
#5731 = CARTESIAN_POINT('',(-2.5,-1.05,-0.28));
#5732 = VECTOR('',#5733,1.);
#5733 = DIRECTION('',(0.,1.,0.));
#5734 = ORIENTED_EDGE('',*,*,#5346,.F.);
#5735 = CYLINDRICAL_SURFACE('',#5736,0.35);
#5736 = AXIS2_PLACEMENT_3D('',#5737,#5738,#5739);
#5737 = CARTESIAN_POINT('',(-2.5,2.895,-0.63));
#5738 = DIRECTION('',(0.,-1.,0.));
#5739 = DIRECTION('',(0.,0.,1.));
#5740 = ADVANCED_FACE('',(#5741),#5753,.T.);
#5741 = FACE_BOUND('',#5742,.T.);
#5742 = EDGE_LOOP('',(#5743,#5744,#5751,#5752));
#5743 = ORIENTED_EDGE('',*,*,#5729,.T.);
#5744 = ORIENTED_EDGE('',*,*,#5745,.F.);
#5745 = EDGE_CURVE('',#5713,#5721,#5746,.T.);
#5746 = CIRCLE('',#5747,0.35);
#5747 = AXIS2_PLACEMENT_3D('',#5748,#5749,#5750);
#5748 = CARTESIAN_POINT('',(-2.5,2.25,-0.63));
#5749 = DIRECTION('',(0.,1.,0.));
#5750 = DIRECTION('',(0.,0.,-1.));
#5751 = ORIENTED_EDGE('',*,*,#5712,.F.);
#5752 = ORIENTED_EDGE('',*,*,#5357,.F.);
#5753 = CYLINDRICAL_SURFACE('',#5754,0.35);
#5754 = AXIS2_PLACEMENT_3D('',#5755,#5756,#5757);
#5755 = CARTESIAN_POINT('',(-2.5,2.895,-0.63));
#5756 = DIRECTION('',(0.,-1.,0.));
#5757 = DIRECTION('',(0.,0.,1.));
#5758 = ADVANCED_FACE('',(#5759),#5787,.T.);
#5759 = FACE_BOUND('',#5760,.T.);
#5760 = EDGE_LOOP('',(#5761,#5762,#5771,#5780));
#5761 = ORIENTED_EDGE('',*,*,#5745,.T.);
#5762 = ORIENTED_EDGE('',*,*,#5763,.T.);
#5763 = EDGE_CURVE('',#5721,#5764,#5766,.T.);
#5764 = VERTEX_POINT('',#5765);
#5765 = CARTESIAN_POINT('',(-2.5,2.45,-0.48));
#5766 = CIRCLE('',#5767,0.2);
#5767 = AXIS2_PLACEMENT_3D('',#5768,#5769,#5770);
#5768 = CARTESIAN_POINT('',(-2.5,2.25,-0.48));
#5769 = DIRECTION('',(-1.,0.,0.));
#5770 = DIRECTION('',(0.,0.,1.));
#5771 = ORIENTED_EDGE('',*,*,#5772,.F.);
#5772 = EDGE_CURVE('',#5773,#5764,#5775,.T.);
#5773 = VERTEX_POINT('',#5774);
#5774 = CARTESIAN_POINT('',(-2.5,2.45,-0.78));
#5775 = CIRCLE('',#5776,0.15);
#5776 = AXIS2_PLACEMENT_3D('',#5777,#5778,#5779);
#5777 = CARTESIAN_POINT('',(-2.5,2.45,-0.63));
#5778 = DIRECTION('',(0.,1.,0.));
#5779 = DIRECTION('',(0.,0.,-1.));
#5780 = ORIENTED_EDGE('',*,*,#5781,.F.);
#5781 = EDGE_CURVE('',#5713,#5773,#5782,.T.);
#5782 = CIRCLE('',#5783,0.2);
#5783 = AXIS2_PLACEMENT_3D('',#5784,#5785,#5786);
#5784 = CARTESIAN_POINT('',(-2.5,2.25,-0.78));
#5785 = DIRECTION('',(1.,0.,0.));
#5786 = DIRECTION('',(0.,0.,-1.));
#5787 = ( BOUNDED_SURFACE() B_SPLINE_SURFACE(3,3,(
    (#5788,#5789,#5790,#5791)
    ,(#5792,#5793,#5794,#5795)
    ,(#5796,#5797,#5798,#5799)
    ,(#5800,#5801,#5802,#5803)
    ,(#5804,#5805,#5806,#5807)
    ,(#5808,#5809,#5810,#5811)
    ,(#5812,#5813,#5814,#5815
)),.UNSPECIFIED.,.F.,.F.,.F.) B_SPLINE_SURFACE_WITH_KNOTS((4,3,4),(4,4),
  (0.,1.,2.),(0.,1.),.PIECEWISE_BEZIER_KNOTS.) 
GEOMETRIC_REPRESENTATION_ITEM() RATIONAL_B_SPLINE_SURFACE((
    (1.432830936972,1.111333878147,1.111333878147,1.432830936972)
    ,(1.125501372994,0.872962589956,0.872962589956,1.125501372994)
    ,(1.125501372994,0.872962589956,0.872962589956,1.125501372994)
    ,(1.432830936972,1.111333878147,1.111333878147,1.432830936972)
    ,(1.125501372994,0.872962589956,0.872962589956,1.125501372994)
    ,(1.125501372994,0.872962589956,0.872962589956,1.125501372994)
    ,(1.432830936972,1.111333878147,1.111333878147,1.432830936972
))) REPRESENTATION_ITEM('') SURFACE() );
#5788 = CARTESIAN_POINT('',(-2.488970795015,2.449640079203,
    -0.492434701767));
#5789 = CARTESIAN_POINT('',(-2.478709788122,2.457353308808,
    -0.364451000733));
#5790 = CARTESIAN_POINT('',(-2.471441079769,2.366401096345,
    -0.273789703418));
#5791 = CARTESIAN_POINT('',(-2.472057504757,2.238006719549,
    -0.281478261877));
#5792 = CARTESIAN_POINT('',(-2.574762821165,2.449640079203,
    -0.485556383945));
#5793 = CARTESIAN_POINT('',(-2.644318317176,2.457353308808,
    -0.351173448634));
#5794 = CARTESIAN_POINT('',(-2.693590149861,2.366401096345,
    -0.255979051584));
#5795 = CARTESIAN_POINT('',(-2.68941163734,2.238006719549,
    -0.264052040923));
#5796 = CARTESIAN_POINT('',(-2.638006719549,2.449640079203,
    -0.543932683282));
#5797 = CARTESIAN_POINT('',(-2.766401096345,2.457353308808,
    -0.463860064147));
#5798 = CARTESIAN_POINT('',(-2.857353308808,2.366401096345,
    -0.407138095087));
#5799 = CARTESIAN_POINT('',(-2.849640079203,2.238006719549,
    -0.411948418654));
#5800 = CARTESIAN_POINT('',(-2.638006719549,2.449640079203,-0.63));
#5801 = CARTESIAN_POINT('',(-2.766401096345,2.457353308808,-0.63));
#5802 = CARTESIAN_POINT('',(-2.857353308808,2.366401096345,-0.63));
#5803 = CARTESIAN_POINT('',(-2.849640079203,2.238006719549,-0.63));
#5804 = CARTESIAN_POINT('',(-2.638006719549,2.449640079203,
    -0.716067316718));
#5805 = CARTESIAN_POINT('',(-2.766401096345,2.457353308808,
    -0.796139935853));
#5806 = CARTESIAN_POINT('',(-2.857353308808,2.366401096345,
    -0.852861904913));
#5807 = CARTESIAN_POINT('',(-2.849640079203,2.238006719549,
    -0.848051581346));
#5808 = CARTESIAN_POINT('',(-2.574762821165,2.449640079203,
    -0.774443616055));
#5809 = CARTESIAN_POINT('',(-2.644318317176,2.457353308808,
    -0.908826551366));
#5810 = CARTESIAN_POINT('',(-2.693590149861,2.366401096345,
    -1.004020948416));
#5811 = CARTESIAN_POINT('',(-2.68941163734,2.238006719549,
    -0.995947959077));
#5812 = CARTESIAN_POINT('',(-2.488970795015,2.449640079203,
    -0.767565298233));
#5813 = CARTESIAN_POINT('',(-2.478709788122,2.457353308808,
    -0.895548999267));
#5814 = CARTESIAN_POINT('',(-2.471441079769,2.366401096345,
    -0.986210296582));
#5815 = CARTESIAN_POINT('',(-2.472057504757,2.238006719549,
    -0.978521738123));
#5816 = ADVANCED_FACE('',(#5817),#5829,.T.);
#5817 = FACE_BOUND('',#5818,.T.);
#5818 = EDGE_LOOP('',(#5819,#5826,#5827,#5828));
#5819 = ORIENTED_EDGE('',*,*,#5820,.T.);
#5820 = EDGE_CURVE('',#5773,#5764,#5821,.T.);
#5821 = CIRCLE('',#5822,0.15);
#5822 = AXIS2_PLACEMENT_3D('',#5823,#5824,#5825);
#5823 = CARTESIAN_POINT('',(-2.5,2.45,-0.63));
#5824 = DIRECTION('',(0.,-1.,0.));
#5825 = DIRECTION('',(0.,0.,-1.));
#5826 = ORIENTED_EDGE('',*,*,#5763,.F.);
#5827 = ORIENTED_EDGE('',*,*,#5720,.F.);
#5828 = ORIENTED_EDGE('',*,*,#5781,.T.);
#5829 = ( BOUNDED_SURFACE() B_SPLINE_SURFACE(3,3,(
    (#5830,#5831,#5832,#5833)
    ,(#5834,#5835,#5836,#5837)
    ,(#5838,#5839,#5840,#5841)
    ,(#5842,#5843,#5844,#5845)
    ,(#5846,#5847,#5848,#5849)
    ,(#5850,#5851,#5852,#5853)
    ,(#5854,#5855,#5856,#5857
)),.UNSPECIFIED.,.F.,.F.,.F.) B_SPLINE_SURFACE_WITH_KNOTS((4,3,4),(4,4),
  (0.,1.,2.),(0.,1.),.PIECEWISE_BEZIER_KNOTS.) 
GEOMETRIC_REPRESENTATION_ITEM() RATIONAL_B_SPLINE_SURFACE((
    (1.432830936972,1.111333878147,1.111333878147,1.432830936972)
    ,(1.125501372994,0.872962589956,0.872962589956,1.125501372994)
    ,(1.125501372994,0.872962589956,0.872962589956,1.125501372994)
    ,(1.432830936972,1.111333878147,1.111333878147,1.432830936972)
    ,(1.125501372994,0.872962589956,0.872962589956,1.125501372994)
    ,(1.125501372994,0.872962589956,0.872962589956,1.125501372994)
    ,(1.432830936972,1.111333878147,1.111333878147,1.432830936972
))) REPRESENTATION_ITEM('') SURFACE() );
#5830 = CARTESIAN_POINT('',(-2.511029204985,2.449640079203,
    -0.767565298233));
#5831 = CARTESIAN_POINT('',(-2.521290211878,2.457353308808,
    -0.895548999267));
#5832 = CARTESIAN_POINT('',(-2.528558920231,2.366401096345,
    -0.986210296582));
#5833 = CARTESIAN_POINT('',(-2.527942495243,2.238006719549,
    -0.978521738123));
#5834 = CARTESIAN_POINT('',(-2.425237178835,2.449640079203,
    -0.774443616055));
#5835 = CARTESIAN_POINT('',(-2.355681682824,2.457353308808,
    -0.908826551366));
#5836 = CARTESIAN_POINT('',(-2.306409850139,2.366401096345,
    -1.004020948416));
#5837 = CARTESIAN_POINT('',(-2.31058836266,2.238006719549,
    -0.995947959077));
#5838 = CARTESIAN_POINT('',(-2.361993280451,2.449640079203,
    -0.716067316718));
#5839 = CARTESIAN_POINT('',(-2.233598903655,2.457353308808,
    -0.796139935853));
#5840 = CARTESIAN_POINT('',(-2.142646691192,2.366401096345,
    -0.852861904913));
#5841 = CARTESIAN_POINT('',(-2.150359920797,2.238006719549,
    -0.848051581346));
#5842 = CARTESIAN_POINT('',(-2.361993280451,2.449640079203,-0.63));
#5843 = CARTESIAN_POINT('',(-2.233598903655,2.457353308808,-0.63));
#5844 = CARTESIAN_POINT('',(-2.142646691192,2.366401096345,-0.63));
#5845 = CARTESIAN_POINT('',(-2.150359920797,2.238006719549,-0.63));
#5846 = CARTESIAN_POINT('',(-2.361993280451,2.449640079203,
    -0.543932683282));
#5847 = CARTESIAN_POINT('',(-2.233598903655,2.457353308808,
    -0.463860064147));
#5848 = CARTESIAN_POINT('',(-2.142646691192,2.366401096345,
    -0.407138095087));
#5849 = CARTESIAN_POINT('',(-2.150359920797,2.238006719549,
    -0.411948418654));
#5850 = CARTESIAN_POINT('',(-2.425237178835,2.449640079203,
    -0.485556383945));
#5851 = CARTESIAN_POINT('',(-2.355681682824,2.457353308808,
    -0.351173448634));
#5852 = CARTESIAN_POINT('',(-2.306409850139,2.366401096345,
    -0.255979051584));
#5853 = CARTESIAN_POINT('',(-2.31058836266,2.238006719549,
    -0.264052040923));
#5854 = CARTESIAN_POINT('',(-2.511029204985,2.449640079203,
    -0.492434701767));
#5855 = CARTESIAN_POINT('',(-2.521290211878,2.457353308808,
    -0.364451000733));
#5856 = CARTESIAN_POINT('',(-2.528558920231,2.366401096345,
    -0.273789703418));
#5857 = CARTESIAN_POINT('',(-2.527942495243,2.238006719549,
    -0.281478261877));
#5858 = ADVANCED_FACE('',(#5859),#5863,.F.);
#5859 = FACE_BOUND('',#5860,.F.);
#5860 = EDGE_LOOP('',(#5861,#5862));
#5861 = ORIENTED_EDGE('',*,*,#5772,.F.);
#5862 = ORIENTED_EDGE('',*,*,#5820,.T.);
#5863 = PLANE('',#5864);
#5864 = AXIS2_PLACEMENT_3D('',#5865,#5866,#5867);
#5865 = CARTESIAN_POINT('',(-2.5,2.45,-0.63));
#5866 = DIRECTION('',(0.,-1.,0.));
#5867 = DIRECTION('',(0.,0.,1.));
#5868 = ADVANCED_FACE('',(#5869),#5894,.T.);
#5869 = FACE_BOUND('',#5870,.F.);
#5870 = EDGE_LOOP('',(#5871,#5879,#5887,#5893));
#5871 = ORIENTED_EDGE('',*,*,#5872,.T.);
#5872 = EDGE_CURVE('',#5220,#5873,#5875,.T.);
#5873 = VERTEX_POINT('',#5874);
#5874 = CARTESIAN_POINT('',(-1.675,2.7,-1.75));
#5875 = LINE('',#5876,#5877);
#5876 = CARTESIAN_POINT('',(-1.675,-1.05,-1.75));
#5877 = VECTOR('',#5878,1.);
#5878 = DIRECTION('',(0.,1.,0.));
#5879 = ORIENTED_EDGE('',*,*,#5880,.T.);
#5880 = EDGE_CURVE('',#5873,#5881,#5883,.T.);
#5881 = VERTEX_POINT('',#5882);
#5882 = CARTESIAN_POINT('',(-1.25,2.7,-1.3));
#5883 = LINE('',#5884,#5885);
#5884 = CARTESIAN_POINT('',(-1.675,2.7,-1.75));
#5885 = VECTOR('',#5886,1.);
#5886 = DIRECTION('',(0.686623532964,0.,0.72701315255));
#5887 = ORIENTED_EDGE('',*,*,#5888,.F.);
#5888 = EDGE_CURVE('',#5222,#5881,#5889,.T.);
#5889 = LINE('',#5890,#5891);
#5890 = CARTESIAN_POINT('',(-1.25,-1.05,-1.3));
#5891 = VECTOR('',#5892,1.);
#5892 = DIRECTION('',(0.,1.,0.));
#5893 = ORIENTED_EDGE('',*,*,#5219,.F.);
#5894 = PLANE('',#5895);
#5895 = AXIS2_PLACEMENT_3D('',#5896,#5897,#5898);
#5896 = CARTESIAN_POINT('',(-1.675,-1.05,-1.75));
#5897 = DIRECTION('',(-0.72701315255,0.,0.686623532964));
#5898 = DIRECTION('',(0.686623532964,0.,0.72701315255));
#5899 = ADVANCED_FACE('',(#5900),#5925,.F.);
#5900 = FACE_BOUND('',#5901,.F.);
#5901 = EDGE_LOOP('',(#5902,#5910,#5918,#5924));
#5902 = ORIENTED_EDGE('',*,*,#5903,.T.);
#5903 = EDGE_CURVE('',#5254,#5904,#5906,.T.);
#5904 = VERTEX_POINT('',#5905);
#5905 = CARTESIAN_POINT('',(1.675,2.7,-1.75));
#5906 = LINE('',#5907,#5908);
#5907 = CARTESIAN_POINT('',(1.675,-1.05,-1.75));
#5908 = VECTOR('',#5909,1.);
#5909 = DIRECTION('',(0.,1.,0.));
#5910 = ORIENTED_EDGE('',*,*,#5911,.F.);
#5911 = EDGE_CURVE('',#5912,#5904,#5914,.T.);
#5912 = VERTEX_POINT('',#5913);
#5913 = CARTESIAN_POINT('',(3.32933982822,2.7,-1.75));
#5914 = LINE('',#5915,#5916);
#5915 = CARTESIAN_POINT('',(3.32933982822,2.7,-1.75));
#5916 = VECTOR('',#5917,1.);
#5917 = DIRECTION('',(-1.,0.,0.));
#5918 = ORIENTED_EDGE('',*,*,#5919,.T.);
#5919 = EDGE_CURVE('',#5912,#5262,#5920,.T.);
#5920 = LINE('',#5921,#5922);
#5921 = CARTESIAN_POINT('',(3.32933982822,2.7,-1.75));
#5922 = VECTOR('',#5923,1.);
#5923 = DIRECTION('',(0.,-1.,0.));
#5924 = ORIENTED_EDGE('',*,*,#5261,.T.);
#5925 = PLANE('',#5926);
#5926 = AXIS2_PLACEMENT_3D('',#5927,#5928,#5929);
#5927 = CARTESIAN_POINT('',(3.32933982822,2.95,-1.75));
#5928 = DIRECTION('',(0.,0.,-1.));
#5929 = DIRECTION('',(-1.,0.,0.));
#5930 = ADVANCED_FACE('',(#5931),#5949,.F.);
#5931 = FACE_BOUND('',#5932,.F.);
#5932 = EDGE_LOOP('',(#5933,#5934,#5935,#5943));
#5933 = ORIENTED_EDGE('',*,*,#5872,.F.);
#5934 = ORIENTED_EDGE('',*,*,#5318,.T.);
#5935 = ORIENTED_EDGE('',*,*,#5936,.F.);
#5936 = EDGE_CURVE('',#5937,#5311,#5939,.T.);
#5937 = VERTEX_POINT('',#5938);
#5938 = CARTESIAN_POINT('',(-3.32933982822,2.7,-1.75));
#5939 = LINE('',#5940,#5941);
#5940 = CARTESIAN_POINT('',(-3.32933982822,2.7,-1.75));
#5941 = VECTOR('',#5942,1.);
#5942 = DIRECTION('',(0.,-1.,0.));
#5943 = ORIENTED_EDGE('',*,*,#5944,.F.);
#5944 = EDGE_CURVE('',#5873,#5937,#5945,.T.);
#5945 = LINE('',#5946,#5947);
#5946 = CARTESIAN_POINT('',(-1.675,2.7,-1.75));
#5947 = VECTOR('',#5948,1.);
#5948 = DIRECTION('',(-1.,0.,0.));
#5949 = PLANE('',#5950);
#5950 = AXIS2_PLACEMENT_3D('',#5951,#5952,#5953);
#5951 = CARTESIAN_POINT('',(3.32933982822,2.95,-1.75));
#5952 = DIRECTION('',(0.,0.,-1.));
#5953 = DIRECTION('',(-1.,0.,0.));
#5954 = ADVANCED_FACE('',(#5955),#5980,.F.);
#5955 = FACE_BOUND('',#5956,.F.);
#5956 = EDGE_LOOP('',(#5957,#5965,#5973,#5979));
#5957 = ORIENTED_EDGE('',*,*,#5958,.T.);
#5958 = EDGE_CURVE('',#5230,#5959,#5961,.T.);
#5959 = VERTEX_POINT('',#5960);
#5960 = CARTESIAN_POINT('',(-0.825,2.7,-1.75));
#5961 = LINE('',#5962,#5963);
#5962 = CARTESIAN_POINT('',(-0.825,-1.05,-1.75));
#5963 = VECTOR('',#5964,1.);
#5964 = DIRECTION('',(0.,1.,0.));
#5965 = ORIENTED_EDGE('',*,*,#5966,.F.);
#5966 = EDGE_CURVE('',#5967,#5959,#5969,.T.);
#5967 = VERTEX_POINT('',#5968);
#5968 = CARTESIAN_POINT('',(0.825,2.7,-1.75));
#5969 = LINE('',#5970,#5971);
#5970 = CARTESIAN_POINT('',(0.825,2.7,-1.75));
#5971 = VECTOR('',#5972,1.);
#5972 = DIRECTION('',(-1.,0.,0.));
#5973 = ORIENTED_EDGE('',*,*,#5974,.F.);
#5974 = EDGE_CURVE('',#5238,#5967,#5975,.T.);
#5975 = LINE('',#5976,#5977);
#5976 = CARTESIAN_POINT('',(0.825,-1.05,-1.75));
#5977 = VECTOR('',#5978,1.);
#5978 = DIRECTION('',(0.,1.,0.));
#5979 = ORIENTED_EDGE('',*,*,#5237,.T.);
#5980 = PLANE('',#5981);
#5981 = AXIS2_PLACEMENT_3D('',#5982,#5983,#5984);
#5982 = CARTESIAN_POINT('',(3.32933982822,2.95,-1.75));
#5983 = DIRECTION('',(0.,0.,-1.));
#5984 = DIRECTION('',(-1.,0.,0.));
#5985 = ADVANCED_FACE('',(#5986),#6004,.T.);
#5986 = FACE_BOUND('',#5987,.F.);
#5987 = EDGE_LOOP('',(#5988,#5989,#5990,#5998));
#5988 = ORIENTED_EDGE('',*,*,#5903,.F.);
#5989 = ORIENTED_EDGE('',*,*,#5253,.F.);
#5990 = ORIENTED_EDGE('',*,*,#5991,.T.);
#5991 = EDGE_CURVE('',#5246,#5992,#5994,.T.);
#5992 = VERTEX_POINT('',#5993);
#5993 = CARTESIAN_POINT('',(1.25,2.7,-1.3));
#5994 = LINE('',#5995,#5996);
#5995 = CARTESIAN_POINT('',(1.25,-1.05,-1.3));
#5996 = VECTOR('',#5997,1.);
#5997 = DIRECTION('',(0.,1.,0.));
#5998 = ORIENTED_EDGE('',*,*,#5999,.T.);
#5999 = EDGE_CURVE('',#5992,#5904,#6000,.T.);
#6000 = LINE('',#6001,#6002);
#6001 = CARTESIAN_POINT('',(1.25,2.7,-1.3));
#6002 = VECTOR('',#6003,1.);
#6003 = DIRECTION('',(0.686623532964,0.,-0.72701315255));
#6004 = PLANE('',#6005);
#6005 = AXIS2_PLACEMENT_3D('',#6006,#6007,#6008);
#6006 = CARTESIAN_POINT('',(1.25,-1.05,-1.3));
#6007 = DIRECTION('',(0.72701315255,0.,0.686623532964));
#6008 = DIRECTION('',(0.686623532964,0.,-0.72701315255));
#6009 = ADVANCED_FACE('',(#6010),#6021,.T.);
#6010 = FACE_BOUND('',#6011,.F.);
#6011 = EDGE_LOOP('',(#6012,#6013,#6019,#6020));
#6012 = ORIENTED_EDGE('',*,*,#5974,.T.);
#6013 = ORIENTED_EDGE('',*,*,#6014,.T.);
#6014 = EDGE_CURVE('',#5967,#5992,#6015,.T.);
#6015 = LINE('',#6016,#6017);
#6016 = CARTESIAN_POINT('',(0.825,2.7,-1.75));
#6017 = VECTOR('',#6018,1.);
#6018 = DIRECTION('',(0.686623532964,0.,0.72701315255));
#6019 = ORIENTED_EDGE('',*,*,#5991,.F.);
#6020 = ORIENTED_EDGE('',*,*,#5245,.F.);
#6021 = PLANE('',#6022);
#6022 = AXIS2_PLACEMENT_3D('',#6023,#6024,#6025);
#6023 = CARTESIAN_POINT('',(0.825,-1.05,-1.75));
#6024 = DIRECTION('',(-0.72701315255,0.,0.686623532964));
#6025 = DIRECTION('',(0.686623532964,0.,0.72701315255));
#6026 = ADVANCED_FACE('',(#6027),#6037,.T.);
#6027 = FACE_BOUND('',#6028,.F.);
#6028 = EDGE_LOOP('',(#6029,#6035,#6036));
#6029 = ORIENTED_EDGE('',*,*,#6030,.T.);
#6030 = EDGE_CURVE('',#5967,#5904,#6031,.T.);
#6031 = LINE('',#6032,#6033);
#6032 = CARTESIAN_POINT('',(0.825,2.7,-1.75));
#6033 = VECTOR('',#6034,1.);
#6034 = DIRECTION('',(1.,0.,0.));
#6035 = ORIENTED_EDGE('',*,*,#5999,.F.);
#6036 = ORIENTED_EDGE('',*,*,#6014,.F.);
#6037 = PLANE('',#6038);
#6038 = AXIS2_PLACEMENT_3D('',#6039,#6040,#6041);
#6039 = CARTESIAN_POINT('',(0.,2.7,0.));
#6040 = DIRECTION('',(0.,1.,0.));
#6041 = DIRECTION('',(1.,0.,0.));
#6042 = ADVANCED_FACE('',(#6043),#6068,.F.);
#6043 = FACE_BOUND('',#6044,.F.);
#6044 = EDGE_LOOP('',(#6045,#6051,#6052,#6058,#6059,#6065,#6066,#6067));
#6045 = ORIENTED_EDGE('',*,*,#6046,.F.);
#6046 = EDGE_CURVE('',#5873,#5959,#6047,.T.);
#6047 = LINE('',#6048,#6049);
#6048 = CARTESIAN_POINT('',(-1.675,2.7,-1.75));
#6049 = VECTOR('',#6050,1.);
#6050 = DIRECTION('',(1.,0.,0.));
#6051 = ORIENTED_EDGE('',*,*,#5944,.T.);
#6052 = ORIENTED_EDGE('',*,*,#6053,.T.);
#6053 = EDGE_CURVE('',#5937,#4614,#6054,.T.);
#6054 = LINE('',#6055,#6056);
#6055 = CARTESIAN_POINT('',(-3.32933982822,2.7,-1.75));
#6056 = VECTOR('',#6057,1.);
#6057 = DIRECTION('',(0.,0.707106781187,-0.707106781187));
#6058 = ORIENTED_EDGE('',*,*,#4613,.T.);
#6059 = ORIENTED_EDGE('',*,*,#6060,.F.);
#6060 = EDGE_CURVE('',#5912,#4616,#6061,.T.);
#6061 = LINE('',#6062,#6063);
#6062 = CARTESIAN_POINT('',(3.32933982822,2.7,-1.75));
#6063 = VECTOR('',#6064,1.);
#6064 = DIRECTION('',(0.,0.707106781187,-0.707106781187));
#6065 = ORIENTED_EDGE('',*,*,#5911,.T.);
#6066 = ORIENTED_EDGE('',*,*,#6030,.F.);
#6067 = ORIENTED_EDGE('',*,*,#5966,.T.);
#6068 = PLANE('',#6069);
#6069 = AXIS2_PLACEMENT_3D('',#6070,#6071,#6072);
#6070 = CARTESIAN_POINT('',(3.32933982822,2.7,-1.75));
#6071 = DIRECTION('',(0.,-0.707106781187,-0.707106781187));
#6072 = DIRECTION('',(0.,0.707106781187,-0.707106781187));
#6073 = ADVANCED_FACE('',(#6074),#6084,.T.);
#6074 = FACE_BOUND('',#6075,.F.);
#6075 = EDGE_LOOP('',(#6076,#6077,#6083));
#6076 = ORIENTED_EDGE('',*,*,#6046,.T.);
#6077 = ORIENTED_EDGE('',*,*,#6078,.F.);
#6078 = EDGE_CURVE('',#5881,#5959,#6079,.T.);
#6079 = LINE('',#6080,#6081);
#6080 = CARTESIAN_POINT('',(-1.25,2.7,-1.3));
#6081 = VECTOR('',#6082,1.);
#6082 = DIRECTION('',(0.686623532964,0.,-0.72701315255));
#6083 = ORIENTED_EDGE('',*,*,#5880,.F.);
#6084 = PLANE('',#6085);
#6085 = AXIS2_PLACEMENT_3D('',#6086,#6087,#6088);
#6086 = CARTESIAN_POINT('',(0.,2.7,0.));
#6087 = DIRECTION('',(0.,1.,0.));
#6088 = DIRECTION('',(1.,0.,0.));
#6089 = ADVANCED_FACE('',(#6090),#6096,.T.);
#6090 = FACE_BOUND('',#6091,.F.);
#6091 = EDGE_LOOP('',(#6092,#6093,#6094,#6095));
#6092 = ORIENTED_EDGE('',*,*,#5958,.F.);
#6093 = ORIENTED_EDGE('',*,*,#5229,.F.);
#6094 = ORIENTED_EDGE('',*,*,#5888,.T.);
#6095 = ORIENTED_EDGE('',*,*,#6078,.T.);
#6096 = PLANE('',#6097);
#6097 = AXIS2_PLACEMENT_3D('',#6098,#6099,#6100);
#6098 = CARTESIAN_POINT('',(-1.25,-1.05,-1.3));
#6099 = DIRECTION('',(0.72701315255,0.,0.686623532964));
#6100 = DIRECTION('',(0.686623532964,0.,-0.72701315255));
#6101 = ADVANCED_FACE('',(#6102),#6112,.T.);
#6102 = FACE_BOUND('',#6103,.F.);
#6103 = EDGE_LOOP('',(#6104,#6105,#6111));
#6104 = ORIENTED_EDGE('',*,*,#6053,.F.);
#6105 = ORIENTED_EDGE('',*,*,#6106,.F.);
#6106 = EDGE_CURVE('',#4624,#5937,#6107,.T.);
#6107 = LINE('',#6108,#6109);
#6108 = CARTESIAN_POINT('',(-3.32933982822,2.95,-1.75));
#6109 = VECTOR('',#6110,1.);
#6110 = DIRECTION('',(0.,-1.,0.));
#6111 = ORIENTED_EDGE('',*,*,#4623,.T.);
#6112 = PLANE('',#6113);
#6113 = AXIS2_PLACEMENT_3D('',#6114,#6115,#6116);
#6114 = CARTESIAN_POINT('',(-3.32933982822,0.,0.));
#6115 = DIRECTION('',(1.,0.,0.));
#6116 = DIRECTION('',(0.,0.,-1.));
#6117 = ADVANCED_FACE('',(#6118),#6125,.F.);
#6118 = FACE_BOUND('',#6119,.F.);
#6119 = EDGE_LOOP('',(#6120,#6121,#6122,#6123,#6124));
#6120 = ORIENTED_EDGE('',*,*,#4631,.F.);
#6121 = ORIENTED_EDGE('',*,*,#6106,.T.);
#6122 = ORIENTED_EDGE('',*,*,#5936,.T.);
#6123 = ORIENTED_EDGE('',*,*,#5310,.T.);
#6124 = ORIENTED_EDGE('',*,*,#5184,.F.);
#6125 = PLANE('',#6126);
#6126 = AXIS2_PLACEMENT_3D('',#6127,#6128,#6129);
#6127 = CARTESIAN_POINT('',(-3.32933982822,2.95,-1.75));
#6128 = DIRECTION('',(-0.707106781187,0.,-0.707106781187));
#6129 = DIRECTION('',(-0.707106781187,0.,0.707106781187));
#6130 = ADVANCED_FACE('',(#6131),#6141,.F.);
#6131 = FACE_BOUND('',#6132,.F.);
#6132 = EDGE_LOOP('',(#6133,#6134,#6135));
#6133 = ORIENTED_EDGE('',*,*,#6060,.T.);
#6134 = ORIENTED_EDGE('',*,*,#4688,.F.);
#6135 = ORIENTED_EDGE('',*,*,#6136,.T.);
#6136 = EDGE_CURVE('',#4681,#5912,#6137,.T.);
#6137 = LINE('',#6138,#6139);
#6138 = CARTESIAN_POINT('',(3.32933982822,2.95,-1.75));
#6139 = VECTOR('',#6140,1.);
#6140 = DIRECTION('',(0.,-1.,0.));
#6141 = PLANE('',#6142);
#6142 = AXIS2_PLACEMENT_3D('',#6143,#6144,#6145);
#6143 = CARTESIAN_POINT('',(3.32933982822,0.,0.));
#6144 = DIRECTION('',(1.,0.,0.));
#6145 = DIRECTION('',(0.,0.,-1.));
#6146 = ADVANCED_FACE('',(#6147),#6159,.F.);
#6147 = FACE_BOUND('',#6148,.F.);
#6148 = EDGE_LOOP('',(#6149,#6150,#6156,#6157,#6158));
#6149 = ORIENTED_EDGE('',*,*,#4680,.F.);
#6150 = ORIENTED_EDGE('',*,*,#6151,.T.);
#6151 = EDGE_CURVE('',#4673,#5270,#6152,.T.);
#6152 = LINE('',#6153,#6154);
#6153 = CARTESIAN_POINT('',(4.25,2.95,-0.82933982822));
#6154 = VECTOR('',#6155,1.);
#6155 = DIRECTION('',(0.,-1.,0.));
#6156 = ORIENTED_EDGE('',*,*,#5269,.T.);
#6157 = ORIENTED_EDGE('',*,*,#5919,.F.);
#6158 = ORIENTED_EDGE('',*,*,#6136,.F.);
#6159 = PLANE('',#6160);
#6160 = AXIS2_PLACEMENT_3D('',#6161,#6162,#6163);
#6161 = CARTESIAN_POINT('',(4.25,2.95,-0.82933982822));
#6162 = DIRECTION('',(0.707106781187,0.,-0.707106781187));
#6163 = DIRECTION('',(-0.707106781187,0.,-0.707106781187));
#6164 = ADVANCED_FACE('',(#6165),#6190,.F.);
#6165 = FACE_BOUND('',#6166,.F.);
#6166 = EDGE_LOOP('',(#6167,#6168,#6169,#6177,#6183,#6184));
#6167 = ORIENTED_EDGE('',*,*,#4534,.F.);
#6168 = ORIENTED_EDGE('',*,*,#4583,.T.);
#6169 = ORIENTED_EDGE('',*,*,#6170,.T.);
#6170 = EDGE_CURVE('',#4576,#6171,#6173,.T.);
#6171 = VERTEX_POINT('',#6172);
#6172 = CARTESIAN_POINT('',(4.25,2.7,1.75));
#6173 = LINE('',#6174,#6175);
#6174 = CARTESIAN_POINT('',(4.25,2.95,2.));
#6175 = VECTOR('',#6176,1.);
#6176 = DIRECTION('',(0.,-0.707106781187,-0.707106781186));
#6177 = ORIENTED_EDGE('',*,*,#6178,.T.);
#6178 = EDGE_CURVE('',#6171,#5294,#6179,.T.);
#6179 = LINE('',#6180,#6181);
#6180 = CARTESIAN_POINT('',(4.25,2.7,1.75));
#6181 = VECTOR('',#6182,1.);
#6182 = DIRECTION('',(0.,-1.,0.));
#6183 = ORIENTED_EDGE('',*,*,#5293,.T.);
#6184 = ORIENTED_EDGE('',*,*,#6185,.T.);
#6185 = EDGE_CURVE('',#5286,#4535,#6186,.T.);
#6186 = LINE('',#6187,#6188);
#6187 = CARTESIAN_POINT('',(4.25,-1.05,1.25));
#6188 = VECTOR('',#6189,1.);
#6189 = DIRECTION('',(0.,1.,0.));
#6190 = PLANE('',#6191);
#6191 = AXIS2_PLACEMENT_3D('',#6192,#6193,#6194);
#6192 = CARTESIAN_POINT('',(4.25,2.95,1.75));
#6193 = DIRECTION('',(1.,0.,0.));
#6194 = DIRECTION('',(0.,0.,-1.));
#6195 = ADVANCED_FACE('',(#6196),#6231,.F.);
#6196 = FACE_BOUND('',#6197,.F.);
#6197 = EDGE_LOOP('',(#6198,#6206,#6207,#6208,#6209,#6217,#6225));
#6198 = ORIENTED_EDGE('',*,*,#6199,.F.);
#6199 = EDGE_CURVE('',#5278,#6200,#6202,.T.);
#6200 = VERTEX_POINT('',#6201);
#6201 = CARTESIAN_POINT('',(4.25,1.95,-0.25));
#6202 = LINE('',#6203,#6204);
#6203 = CARTESIAN_POINT('',(4.25,-1.05,-0.25));
#6204 = VECTOR('',#6205,1.);
#6205 = DIRECTION('',(0.,1.,0.));
#6206 = ORIENTED_EDGE('',*,*,#5277,.T.);
#6207 = ORIENTED_EDGE('',*,*,#6151,.F.);
#6208 = ORIENTED_EDGE('',*,*,#4672,.F.);
#6209 = ORIENTED_EDGE('',*,*,#6210,.F.);
#6210 = EDGE_CURVE('',#6211,#4665,#6213,.T.);
#6211 = VERTEX_POINT('',#6212);
#6212 = CARTESIAN_POINT('',(4.25,2.45,0.45));
#6213 = LINE('',#6214,#6215);
#6214 = CARTESIAN_POINT('',(4.25,2.45,0.45));
#6215 = VECTOR('',#6216,1.);
#6216 = DIRECTION('',(0.,0.707106781187,-0.707106781187));
#6217 = ORIENTED_EDGE('',*,*,#6218,.F.);
#6218 = EDGE_CURVE('',#6219,#6211,#6221,.T.);
#6219 = VERTEX_POINT('',#6220);
#6220 = CARTESIAN_POINT('',(4.25,1.95,0.45));
#6221 = LINE('',#6222,#6223);
#6222 = CARTESIAN_POINT('',(4.25,1.95,0.45));
#6223 = VECTOR('',#6224,1.);
#6224 = DIRECTION('',(0.,1.,0.));
#6225 = ORIENTED_EDGE('',*,*,#6226,.F.);
#6226 = EDGE_CURVE('',#6200,#6219,#6227,.T.);
#6227 = LINE('',#6228,#6229);
#6228 = CARTESIAN_POINT('',(4.25,1.95,-0.25));
#6229 = VECTOR('',#6230,1.);
#6230 = DIRECTION('',(0.,0.,1.));
#6231 = PLANE('',#6232);
#6232 = AXIS2_PLACEMENT_3D('',#6233,#6234,#6235);
#6233 = CARTESIAN_POINT('',(4.25,2.95,1.75));
#6234 = DIRECTION('',(1.,0.,0.));
#6235 = DIRECTION('',(0.,0.,-1.));
#6236 = ADVANCED_FACE('',(#6237),#6248,.T.);
#6237 = FACE_BOUND('',#6238,.F.);
#6238 = EDGE_LOOP('',(#6239,#6240,#6241,#6247));
#6239 = ORIENTED_EDGE('',*,*,#4575,.F.);
#6240 = ORIENTED_EDGE('',*,*,#5164,.T.);
#6241 = ORIENTED_EDGE('',*,*,#6242,.T.);
#6242 = EDGE_CURVE('',#5157,#6171,#6243,.T.);
#6243 = LINE('',#6244,#6245);
#6244 = CARTESIAN_POINT('',(-4.25,2.7,1.75));
#6245 = VECTOR('',#6246,1.);
#6246 = DIRECTION('',(1.,0.,0.));
#6247 = ORIENTED_EDGE('',*,*,#6170,.F.);
#6248 = PLANE('',#6249);
#6249 = AXIS2_PLACEMENT_3D('',#6250,#6251,#6252);
#6250 = CARTESIAN_POINT('',(-4.25,2.95,2.));
#6251 = DIRECTION('',(0.,0.707106781187,-0.707106781187));
#6252 = DIRECTION('',(1.,0.,0.));
#6253 = ADVANCED_FACE('',(#6254),#6260,.F.);
#6254 = FACE_BOUND('',#6255,.F.);
#6255 = EDGE_LOOP('',(#6256,#6257,#6258,#6259));
#6256 = ORIENTED_EDGE('',*,*,#5156,.T.);
#6257 = ORIENTED_EDGE('',*,*,#5301,.T.);
#6258 = ORIENTED_EDGE('',*,*,#6178,.F.);
#6259 = ORIENTED_EDGE('',*,*,#6242,.F.);
#6260 = PLANE('',#6261);
#6261 = AXIS2_PLACEMENT_3D('',#6262,#6263,#6264);
#6262 = CARTESIAN_POINT('',(-4.25,2.95,1.75));
#6263 = DIRECTION('',(0.,0.,1.));
#6264 = DIRECTION('',(1.,0.,-0.));
#6265 = ADVANCED_FACE('',(#6266),#6278,.F.);
#6266 = FACE_BOUND('',#6267,.F.);
#6267 = EDGE_LOOP('',(#6268,#6269,#6270,#6271,#6277));
#6268 = ORIENTED_EDGE('',*,*,#4431,.F.);
#6269 = ORIENTED_EDGE('',*,*,#4542,.T.);
#6270 = ORIENTED_EDGE('',*,*,#6185,.F.);
#6271 = ORIENTED_EDGE('',*,*,#6272,.T.);
#6272 = EDGE_CURVE('',#5286,#4858,#6273,.T.);
#6273 = LINE('',#6274,#6275);
#6274 = CARTESIAN_POINT('',(4.25,-1.05,1.25));
#6275 = VECTOR('',#6276,1.);
#6276 = DIRECTION('',(0.,-1.,0.));
#6277 = ORIENTED_EDGE('',*,*,#4857,.F.);
#6278 = PLANE('',#6279);
#6279 = AXIS2_PLACEMENT_3D('',#6280,#6281,#6282);
#6280 = CARTESIAN_POINT('',(4.95,2.45,1.25));
#6281 = DIRECTION('',(0.,0.,1.));
#6282 = DIRECTION('',(0.,-1.,0.));
#6283 = ADVANCED_FACE('',(#6284),#6304,.T.);
#6284 = FACE_BOUND('',#6285,.F.);
#6285 = EDGE_LOOP('',(#6286,#6287,#6293,#6294,#6295,#6296,#6297,#6298));
#6286 = ORIENTED_EDGE('',*,*,#4966,.T.);
#6287 = ORIENTED_EDGE('',*,*,#6288,.F.);
#6288 = EDGE_CURVE('',#4289,#4959,#6289,.T.);
#6289 = LINE('',#6290,#6291);
#6290 = CARTESIAN_POINT('',(4.25,-2.95,0.62));
#6291 = VECTOR('',#6292,1.);
#6292 = DIRECTION('',(0.,1.,0.));
#6293 = ORIENTED_EDGE('',*,*,#4312,.F.);
#6294 = ORIENTED_EDGE('',*,*,#4887,.T.);
#6295 = ORIENTED_EDGE('',*,*,#4865,.F.);
#6296 = ORIENTED_EDGE('',*,*,#6272,.F.);
#6297 = ORIENTED_EDGE('',*,*,#5285,.T.);
#6298 = ORIENTED_EDGE('',*,*,#6299,.F.);
#6299 = EDGE_CURVE('',#4967,#5278,#6300,.T.);
#6300 = LINE('',#6301,#6302);
#6301 = CARTESIAN_POINT('',(4.25,-2.85,-0.25));
#6302 = VECTOR('',#6303,1.);
#6303 = DIRECTION('',(0.,1.,0.));
#6304 = PLANE('',#6305);
#6305 = AXIS2_PLACEMENT_3D('',#6306,#6307,#6308);
#6306 = CARTESIAN_POINT('',(4.25,-2.95,2.47));
#6307 = DIRECTION('',(1.,0.,0.));
#6308 = DIRECTION('',(0.,0.,-1.));
#6309 = ADVANCED_FACE('',(#6310),#6316,.F.);
#6310 = FACE_BOUND('',#6311,.F.);
#6311 = EDGE_LOOP('',(#6312,#6313,#6314,#6315));
#6312 = ORIENTED_EDGE('',*,*,#4286,.T.);
#6313 = ORIENTED_EDGE('',*,*,#6288,.T.);
#6314 = ORIENTED_EDGE('',*,*,#4958,.T.);
#6315 = ORIENTED_EDGE('',*,*,#4936,.F.);
#6316 = PLANE('',#6317);
#6317 = AXIS2_PLACEMENT_3D('',#6318,#6319,#6320);
#6318 = CARTESIAN_POINT('',(4.95,-2.85,0.62));
#6319 = DIRECTION('',(0.,0.,1.));
#6320 = DIRECTION('',(0.,-1.,0.));
#6321 = ADVANCED_FACE('',(#6322),#6334,.F.);
#6322 = FACE_BOUND('',#6323,.F.);
#6323 = EDGE_LOOP('',(#6324,#6325,#6326,#6327,#6333));
#6324 = ORIENTED_EDGE('',*,*,#4974,.F.);
#6325 = ORIENTED_EDGE('',*,*,#6299,.T.);
#6326 = ORIENTED_EDGE('',*,*,#6199,.T.);
#6327 = ORIENTED_EDGE('',*,*,#6328,.F.);
#6328 = EDGE_CURVE('',#4479,#6200,#6329,.T.);
#6329 = LINE('',#6330,#6331);
#6330 = CARTESIAN_POINT('',(4.95,1.95,-0.25));
#6331 = VECTOR('',#6332,1.);
#6332 = DIRECTION('',(-1.,0.,0.));
#6333 = ORIENTED_EDGE('',*,*,#4478,.F.);
#6334 = PLANE('',#6335);
#6335 = AXIS2_PLACEMENT_3D('',#6336,#6337,#6338);
#6336 = CARTESIAN_POINT('',(4.95,-2.95,-0.25));
#6337 = DIRECTION('',(0.,0.,-1.));
#6338 = DIRECTION('',(0.,1.,0.));
#6339 = ADVANCED_FACE('',(#6340),#6351,.F.);
#6340 = FACE_BOUND('',#6341,.F.);
#6341 = EDGE_LOOP('',(#6342,#6343,#6344,#6345));
#6342 = ORIENTED_EDGE('',*,*,#4486,.F.);
#6343 = ORIENTED_EDGE('',*,*,#6328,.T.);
#6344 = ORIENTED_EDGE('',*,*,#6226,.T.);
#6345 = ORIENTED_EDGE('',*,*,#6346,.F.);
#6346 = EDGE_CURVE('',#4487,#6219,#6347,.T.);
#6347 = LINE('',#6348,#6349);
#6348 = CARTESIAN_POINT('',(4.95,1.95,0.45));
#6349 = VECTOR('',#6350,1.);
#6350 = DIRECTION('',(-1.,0.,0.));
#6351 = PLANE('',#6352);
#6352 = AXIS2_PLACEMENT_3D('',#6353,#6354,#6355);
#6353 = CARTESIAN_POINT('',(4.95,1.95,-0.25));
#6354 = DIRECTION('',(0.,1.,0.));
#6355 = DIRECTION('',(0.,-0.,1.));
#6356 = ADVANCED_FACE('',(#6357),#6368,.F.);
#6357 = FACE_BOUND('',#6358,.F.);
#6358 = EDGE_LOOP('',(#6359,#6360,#6361,#6362));
#6359 = ORIENTED_EDGE('',*,*,#4494,.F.);
#6360 = ORIENTED_EDGE('',*,*,#6346,.T.);
#6361 = ORIENTED_EDGE('',*,*,#6218,.T.);
#6362 = ORIENTED_EDGE('',*,*,#6363,.F.);
#6363 = EDGE_CURVE('',#4495,#6211,#6364,.T.);
#6364 = LINE('',#6365,#6366);
#6365 = CARTESIAN_POINT('',(4.95,2.45,0.45));
#6366 = VECTOR('',#6367,1.);
#6367 = DIRECTION('',(-1.,0.,0.));
#6368 = PLANE('',#6369);
#6369 = AXIS2_PLACEMENT_3D('',#6370,#6371,#6372);
#6370 = CARTESIAN_POINT('',(4.95,1.95,0.45));
#6371 = DIRECTION('',(0.,0.,-1.));
#6372 = DIRECTION('',(0.,1.,0.));
#6373 = ADVANCED_FACE('',(#6374),#6380,.F.);
#6374 = FACE_BOUND('',#6375,.F.);
#6375 = EDGE_LOOP('',(#6376,#6377,#6378,#6379));
#6376 = ORIENTED_EDGE('',*,*,#4664,.F.);
#6377 = ORIENTED_EDGE('',*,*,#4502,.F.);
#6378 = ORIENTED_EDGE('',*,*,#6363,.T.);
#6379 = ORIENTED_EDGE('',*,*,#6210,.T.);
#6380 = PLANE('',#6381);
#6381 = AXIS2_PLACEMENT_3D('',#6382,#6383,#6384);
#6382 = CARTESIAN_POINT('',(4.95,2.45,0.45));
#6383 = DIRECTION('',(0.,-0.707106781187,-0.707106781187));
#6384 = DIRECTION('',(0.,0.707106781187,-0.707106781187));
#6385 = ADVANCED_FACE('',(#6386),#6431,.T.);
#6386 = FACE_BOUND('',#6387,.T.);
#6387 = EDGE_LOOP('',(#6388,#6398,#6407,#6415,#6424));
#6388 = ORIENTED_EDGE('',*,*,#6389,.F.);
#6389 = EDGE_CURVE('',#6390,#6392,#6394,.T.);
#6390 = VERTEX_POINT('',#6391);
#6391 = CARTESIAN_POINT('',(2.5,-6.25,-0.28));
#6392 = VERTEX_POINT('',#6393);
#6393 = CARTESIAN_POINT('',(2.5,-5.15,-0.28));
#6394 = LINE('',#6395,#6396);
#6395 = CARTESIAN_POINT('',(2.5,-6.25,-0.28));
#6396 = VECTOR('',#6397,1.);
#6397 = DIRECTION('',(0.,1.,0.));
#6398 = ORIENTED_EDGE('',*,*,#6399,.F.);
#6399 = EDGE_CURVE('',#6400,#6390,#6402,.T.);
#6400 = VERTEX_POINT('',#6401);
#6401 = CARTESIAN_POINT('',(2.5,-6.25,-0.98));
#6402 = CIRCLE('',#6403,0.35);
#6403 = AXIS2_PLACEMENT_3D('',#6404,#6405,#6406);
#6404 = CARTESIAN_POINT('',(2.5,-6.25,-0.63));
#6405 = DIRECTION('',(0.,-1.,0.));
#6406 = DIRECTION('',(0.,0.,-1.));
#6407 = ORIENTED_EDGE('',*,*,#6408,.T.);
#6408 = EDGE_CURVE('',#6400,#6409,#6411,.T.);
#6409 = VERTEX_POINT('',#6410);
#6410 = CARTESIAN_POINT('',(2.5,-5.15,-0.98));
#6411 = LINE('',#6412,#6413);
#6412 = CARTESIAN_POINT('',(2.5,-6.25,-0.98));
#6413 = VECTOR('',#6414,1.);
#6414 = DIRECTION('',(0.,1.,0.));
#6415 = ORIENTED_EDGE('',*,*,#6416,.T.);
#6416 = EDGE_CURVE('',#6409,#6417,#6419,.T.);
#6417 = VERTEX_POINT('',#6418);
#6418 = CARTESIAN_POINT('',(2.85,-5.15,-0.63));
#6419 = CIRCLE('',#6420,0.35);
#6420 = AXIS2_PLACEMENT_3D('',#6421,#6422,#6423);
#6421 = CARTESIAN_POINT('',(2.5,-5.15,-0.63));
#6422 = DIRECTION('',(0.,-1.,0.));
#6423 = DIRECTION('',(0.,0.,-1.));
#6424 = ORIENTED_EDGE('',*,*,#6425,.T.);
#6425 = EDGE_CURVE('',#6417,#6392,#6426,.T.);
#6426 = CIRCLE('',#6427,0.35);
#6427 = AXIS2_PLACEMENT_3D('',#6428,#6429,#6430);
#6428 = CARTESIAN_POINT('',(2.5,-5.15,-0.63));
#6429 = DIRECTION('',(0.,-1.,0.));
#6430 = DIRECTION('',(1.,0.,0.));
#6431 = CYLINDRICAL_SURFACE('',#6432,0.35);
#6432 = AXIS2_PLACEMENT_3D('',#6433,#6434,#6435);
#6433 = CARTESIAN_POINT('',(2.5,2.895,-0.63));
#6434 = DIRECTION('',(0.,-1.,0.));
#6435 = DIRECTION('',(0.,0.,1.));
#6436 = ADVANCED_FACE('',(#6437),#6472,.T.);
#6437 = FACE_BOUND('',#6438,.T.);
#6438 = EDGE_LOOP('',(#6439,#6447,#6448,#6456,#6465));
#6439 = ORIENTED_EDGE('',*,*,#6440,.T.);
#6440 = EDGE_CURVE('',#6441,#4986,#6443,.T.);
#6441 = VERTEX_POINT('',#6442);
#6442 = CARTESIAN_POINT('',(2.5,-3.55,-0.98));
#6443 = LINE('',#6444,#6445);
#6444 = CARTESIAN_POINT('',(2.5,-3.55,-0.98));
#6445 = VECTOR('',#6446,1.);
#6446 = DIRECTION('',(0.,1.,0.));
#6447 = ORIENTED_EDGE('',*,*,#4985,.T.);
#6448 = ORIENTED_EDGE('',*,*,#6449,.F.);
#6449 = EDGE_CURVE('',#6450,#4988,#6452,.T.);
#6450 = VERTEX_POINT('',#6451);
#6451 = CARTESIAN_POINT('',(2.5,-3.55,-0.28));
#6452 = LINE('',#6453,#6454);
#6453 = CARTESIAN_POINT('',(2.5,-3.55,-0.28));
#6454 = VECTOR('',#6455,1.);
#6455 = DIRECTION('',(0.,1.,0.));
#6456 = ORIENTED_EDGE('',*,*,#6457,.F.);
#6457 = EDGE_CURVE('',#6458,#6450,#6460,.T.);
#6458 = VERTEX_POINT('',#6459);
#6459 = CARTESIAN_POINT('',(2.85,-3.55,-0.63));
#6460 = CIRCLE('',#6461,0.35);
#6461 = AXIS2_PLACEMENT_3D('',#6462,#6463,#6464);
#6462 = CARTESIAN_POINT('',(2.5,-3.55,-0.63));
#6463 = DIRECTION('',(0.,-1.,0.));
#6464 = DIRECTION('',(1.,0.,0.));
#6465 = ORIENTED_EDGE('',*,*,#6466,.F.);
#6466 = EDGE_CURVE('',#6441,#6458,#6467,.T.);
#6467 = CIRCLE('',#6468,0.35);
#6468 = AXIS2_PLACEMENT_3D('',#6469,#6470,#6471);
#6469 = CARTESIAN_POINT('',(2.5,-3.55,-0.63));
#6470 = DIRECTION('',(0.,-1.,0.));
#6471 = DIRECTION('',(0.,0.,-1.));
#6472 = CYLINDRICAL_SURFACE('',#6473,0.35);
#6473 = AXIS2_PLACEMENT_3D('',#6474,#6475,#6476);
#6474 = CARTESIAN_POINT('',(2.5,2.895,-0.63));
#6475 = DIRECTION('',(0.,-1.,0.));
#6476 = DIRECTION('',(0.,0.,1.));
#6477 = ADVANCED_FACE('',(#6478),#6514,.T.);
#6478 = FACE_BOUND('',#6479,.T.);
#6479 = EDGE_LOOP('',(#6480,#6487,#6488,#6497,#6506,#6513));
#6480 = ORIENTED_EDGE('',*,*,#6481,.T.);
#6481 = EDGE_CURVE('',#6417,#6458,#6482,.T.);
#6482 = CIRCLE('',#6483,3.25);
#6483 = AXIS2_PLACEMENT_3D('',#6484,#6485,#6486);
#6484 = CARTESIAN_POINT('',(-0.3,-4.35,-0.63));
#6485 = DIRECTION('',(0.,0.,1.));
#6486 = DIRECTION('',(0.969230769231,-0.246153846154,0.));
#6487 = ORIENTED_EDGE('',*,*,#6457,.T.);
#6488 = ORIENTED_EDGE('',*,*,#6489,.T.);
#6489 = EDGE_CURVE('',#6450,#6490,#6492,.T.);
#6490 = VERTEX_POINT('',#6491);
#6491 = CARTESIAN_POINT('',(2.15,-3.55,-0.63));
#6492 = CIRCLE('',#6493,0.35);
#6493 = AXIS2_PLACEMENT_3D('',#6494,#6495,#6496);
#6494 = CARTESIAN_POINT('',(2.5,-3.55,-0.63));
#6495 = DIRECTION('',(0.,-1.,0.));
#6496 = DIRECTION('',(0.,0.,1.));
#6497 = ORIENTED_EDGE('',*,*,#6498,.F.);
#6498 = EDGE_CURVE('',#6499,#6490,#6501,.T.);
#6499 = VERTEX_POINT('',#6500);
#6500 = CARTESIAN_POINT('',(2.15,-5.15,-0.63));
#6501 = CIRCLE('',#6502,3.25);
#6502 = AXIS2_PLACEMENT_3D('',#6503,#6504,#6505);
#6503 = CARTESIAN_POINT('',(5.3,-4.35,-0.63));
#6504 = DIRECTION('',(0.,0.,-1.));
#6505 = DIRECTION('',(-0.969230769231,-0.246153846154,-0.));
#6506 = ORIENTED_EDGE('',*,*,#6507,.F.);
#6507 = EDGE_CURVE('',#6392,#6499,#6508,.T.);
#6508 = CIRCLE('',#6509,0.35);
#6509 = AXIS2_PLACEMENT_3D('',#6510,#6511,#6512);
#6510 = CARTESIAN_POINT('',(2.5,-5.15,-0.63));
#6511 = DIRECTION('',(0.,-1.,0.));
#6512 = DIRECTION('',(0.,0.,1.));
#6513 = ORIENTED_EDGE('',*,*,#6425,.F.);
#6514 = ( BOUNDED_SURFACE() B_SPLINE_SURFACE(3,3,(
    (#6515,#6516,#6517,#6518)
    ,(#6519,#6520,#6521,#6522)
    ,(#6523,#6524,#6525,#6526)
    ,(#6527,#6528,#6529,#6530)
    ,(#6531,#6532,#6533,#6534)
    ,(#6535,#6536,#6537,#6538)
    ,(#6539,#6540,#6541,#6542
)),.UNSPECIFIED.,.F.,.F.,.F.) B_SPLINE_SURFACE_WITH_KNOTS((4,3,4),(4,4),
  (0.,1.,2.),(0.,1.),.PIECEWISE_BEZIER_KNOTS.) 
GEOMETRIC_REPRESENTATION_ITEM() RATIONAL_B_SPLINE_SURFACE((
    (1.207344487006,1.180568814323,1.180568814323,1.207344487006)
    ,(0.953437611962,0.932292914904,0.932292914904,0.953437611962)
    ,(0.953437611962,0.932292914904,0.932292914904,0.953437611962)
    ,(1.207344487006,1.180568814323,1.180568814323,1.207344487006)
    ,(0.953437611962,0.932292914904,0.932292914904,0.953437611962)
    ,(0.953437611962,0.932292914904,0.932292914904,0.953437611962)
    ,(1.207344487006,1.180568814323,1.180568814323,1.207344487006
))) REPRESENTATION_ITEM('') SURFACE() );
#6515 = CARTESIAN_POINT('',(2.841210901129,-3.518702646221,
    -0.651467170308));
#6516 = CARTESIAN_POINT('',(2.985894813864,-4.066616186771,
    -0.660569910534));
#6517 = CARTESIAN_POINT('',(2.985894813864,-4.633383813229,
    -0.660569910534));
#6518 = CARTESIAN_POINT('',(2.841210901129,-5.181297353779,
    -0.651467170308));
#6519 = CARTESIAN_POINT('',(2.854421767624,-3.518702646221,
    -0.441486460371));
#6520 = CARTESIAN_POINT('',(3.004707493927,-4.066616186771,
    -0.361550923648));
#6521 = CARTESIAN_POINT('',(3.004707493927,-4.633383813229,
    -0.361550923648));
#6522 = CARTESIAN_POINT('',(2.854421767624,-5.181297353778,
    -0.441486460371));
#6523 = CARTESIAN_POINT('',(2.710395878142,-3.518702646221,
    -0.288114465866));
#6524 = CARTESIAN_POINT('',(2.799610199175,-4.066616186771,
    -0.143144487994));
#6525 = CARTESIAN_POINT('',(2.799610199175,-4.633383813229,
    -0.143144487994));
#6526 = CARTESIAN_POINT('',(2.710395878142,-5.181297353779,
    -0.288114465866));
#6527 = CARTESIAN_POINT('',(2.5,-3.518702646221,-0.288114465866));
#6528 = CARTESIAN_POINT('',(2.5,-4.066616186771,-0.143144487994));
#6529 = CARTESIAN_POINT('',(2.5,-4.633383813229,-0.143144487994));
#6530 = CARTESIAN_POINT('',(2.5,-5.181297353779,-0.288114465866));
#6531 = CARTESIAN_POINT('',(2.289604121858,-3.518702646221,
    -0.288114465866));
#6532 = CARTESIAN_POINT('',(2.200389800825,-4.066616186771,
    -0.143144487994));
#6533 = CARTESIAN_POINT('',(2.200389800825,-4.633383813229,
    -0.143144487994));
#6534 = CARTESIAN_POINT('',(2.289604121858,-5.181297353779,
    -0.288114465866));
#6535 = CARTESIAN_POINT('',(2.145578232376,-3.518702646221,
    -0.441486460371));
#6536 = CARTESIAN_POINT('',(1.995292506073,-4.066616186771,
    -0.361550923648));
#6537 = CARTESIAN_POINT('',(1.995292506073,-4.633383813229,
    -0.361550923648));
#6538 = CARTESIAN_POINT('',(2.145578232376,-5.181297353779,
    -0.441486460371));
#6539 = CARTESIAN_POINT('',(2.158789098871,-3.518702646221,
    -0.651467170308));
#6540 = CARTESIAN_POINT('',(2.014105186136,-4.066616186771,
    -0.660569910534));
#6541 = CARTESIAN_POINT('',(2.014105186136,-4.633383813229,
    -0.660569910534));
#6542 = CARTESIAN_POINT('',(2.158789098871,-5.181297353779,
    -0.651467170308));
#6543 = ADVANCED_FACE('',(#6544),#6563,.T.);
#6544 = FACE_BOUND('',#6545,.T.);
#6545 = EDGE_LOOP('',(#6546,#6547,#6554,#6555,#6556));
#6546 = ORIENTED_EDGE('',*,*,#6408,.F.);
#6547 = ORIENTED_EDGE('',*,*,#6548,.T.);
#6548 = EDGE_CURVE('',#6400,#6390,#6549,.T.);
#6549 = CIRCLE('',#6550,0.35);
#6550 = AXIS2_PLACEMENT_3D('',#6551,#6552,#6553);
#6551 = CARTESIAN_POINT('',(2.5,-6.25,-0.63));
#6552 = DIRECTION('',(0.,1.,0.));
#6553 = DIRECTION('',(0.,0.,-1.));
#6554 = ORIENTED_EDGE('',*,*,#6389,.T.);
#6555 = ORIENTED_EDGE('',*,*,#6507,.T.);
#6556 = ORIENTED_EDGE('',*,*,#6557,.T.);
#6557 = EDGE_CURVE('',#6499,#6409,#6558,.T.);
#6558 = CIRCLE('',#6559,0.35);
#6559 = AXIS2_PLACEMENT_3D('',#6560,#6561,#6562);
#6560 = CARTESIAN_POINT('',(2.5,-5.15,-0.63));
#6561 = DIRECTION('',(0.,-1.,0.));
#6562 = DIRECTION('',(-1.,0.,0.));
#6563 = CYLINDRICAL_SURFACE('',#6564,0.35);
#6564 = AXIS2_PLACEMENT_3D('',#6565,#6566,#6567);
#6565 = CARTESIAN_POINT('',(2.5,2.895,-0.63));
#6566 = DIRECTION('',(0.,-1.,0.));
#6567 = DIRECTION('',(0.,0.,1.));
#6568 = ADVANCED_FACE('',(#6569),#6582,.T.);
#6569 = FACE_BOUND('',#6570,.T.);
#6570 = EDGE_LOOP('',(#6571,#6572,#6573,#6574,#6575));
#6571 = ORIENTED_EDGE('',*,*,#6489,.F.);
#6572 = ORIENTED_EDGE('',*,*,#6449,.T.);
#6573 = ORIENTED_EDGE('',*,*,#4996,.T.);
#6574 = ORIENTED_EDGE('',*,*,#6440,.F.);
#6575 = ORIENTED_EDGE('',*,*,#6576,.F.);
#6576 = EDGE_CURVE('',#6490,#6441,#6577,.T.);
#6577 = CIRCLE('',#6578,0.35);
#6578 = AXIS2_PLACEMENT_3D('',#6579,#6580,#6581);
#6579 = CARTESIAN_POINT('',(2.5,-3.55,-0.63));
#6580 = DIRECTION('',(0.,-1.,0.));
#6581 = DIRECTION('',(-1.,0.,0.));
#6582 = CYLINDRICAL_SURFACE('',#6583,0.35);
#6583 = AXIS2_PLACEMENT_3D('',#6584,#6585,#6586);
#6584 = CARTESIAN_POINT('',(2.5,2.895,-0.63));
#6585 = DIRECTION('',(0.,-1.,0.));
#6586 = DIRECTION('',(0.,0.,1.));
#6587 = ADVANCED_FACE('',(#6588),#6596,.T.);
#6588 = FACE_BOUND('',#6589,.T.);
#6589 = EDGE_LOOP('',(#6590,#6591,#6592,#6593,#6594,#6595));
#6590 = ORIENTED_EDGE('',*,*,#6557,.F.);
#6591 = ORIENTED_EDGE('',*,*,#6498,.T.);
#6592 = ORIENTED_EDGE('',*,*,#6576,.T.);
#6593 = ORIENTED_EDGE('',*,*,#6466,.T.);
#6594 = ORIENTED_EDGE('',*,*,#6481,.F.);
#6595 = ORIENTED_EDGE('',*,*,#6416,.F.);
#6596 = ( BOUNDED_SURFACE() B_SPLINE_SURFACE(3,3,(
    (#6597,#6598,#6599,#6600)
    ,(#6601,#6602,#6603,#6604)
    ,(#6605,#6606,#6607,#6608)
    ,(#6609,#6610,#6611,#6612)
    ,(#6613,#6614,#6615,#6616)
    ,(#6617,#6618,#6619,#6620)
    ,(#6621,#6622,#6623,#6624
)),.UNSPECIFIED.,.F.,.F.,.F.) B_SPLINE_SURFACE_WITH_KNOTS((4,3,4),(4,4),
  (0.,1.,2.),(0.,1.),.PIECEWISE_BEZIER_KNOTS.) 
GEOMETRIC_REPRESENTATION_ITEM() RATIONAL_B_SPLINE_SURFACE((
    (1.207344487006,1.180568814323,1.180568814323,1.207344487006)
    ,(0.953437611962,0.932292914904,0.932292914904,0.953437611962)
    ,(0.953437611962,0.932292914904,0.932292914904,0.953437611962)
    ,(1.207344487006,1.180568814323,1.180568814323,1.207344487006)
    ,(0.953437611962,0.932292914904,0.932292914904,0.953437611962)
    ,(0.953437611962,0.932292914904,0.932292914904,0.953437611962)
    ,(1.207344487006,1.180568814323,1.180568814323,1.207344487006
))) REPRESENTATION_ITEM('') SURFACE() );
#6597 = CARTESIAN_POINT('',(2.158789098871,-3.518702646221,
    -0.608532829692));
#6598 = CARTESIAN_POINT('',(2.014105186136,-4.066616186771,
    -0.599430089466));
#6599 = CARTESIAN_POINT('',(2.014105186136,-4.633383813229,
    -0.599430089466));
#6600 = CARTESIAN_POINT('',(2.158789098871,-5.181297353779,
    -0.608532829692));
#6601 = CARTESIAN_POINT('',(2.145578232376,-3.518702646221,
    -0.81851353963));
#6602 = CARTESIAN_POINT('',(1.995292506073,-4.066616186771,
    -0.898449076352));
#6603 = CARTESIAN_POINT('',(1.995292506073,-4.633383813229,
    -0.898449076352));
#6604 = CARTESIAN_POINT('',(2.145578232376,-5.181297353779,
    -0.81851353963));
#6605 = CARTESIAN_POINT('',(2.289604121858,-3.518702646221,
    -0.971885534134));
#6606 = CARTESIAN_POINT('',(2.200389800825,-4.066616186771,
    -1.116855512006));
#6607 = CARTESIAN_POINT('',(2.200389800825,-4.633383813229,
    -1.116855512006));
#6608 = CARTESIAN_POINT('',(2.289604121858,-5.181297353779,
    -0.971885534134));
#6609 = CARTESIAN_POINT('',(2.5,-3.518702646221,-0.971885534134));
#6610 = CARTESIAN_POINT('',(2.5,-4.066616186771,-1.116855512006));
#6611 = CARTESIAN_POINT('',(2.5,-4.633383813229,-1.116855512006));
#6612 = CARTESIAN_POINT('',(2.5,-5.181297353779,-0.971885534134));
#6613 = CARTESIAN_POINT('',(2.710395878142,-3.518702646221,
    -0.971885534134));
#6614 = CARTESIAN_POINT('',(2.799610199175,-4.066616186771,
    -1.116855512006));
#6615 = CARTESIAN_POINT('',(2.799610199175,-4.633383813229,
    -1.116855512006));
#6616 = CARTESIAN_POINT('',(2.710395878142,-5.181297353779,
    -0.971885534134));
#6617 = CARTESIAN_POINT('',(2.854421767624,-3.518702646221,
    -0.81851353963));
#6618 = CARTESIAN_POINT('',(3.004707493927,-4.066616186771,
    -0.898449076352));
#6619 = CARTESIAN_POINT('',(3.004707493927,-4.633383813229,
    -0.898449076352));
#6620 = CARTESIAN_POINT('',(2.854421767624,-5.181297353779,
    -0.81851353963));
#6621 = CARTESIAN_POINT('',(2.841210901129,-3.518702646221,
    -0.608532829692));
#6622 = CARTESIAN_POINT('',(2.985894813864,-4.066616186771,
    -0.599430089466));
#6623 = CARTESIAN_POINT('',(2.985894813864,-4.633383813229,
    -0.599430089466));
#6624 = CARTESIAN_POINT('',(2.841210901129,-5.181297353779,
    -0.608532829692));
#6625 = ADVANCED_FACE('',(#6626),#6654,.T.);
#6626 = FACE_BOUND('',#6627,.T.);
#6627 = EDGE_LOOP('',(#6628,#6639,#6646,#6647));
#6628 = ORIENTED_EDGE('',*,*,#6629,.T.);
#6629 = EDGE_CURVE('',#6630,#6632,#6634,.T.);
#6630 = VERTEX_POINT('',#6631);
#6631 = CARTESIAN_POINT('',(2.5,-6.45,-0.78));
#6632 = VERTEX_POINT('',#6633);
#6633 = CARTESIAN_POINT('',(2.5,-6.45,-0.48));
#6634 = CIRCLE('',#6635,0.15);
#6635 = AXIS2_PLACEMENT_3D('',#6636,#6637,#6638);
#6636 = CARTESIAN_POINT('',(2.5,-6.45,-0.63));
#6637 = DIRECTION('',(0.,1.,0.));
#6638 = DIRECTION('',(0.,0.,-1.));
#6639 = ORIENTED_EDGE('',*,*,#6640,.T.);
#6640 = EDGE_CURVE('',#6632,#6390,#6641,.T.);
#6641 = CIRCLE('',#6642,0.2);
#6642 = AXIS2_PLACEMENT_3D('',#6643,#6644,#6645);
#6643 = CARTESIAN_POINT('',(2.5,-6.25,-0.48));
#6644 = DIRECTION('',(-1.,0.,0.));
#6645 = DIRECTION('',(0.,-1.,0.));
#6646 = ORIENTED_EDGE('',*,*,#6548,.F.);
#6647 = ORIENTED_EDGE('',*,*,#6648,.F.);
#6648 = EDGE_CURVE('',#6630,#6400,#6649,.T.);
#6649 = CIRCLE('',#6650,0.2);
#6650 = AXIS2_PLACEMENT_3D('',#6651,#6652,#6653);
#6651 = CARTESIAN_POINT('',(2.5,-6.25,-0.78));
#6652 = DIRECTION('',(1.,0.,0.));
#6653 = DIRECTION('',(0.,-1.,0.));
#6654 = ( BOUNDED_SURFACE() B_SPLINE_SURFACE(3,3,(
    (#6655,#6656,#6657,#6658)
    ,(#6659,#6660,#6661,#6662)
    ,(#6663,#6664,#6665,#6666)
    ,(#6667,#6668,#6669,#6670)
    ,(#6671,#6672,#6673,#6674)
    ,(#6675,#6676,#6677,#6678)
    ,(#6679,#6680,#6681,#6682
)),.UNSPECIFIED.,.F.,.F.,.F.) B_SPLINE_SURFACE_WITH_KNOTS((4,3,4),(4,4),
  (0.,1.,2.),(0.,1.),.PIECEWISE_BEZIER_KNOTS.) 
GEOMETRIC_REPRESENTATION_ITEM() RATIONAL_B_SPLINE_SURFACE((
    (1.432830936972,1.111333878147,1.111333878147,1.432830936972)
    ,(1.125501372994,0.872962589956,0.872962589956,1.125501372994)
    ,(1.125501372994,0.872962589956,0.872962589956,1.125501372994)
    ,(1.432830936972,1.111333878147,1.111333878147,1.432830936972)
    ,(1.125501372994,0.872962589956,0.872962589956,1.125501372994)
    ,(1.125501372994,0.872962589956,0.872962589956,1.125501372994)
    ,(1.432830936972,1.111333878147,1.111333878147,1.432830936972
))) REPRESENTATION_ITEM('') SURFACE() );
#6655 = CARTESIAN_POINT('',(2.527942495243,-6.238006719549,
    -0.281478261877));
#6656 = CARTESIAN_POINT('',(2.528558920231,-6.366401096345,
    -0.273789703418));
#6657 = CARTESIAN_POINT('',(2.521290211878,-6.457353308808,
    -0.364451000733));
#6658 = CARTESIAN_POINT('',(2.511029204985,-6.449640079203,
    -0.492434701767));
#6659 = CARTESIAN_POINT('',(2.31058836266,-6.238006719549,
    -0.264052040923));
#6660 = CARTESIAN_POINT('',(2.306409850139,-6.366401096345,
    -0.255979051584));
#6661 = CARTESIAN_POINT('',(2.355681682824,-6.457353308808,
    -0.351173448634));
#6662 = CARTESIAN_POINT('',(2.425237178835,-6.449640079203,
    -0.485556383945));
#6663 = CARTESIAN_POINT('',(2.150359920797,-6.238006719549,
    -0.411948418654));
#6664 = CARTESIAN_POINT('',(2.142646691192,-6.366401096345,
    -0.407138095087));
#6665 = CARTESIAN_POINT('',(2.233598903655,-6.457353308808,
    -0.463860064147));
#6666 = CARTESIAN_POINT('',(2.361993280451,-6.449640079203,
    -0.543932683282));
#6667 = CARTESIAN_POINT('',(2.150359920797,-6.238006719549,-0.63));
#6668 = CARTESIAN_POINT('',(2.142646691192,-6.366401096345,-0.63));
#6669 = CARTESIAN_POINT('',(2.233598903655,-6.457353308808,-0.63));
#6670 = CARTESIAN_POINT('',(2.361993280451,-6.449640079203,-0.63));
#6671 = CARTESIAN_POINT('',(2.150359920797,-6.238006719549,
    -0.848051581346));
#6672 = CARTESIAN_POINT('',(2.142646691192,-6.366401096345,
    -0.852861904913));
#6673 = CARTESIAN_POINT('',(2.233598903655,-6.457353308808,
    -0.796139935853));
#6674 = CARTESIAN_POINT('',(2.361993280451,-6.449640079203,
    -0.716067316718));
#6675 = CARTESIAN_POINT('',(2.31058836266,-6.238006719549,
    -0.995947959077));
#6676 = CARTESIAN_POINT('',(2.306409850139,-6.366401096345,
    -1.004020948416));
#6677 = CARTESIAN_POINT('',(2.355681682824,-6.457353308808,
    -0.908826551366));
#6678 = CARTESIAN_POINT('',(2.425237178835,-6.449640079203,
    -0.774443616055));
#6679 = CARTESIAN_POINT('',(2.527942495243,-6.238006719549,
    -0.978521738123));
#6680 = CARTESIAN_POINT('',(2.528558920231,-6.366401096345,
    -0.986210296582));
#6681 = CARTESIAN_POINT('',(2.521290211878,-6.457353308808,
    -0.895548999267));
#6682 = CARTESIAN_POINT('',(2.511029204985,-6.449640079203,
    -0.767565298233));
#6683 = ADVANCED_FACE('',(#6684),#6696,.T.);
#6684 = FACE_BOUND('',#6685,.T.);
#6685 = EDGE_LOOP('',(#6686,#6687,#6688,#6695));
#6686 = ORIENTED_EDGE('',*,*,#6399,.T.);
#6687 = ORIENTED_EDGE('',*,*,#6640,.F.);
#6688 = ORIENTED_EDGE('',*,*,#6689,.F.);
#6689 = EDGE_CURVE('',#6630,#6632,#6690,.T.);
#6690 = CIRCLE('',#6691,0.15);
#6691 = AXIS2_PLACEMENT_3D('',#6692,#6693,#6694);
#6692 = CARTESIAN_POINT('',(2.5,-6.45,-0.63));
#6693 = DIRECTION('',(0.,-1.,0.));
#6694 = DIRECTION('',(0.,0.,-1.));
#6695 = ORIENTED_EDGE('',*,*,#6648,.T.);
#6696 = ( BOUNDED_SURFACE() B_SPLINE_SURFACE(3,3,(
    (#6697,#6698,#6699,#6700)
    ,(#6701,#6702,#6703,#6704)
    ,(#6705,#6706,#6707,#6708)
    ,(#6709,#6710,#6711,#6712)
    ,(#6713,#6714,#6715,#6716)
    ,(#6717,#6718,#6719,#6720)
    ,(#6721,#6722,#6723,#6724
)),.UNSPECIFIED.,.F.,.F.,.F.) B_SPLINE_SURFACE_WITH_KNOTS((4,3,4),(4,4),
  (0.,1.,2.),(0.,1.),.PIECEWISE_BEZIER_KNOTS.) 
GEOMETRIC_REPRESENTATION_ITEM() RATIONAL_B_SPLINE_SURFACE((
    (1.432830936972,1.111333878147,1.111333878147,1.432830936972)
    ,(1.125501372994,0.872962589956,0.872962589956,1.125501372994)
    ,(1.125501372994,0.872962589956,0.872962589956,1.125501372994)
    ,(1.432830936972,1.111333878147,1.111333878147,1.432830936972)
    ,(1.125501372994,0.872962589956,0.872962589956,1.125501372994)
    ,(1.125501372994,0.872962589956,0.872962589956,1.125501372994)
    ,(1.432830936972,1.111333878147,1.111333878147,1.432830936972
))) REPRESENTATION_ITEM('') SURFACE() );
#6697 = CARTESIAN_POINT('',(2.472057504757,-6.238006719549,
    -0.978521738123));
#6698 = CARTESIAN_POINT('',(2.471441079769,-6.366401096345,
    -0.986210296582));
#6699 = CARTESIAN_POINT('',(2.478709788122,-6.457353308808,
    -0.895548999267));
#6700 = CARTESIAN_POINT('',(2.488970795015,-6.449640079203,
    -0.767565298233));
#6701 = CARTESIAN_POINT('',(2.68941163734,-6.238006719549,
    -0.995947959077));
#6702 = CARTESIAN_POINT('',(2.693590149861,-6.366401096345,
    -1.004020948416));
#6703 = CARTESIAN_POINT('',(2.644318317176,-6.457353308808,
    -0.908826551366));
#6704 = CARTESIAN_POINT('',(2.574762821165,-6.449640079203,
    -0.774443616055));
#6705 = CARTESIAN_POINT('',(2.849640079203,-6.238006719549,
    -0.848051581346));
#6706 = CARTESIAN_POINT('',(2.857353308808,-6.366401096345,
    -0.852861904913));
#6707 = CARTESIAN_POINT('',(2.766401096345,-6.457353308808,
    -0.796139935853));
#6708 = CARTESIAN_POINT('',(2.638006719549,-6.449640079203,
    -0.716067316718));
#6709 = CARTESIAN_POINT('',(2.849640079203,-6.238006719549,-0.63));
#6710 = CARTESIAN_POINT('',(2.857353308808,-6.366401096345,-0.63));
#6711 = CARTESIAN_POINT('',(2.766401096345,-6.457353308808,-0.63));
#6712 = CARTESIAN_POINT('',(2.638006719549,-6.449640079203,-0.63));
#6713 = CARTESIAN_POINT('',(2.849640079203,-6.238006719549,
    -0.411948418654));
#6714 = CARTESIAN_POINT('',(2.857353308808,-6.366401096345,
    -0.407138095087));
#6715 = CARTESIAN_POINT('',(2.766401096345,-6.457353308808,
    -0.463860064147));
#6716 = CARTESIAN_POINT('',(2.638006719549,-6.449640079203,
    -0.543932683282));
#6717 = CARTESIAN_POINT('',(2.68941163734,-6.238006719549,
    -0.264052040923));
#6718 = CARTESIAN_POINT('',(2.693590149861,-6.366401096345,
    -0.255979051584));
#6719 = CARTESIAN_POINT('',(2.644318317176,-6.457353308808,
    -0.351173448634));
#6720 = CARTESIAN_POINT('',(2.574762821165,-6.449640079203,
    -0.485556383945));
#6721 = CARTESIAN_POINT('',(2.472057504757,-6.238006719549,
    -0.281478261877));
#6722 = CARTESIAN_POINT('',(2.471441079769,-6.366401096345,
    -0.273789703418));
#6723 = CARTESIAN_POINT('',(2.478709788122,-6.457353308808,
    -0.364451000733));
#6724 = CARTESIAN_POINT('',(2.488970795015,-6.449640079203,
    -0.492434701767));
#6725 = ADVANCED_FACE('',(#6726),#6730,.T.);
#6726 = FACE_BOUND('',#6727,.F.);
#6727 = EDGE_LOOP('',(#6728,#6729));
#6728 = ORIENTED_EDGE('',*,*,#6629,.T.);
#6729 = ORIENTED_EDGE('',*,*,#6689,.F.);
#6730 = PLANE('',#6731);
#6731 = AXIS2_PLACEMENT_3D('',#6732,#6733,#6734);
#6732 = CARTESIAN_POINT('',(2.5,-6.45,-0.63));
#6733 = DIRECTION('',(0.,-1.,0.));
#6734 = DIRECTION('',(0.,0.,1.));
#6735 = ADVANCED_FACE('',(#6736),#6762,.T.);
#6736 = FACE_BOUND('',#6737,.T.);
#6737 = EDGE_LOOP('',(#6738,#6746,#6755,#6761));
#6738 = ORIENTED_EDGE('',*,*,#6739,.F.);
#6739 = EDGE_CURVE('',#6740,#5008,#6742,.T.);
#6740 = VERTEX_POINT('',#6741);
#6741 = CARTESIAN_POINT('',(0.,-6.25,-0.28));
#6742 = LINE('',#6743,#6744);
#6743 = CARTESIAN_POINT('',(0.,-6.25,-0.28));
#6744 = VECTOR('',#6745,1.);
#6745 = DIRECTION('',(0.,1.,0.));
#6746 = ORIENTED_EDGE('',*,*,#6747,.F.);
#6747 = EDGE_CURVE('',#6748,#6740,#6750,.T.);
#6748 = VERTEX_POINT('',#6749);
#6749 = CARTESIAN_POINT('',(0.,-6.25,-0.98));
#6750 = CIRCLE('',#6751,0.35);
#6751 = AXIS2_PLACEMENT_3D('',#6752,#6753,#6754);
#6752 = CARTESIAN_POINT('',(0.,-6.25,-0.63));
#6753 = DIRECTION('',(0.,-1.,0.));
#6754 = DIRECTION('',(0.,0.,-1.));
#6755 = ORIENTED_EDGE('',*,*,#6756,.T.);
#6756 = EDGE_CURVE('',#6748,#5006,#6757,.T.);
#6757 = LINE('',#6758,#6759);
#6758 = CARTESIAN_POINT('',(0.,-6.25,-0.98));
#6759 = VECTOR('',#6760,1.);
#6760 = DIRECTION('',(0.,1.,0.));
#6761 = ORIENTED_EDGE('',*,*,#5005,.T.);
#6762 = CYLINDRICAL_SURFACE('',#6763,0.35);
#6763 = AXIS2_PLACEMENT_3D('',#6764,#6765,#6766);
#6764 = CARTESIAN_POINT('',(0.,2.895,-0.63));
#6765 = DIRECTION('',(0.,-1.,0.));
#6766 = DIRECTION('',(0.,0.,1.));
#6767 = ADVANCED_FACE('',(#6768),#6780,.T.);
#6768 = FACE_BOUND('',#6769,.T.);
#6769 = EDGE_LOOP('',(#6770,#6771,#6778,#6779));
#6770 = ORIENTED_EDGE('',*,*,#6756,.F.);
#6771 = ORIENTED_EDGE('',*,*,#6772,.T.);
#6772 = EDGE_CURVE('',#6748,#6740,#6773,.T.);
#6773 = CIRCLE('',#6774,0.35);
#6774 = AXIS2_PLACEMENT_3D('',#6775,#6776,#6777);
#6775 = CARTESIAN_POINT('',(0.,-6.25,-0.63));
#6776 = DIRECTION('',(0.,1.,0.));
#6777 = DIRECTION('',(0.,0.,-1.));
#6778 = ORIENTED_EDGE('',*,*,#6739,.T.);
#6779 = ORIENTED_EDGE('',*,*,#5016,.T.);
#6780 = CYLINDRICAL_SURFACE('',#6781,0.35);
#6781 = AXIS2_PLACEMENT_3D('',#6782,#6783,#6784);
#6782 = CARTESIAN_POINT('',(0.,2.895,-0.63));
#6783 = DIRECTION('',(0.,-1.,0.));
#6784 = DIRECTION('',(0.,0.,1.));
#6785 = ADVANCED_FACE('',(#6786),#6814,.T.);
#6786 = FACE_BOUND('',#6787,.T.);
#6787 = EDGE_LOOP('',(#6788,#6799,#6806,#6807));
#6788 = ORIENTED_EDGE('',*,*,#6789,.T.);
#6789 = EDGE_CURVE('',#6790,#6792,#6794,.T.);
#6790 = VERTEX_POINT('',#6791);
#6791 = CARTESIAN_POINT('',(0.,-6.45,-0.78));
#6792 = VERTEX_POINT('',#6793);
#6793 = CARTESIAN_POINT('',(0.,-6.45,-0.48));
#6794 = CIRCLE('',#6795,0.15);
#6795 = AXIS2_PLACEMENT_3D('',#6796,#6797,#6798);
#6796 = CARTESIAN_POINT('',(0.,-6.45,-0.63));
#6797 = DIRECTION('',(0.,1.,0.));
#6798 = DIRECTION('',(0.,0.,-1.));
#6799 = ORIENTED_EDGE('',*,*,#6800,.T.);
#6800 = EDGE_CURVE('',#6792,#6740,#6801,.T.);
#6801 = CIRCLE('',#6802,0.2);
#6802 = AXIS2_PLACEMENT_3D('',#6803,#6804,#6805);
#6803 = CARTESIAN_POINT('',(0.,-6.25,-0.48));
#6804 = DIRECTION('',(-1.,0.,0.));
#6805 = DIRECTION('',(0.,-1.,0.));
#6806 = ORIENTED_EDGE('',*,*,#6772,.F.);
#6807 = ORIENTED_EDGE('',*,*,#6808,.F.);
#6808 = EDGE_CURVE('',#6790,#6748,#6809,.T.);
#6809 = CIRCLE('',#6810,0.2);
#6810 = AXIS2_PLACEMENT_3D('',#6811,#6812,#6813);
#6811 = CARTESIAN_POINT('',(0.,-6.25,-0.78));
#6812 = DIRECTION('',(1.,0.,0.));
#6813 = DIRECTION('',(0.,-1.,0.));
#6814 = ( BOUNDED_SURFACE() B_SPLINE_SURFACE(3,3,(
    (#6815,#6816,#6817,#6818)
    ,(#6819,#6820,#6821,#6822)
    ,(#6823,#6824,#6825,#6826)
    ,(#6827,#6828,#6829,#6830)
    ,(#6831,#6832,#6833,#6834)
    ,(#6835,#6836,#6837,#6838)
    ,(#6839,#6840,#6841,#6842
)),.UNSPECIFIED.,.F.,.F.,.F.) B_SPLINE_SURFACE_WITH_KNOTS((4,3,4),(4,4),
  (0.,1.,2.),(0.,1.),.PIECEWISE_BEZIER_KNOTS.) 
GEOMETRIC_REPRESENTATION_ITEM() RATIONAL_B_SPLINE_SURFACE((
    (1.432830936972,1.111333878147,1.111333878147,1.432830936972)
    ,(1.125501372994,0.872962589956,0.872962589956,1.125501372994)
    ,(1.125501372994,0.872962589956,0.872962589956,1.125501372994)
    ,(1.432830936972,1.111333878147,1.111333878147,1.432830936972)
    ,(1.125501372994,0.872962589956,0.872962589956,1.125501372994)
    ,(1.125501372994,0.872962589956,0.872962589956,1.125501372994)
    ,(1.432830936972,1.111333878147,1.111333878147,1.432830936972
))) REPRESENTATION_ITEM('') SURFACE() );
#6815 = CARTESIAN_POINT('',(2.794249524315E-02,-6.238006719549,
    -0.281478261877));
#6816 = CARTESIAN_POINT('',(2.855892023093E-02,-6.366401096345,
    -0.273789703418));
#6817 = CARTESIAN_POINT('',(2.129021187835E-02,-6.457353308808,
    -0.364451000733));
#6818 = CARTESIAN_POINT('',(1.102920498505E-02,-6.449640079203,
    -0.492434701767));
#6819 = CARTESIAN_POINT('',(-0.18941163734,-6.238006719549,
    -0.264052040923));
#6820 = CARTESIAN_POINT('',(-0.193590149861,-6.366401096345,
    -0.255979051584));
#6821 = CARTESIAN_POINT('',(-0.144318317176,-6.457353308808,
    -0.351173448634));
#6822 = CARTESIAN_POINT('',(-7.476282116524E-02,-6.449640079203,
    -0.485556383945));
#6823 = CARTESIAN_POINT('',(-0.349640079203,-6.238006719549,
    -0.411948418654));
#6824 = CARTESIAN_POINT('',(-0.357353308808,-6.366401096345,
    -0.407138095087));
#6825 = CARTESIAN_POINT('',(-0.266401096345,-6.457353308808,
    -0.463860064147));
#6826 = CARTESIAN_POINT('',(-0.138006719549,-6.449640079203,
    -0.543932683282));
#6827 = CARTESIAN_POINT('',(-0.349640079203,-6.238006719549,-0.63));
#6828 = CARTESIAN_POINT('',(-0.357353308808,-6.366401096345,-0.63));
#6829 = CARTESIAN_POINT('',(-0.266401096345,-6.457353308808,-0.63));
#6830 = CARTESIAN_POINT('',(-0.138006719549,-6.449640079203,-0.63));
#6831 = CARTESIAN_POINT('',(-0.349640079203,-6.238006719549,
    -0.848051581346));
#6832 = CARTESIAN_POINT('',(-0.357353308808,-6.366401096345,
    -0.852861904913));
#6833 = CARTESIAN_POINT('',(-0.266401096345,-6.457353308808,
    -0.796139935853));
#6834 = CARTESIAN_POINT('',(-0.138006719549,-6.449640079203,
    -0.716067316718));
#6835 = CARTESIAN_POINT('',(-0.18941163734,-6.238006719549,
    -0.995947959077));
#6836 = CARTESIAN_POINT('',(-0.193590149861,-6.366401096345,
    -1.004020948416));
#6837 = CARTESIAN_POINT('',(-0.144318317176,-6.457353308808,
    -0.908826551366));
#6838 = CARTESIAN_POINT('',(-7.476282116524E-02,-6.449640079203,
    -0.774443616055));
#6839 = CARTESIAN_POINT('',(2.794249524315E-02,-6.238006719549,
    -0.978521738123));
#6840 = CARTESIAN_POINT('',(2.855892023094E-02,-6.366401096345,
    -0.986210296582));
#6841 = CARTESIAN_POINT('',(2.129021187835E-02,-6.457353308808,
    -0.895548999267));
#6842 = CARTESIAN_POINT('',(1.102920498505E-02,-6.449640079203,
    -0.767565298233));
#6843 = ADVANCED_FACE('',(#6844),#6856,.T.);
#6844 = FACE_BOUND('',#6845,.T.);
#6845 = EDGE_LOOP('',(#6846,#6847,#6848,#6855));
#6846 = ORIENTED_EDGE('',*,*,#6747,.T.);
#6847 = ORIENTED_EDGE('',*,*,#6800,.F.);
#6848 = ORIENTED_EDGE('',*,*,#6849,.F.);
#6849 = EDGE_CURVE('',#6790,#6792,#6850,.T.);
#6850 = CIRCLE('',#6851,0.15);
#6851 = AXIS2_PLACEMENT_3D('',#6852,#6853,#6854);
#6852 = CARTESIAN_POINT('',(0.,-6.45,-0.63));
#6853 = DIRECTION('',(0.,-1.,0.));
#6854 = DIRECTION('',(0.,0.,-1.));
#6855 = ORIENTED_EDGE('',*,*,#6808,.T.);
#6856 = ( BOUNDED_SURFACE() B_SPLINE_SURFACE(3,3,(
    (#6857,#6858,#6859,#6860)
    ,(#6861,#6862,#6863,#6864)
    ,(#6865,#6866,#6867,#6868)
    ,(#6869,#6870,#6871,#6872)
    ,(#6873,#6874,#6875,#6876)
    ,(#6877,#6878,#6879,#6880)
    ,(#6881,#6882,#6883,#6884
)),.UNSPECIFIED.,.F.,.F.,.F.) B_SPLINE_SURFACE_WITH_KNOTS((4,3,4),(4,4),
  (0.,1.,2.),(0.,1.),.PIECEWISE_BEZIER_KNOTS.) 
GEOMETRIC_REPRESENTATION_ITEM() RATIONAL_B_SPLINE_SURFACE((
    (1.432830936972,1.111333878147,1.111333878147,1.432830936972)
    ,(1.125501372994,0.872962589956,0.872962589956,1.125501372994)
    ,(1.125501372994,0.872962589956,0.872962589956,1.125501372994)
    ,(1.432830936972,1.111333878147,1.111333878147,1.432830936972)
    ,(1.125501372994,0.872962589956,0.872962589956,1.125501372994)
    ,(1.125501372994,0.872962589956,0.872962589956,1.125501372994)
    ,(1.432830936972,1.111333878147,1.111333878147,1.432830936972
))) REPRESENTATION_ITEM('') SURFACE() );
#6857 = CARTESIAN_POINT('',(-2.794249524315E-02,-6.238006719549,
    -0.978521738123));
#6858 = CARTESIAN_POINT('',(-2.855892023093E-02,-6.366401096345,
    -0.986210296582));
#6859 = CARTESIAN_POINT('',(-2.129021187835E-02,-6.457353308808,
    -0.895548999267));
#6860 = CARTESIAN_POINT('',(-1.102920498505E-02,-6.449640079203,
    -0.767565298233));
#6861 = CARTESIAN_POINT('',(0.18941163734,-6.238006719549,
    -0.995947959077));
#6862 = CARTESIAN_POINT('',(0.193590149861,-6.366401096345,
    -1.004020948416));
#6863 = CARTESIAN_POINT('',(0.144318317176,-6.457353308808,
    -0.908826551366));
#6864 = CARTESIAN_POINT('',(7.476282116524E-02,-6.449640079203,
    -0.774443616055));
#6865 = CARTESIAN_POINT('',(0.349640079203,-6.238006719549,
    -0.848051581346));
#6866 = CARTESIAN_POINT('',(0.357353308808,-6.366401096345,
    -0.852861904913));
#6867 = CARTESIAN_POINT('',(0.266401096345,-6.457353308808,
    -0.796139935853));
#6868 = CARTESIAN_POINT('',(0.138006719549,-6.449640079203,
    -0.716067316718));
#6869 = CARTESIAN_POINT('',(0.349640079203,-6.238006719549,-0.63));
#6870 = CARTESIAN_POINT('',(0.357353308808,-6.366401096345,-0.63));
#6871 = CARTESIAN_POINT('',(0.266401096345,-6.457353308808,-0.63));
#6872 = CARTESIAN_POINT('',(0.138006719549,-6.449640079203,-0.63));
#6873 = CARTESIAN_POINT('',(0.349640079203,-6.238006719549,
    -0.411948418654));
#6874 = CARTESIAN_POINT('',(0.357353308808,-6.366401096345,
    -0.407138095087));
#6875 = CARTESIAN_POINT('',(0.266401096345,-6.457353308808,
    -0.463860064147));
#6876 = CARTESIAN_POINT('',(0.138006719549,-6.449640079203,
    -0.543932683282));
#6877 = CARTESIAN_POINT('',(0.18941163734,-6.238006719549,
    -0.264052040923));
#6878 = CARTESIAN_POINT('',(0.193590149861,-6.366401096345,
    -0.255979051584));
#6879 = CARTESIAN_POINT('',(0.144318317176,-6.457353308808,
    -0.351173448634));
#6880 = CARTESIAN_POINT('',(7.476282116524E-02,-6.449640079203,
    -0.485556383945));
#6881 = CARTESIAN_POINT('',(-2.794249524315E-02,-6.238006719549,
    -0.281478261877));
#6882 = CARTESIAN_POINT('',(-2.855892023094E-02,-6.366401096345,
    -0.273789703418));
#6883 = CARTESIAN_POINT('',(-2.129021187835E-02,-6.457353308808,
    -0.364451000733));
#6884 = CARTESIAN_POINT('',(-1.102920498505E-02,-6.449640079203,
    -0.492434701767));
#6885 = ADVANCED_FACE('',(#6886),#6890,.T.);
#6886 = FACE_BOUND('',#6887,.F.);
#6887 = EDGE_LOOP('',(#6888,#6889));
#6888 = ORIENTED_EDGE('',*,*,#6789,.T.);
#6889 = ORIENTED_EDGE('',*,*,#6849,.F.);
#6890 = PLANE('',#6891);
#6891 = AXIS2_PLACEMENT_3D('',#6892,#6893,#6894);
#6892 = CARTESIAN_POINT('',(0.,-6.45,-0.63));
#6893 = DIRECTION('',(0.,-1.,0.));
#6894 = DIRECTION('',(0.,0.,1.));
#6895 = ADVANCED_FACE('',(#6896),#6941,.T.);
#6896 = FACE_BOUND('',#6897,.T.);
#6897 = EDGE_LOOP('',(#6898,#6909,#6917,#6926,#6934));
#6898 = ORIENTED_EDGE('',*,*,#6899,.T.);
#6899 = EDGE_CURVE('',#6900,#6902,#6904,.T.);
#6900 = VERTEX_POINT('',#6901);
#6901 = CARTESIAN_POINT('',(-2.15,-5.15,-0.63));
#6902 = VERTEX_POINT('',#6903);
#6903 = CARTESIAN_POINT('',(-2.5,-5.15,-0.28));
#6904 = CIRCLE('',#6905,0.35);
#6905 = AXIS2_PLACEMENT_3D('',#6906,#6907,#6908);
#6906 = CARTESIAN_POINT('',(-2.5,-5.15,-0.63));
#6907 = DIRECTION('',(0.,-1.,0.));
#6908 = DIRECTION('',(1.,0.,0.));
#6909 = ORIENTED_EDGE('',*,*,#6910,.F.);
#6910 = EDGE_CURVE('',#6911,#6902,#6913,.T.);
#6911 = VERTEX_POINT('',#6912);
#6912 = CARTESIAN_POINT('',(-2.5,-6.25,-0.28));
#6913 = LINE('',#6914,#6915);
#6914 = CARTESIAN_POINT('',(-2.5,-6.25,-0.28));
#6915 = VECTOR('',#6916,1.);
#6916 = DIRECTION('',(0.,1.,0.));
#6917 = ORIENTED_EDGE('',*,*,#6918,.F.);
#6918 = EDGE_CURVE('',#6919,#6911,#6921,.T.);
#6919 = VERTEX_POINT('',#6920);
#6920 = CARTESIAN_POINT('',(-2.5,-6.25,-0.98));
#6921 = CIRCLE('',#6922,0.35);
#6922 = AXIS2_PLACEMENT_3D('',#6923,#6924,#6925);
#6923 = CARTESIAN_POINT('',(-2.5,-6.25,-0.63));
#6924 = DIRECTION('',(0.,-1.,0.));
#6925 = DIRECTION('',(0.,0.,-1.));
#6926 = ORIENTED_EDGE('',*,*,#6927,.T.);
#6927 = EDGE_CURVE('',#6919,#6928,#6930,.T.);
#6928 = VERTEX_POINT('',#6929);
#6929 = CARTESIAN_POINT('',(-2.5,-5.15,-0.98));
#6930 = LINE('',#6931,#6932);
#6931 = CARTESIAN_POINT('',(-2.5,-6.25,-0.98));
#6932 = VECTOR('',#6933,1.);
#6933 = DIRECTION('',(0.,1.,0.));
#6934 = ORIENTED_EDGE('',*,*,#6935,.T.);
#6935 = EDGE_CURVE('',#6928,#6900,#6936,.T.);
#6936 = CIRCLE('',#6937,0.35);
#6937 = AXIS2_PLACEMENT_3D('',#6938,#6939,#6940);
#6938 = CARTESIAN_POINT('',(-2.5,-5.15,-0.63));
#6939 = DIRECTION('',(0.,-1.,0.));
#6940 = DIRECTION('',(0.,0.,-1.));
#6941 = CYLINDRICAL_SURFACE('',#6942,0.35);
#6942 = AXIS2_PLACEMENT_3D('',#6943,#6944,#6945);
#6943 = CARTESIAN_POINT('',(-2.5,2.895,-0.63));
#6944 = DIRECTION('',(0.,-1.,0.));
#6945 = DIRECTION('',(0.,0.,1.));
#6946 = ADVANCED_FACE('',(#6947),#6982,.T.);
#6947 = FACE_BOUND('',#6948,.T.);
#6948 = EDGE_LOOP('',(#6949,#6957,#6958,#6966,#6975));
#6949 = ORIENTED_EDGE('',*,*,#6950,.T.);
#6950 = EDGE_CURVE('',#6951,#5026,#6953,.T.);
#6951 = VERTEX_POINT('',#6952);
#6952 = CARTESIAN_POINT('',(-2.5,-3.55,-0.98));
#6953 = LINE('',#6954,#6955);
#6954 = CARTESIAN_POINT('',(-2.5,-3.55,-0.98));
#6955 = VECTOR('',#6956,1.);
#6956 = DIRECTION('',(0.,1.,0.));
#6957 = ORIENTED_EDGE('',*,*,#5025,.T.);
#6958 = ORIENTED_EDGE('',*,*,#6959,.F.);
#6959 = EDGE_CURVE('',#6960,#5028,#6962,.T.);
#6960 = VERTEX_POINT('',#6961);
#6961 = CARTESIAN_POINT('',(-2.5,-3.55,-0.28));
#6962 = LINE('',#6963,#6964);
#6963 = CARTESIAN_POINT('',(-2.5,-3.55,-0.28));
#6964 = VECTOR('',#6965,1.);
#6965 = DIRECTION('',(0.,1.,0.));
#6966 = ORIENTED_EDGE('',*,*,#6967,.F.);
#6967 = EDGE_CURVE('',#6968,#6960,#6970,.T.);
#6968 = VERTEX_POINT('',#6969);
#6969 = CARTESIAN_POINT('',(-2.15,-3.55,-0.63));
#6970 = CIRCLE('',#6971,0.35);
#6971 = AXIS2_PLACEMENT_3D('',#6972,#6973,#6974);
#6972 = CARTESIAN_POINT('',(-2.5,-3.55,-0.63));
#6973 = DIRECTION('',(0.,-1.,0.));
#6974 = DIRECTION('',(1.,0.,0.));
#6975 = ORIENTED_EDGE('',*,*,#6976,.F.);
#6976 = EDGE_CURVE('',#6951,#6968,#6977,.T.);
#6977 = CIRCLE('',#6978,0.35);
#6978 = AXIS2_PLACEMENT_3D('',#6979,#6980,#6981);
#6979 = CARTESIAN_POINT('',(-2.5,-3.55,-0.63));
#6980 = DIRECTION('',(0.,-1.,0.));
#6981 = DIRECTION('',(0.,0.,-1.));
#6982 = CYLINDRICAL_SURFACE('',#6983,0.35);
#6983 = AXIS2_PLACEMENT_3D('',#6984,#6985,#6986);
#6984 = CARTESIAN_POINT('',(-2.5,2.895,-0.63));
#6985 = DIRECTION('',(0.,-1.,0.));
#6986 = DIRECTION('',(0.,0.,1.));
#6987 = ADVANCED_FACE('',(#6988),#7024,.T.);
#6988 = FACE_BOUND('',#6989,.T.);
#6989 = EDGE_LOOP('',(#6990,#6991,#7000,#7009,#7016,#7017));
#6990 = ORIENTED_EDGE('',*,*,#6935,.F.);
#6991 = ORIENTED_EDGE('',*,*,#6992,.F.);
#6992 = EDGE_CURVE('',#6993,#6928,#6995,.T.);
#6993 = VERTEX_POINT('',#6994);
#6994 = CARTESIAN_POINT('',(-2.85,-5.15,-0.63));
#6995 = CIRCLE('',#6996,0.35);
#6996 = AXIS2_PLACEMENT_3D('',#6997,#6998,#6999);
#6997 = CARTESIAN_POINT('',(-2.5,-5.15,-0.63));
#6998 = DIRECTION('',(0.,-1.,0.));
#6999 = DIRECTION('',(-1.,0.,0.));
#7000 = ORIENTED_EDGE('',*,*,#7001,.T.);
#7001 = EDGE_CURVE('',#6993,#7002,#7004,.T.);
#7002 = VERTEX_POINT('',#7003);
#7003 = CARTESIAN_POINT('',(-2.85,-3.55,-0.63));
#7004 = CIRCLE('',#7005,3.25);
#7005 = AXIS2_PLACEMENT_3D('',#7006,#7007,#7008);
#7006 = CARTESIAN_POINT('',(0.3,-4.35,-0.63));
#7007 = DIRECTION('',(0.,0.,-1.));
#7008 = DIRECTION('',(-0.969230769231,-0.246153846154,-0.));
#7009 = ORIENTED_EDGE('',*,*,#7010,.T.);
#7010 = EDGE_CURVE('',#7002,#6951,#7011,.T.);
#7011 = CIRCLE('',#7012,0.35);
#7012 = AXIS2_PLACEMENT_3D('',#7013,#7014,#7015);
#7013 = CARTESIAN_POINT('',(-2.5,-3.55,-0.63));
#7014 = DIRECTION('',(0.,-1.,0.));
#7015 = DIRECTION('',(-1.,0.,0.));
#7016 = ORIENTED_EDGE('',*,*,#6976,.T.);
#7017 = ORIENTED_EDGE('',*,*,#7018,.F.);
#7018 = EDGE_CURVE('',#6900,#6968,#7019,.T.);
#7019 = CIRCLE('',#7020,3.25);
#7020 = AXIS2_PLACEMENT_3D('',#7021,#7022,#7023);
#7021 = CARTESIAN_POINT('',(-5.3,-4.35,-0.63));
#7022 = DIRECTION('',(0.,0.,1.));
#7023 = DIRECTION('',(0.969230769231,-0.246153846154,0.));
#7024 = ( BOUNDED_SURFACE() B_SPLINE_SURFACE(3,3,(
    (#7025,#7026,#7027,#7028)
    ,(#7029,#7030,#7031,#7032)
    ,(#7033,#7034,#7035,#7036)
    ,(#7037,#7038,#7039,#7040)
    ,(#7041,#7042,#7043,#7044)
    ,(#7045,#7046,#7047,#7048)
    ,(#7049,#7050,#7051,#7052
)),.UNSPECIFIED.,.F.,.F.,.F.) B_SPLINE_SURFACE_WITH_KNOTS((4,3,4),(4,4),
  (0.,1.,2.),(0.,1.),.PIECEWISE_BEZIER_KNOTS.) 
GEOMETRIC_REPRESENTATION_ITEM() RATIONAL_B_SPLINE_SURFACE((
    (1.207344487006,1.180568814323,1.180568814323,1.207344487006)
    ,(0.953437611962,0.932292914904,0.932292914904,0.953437611962)
    ,(0.953437611962,0.932292914904,0.932292914904,0.953437611962)
    ,(1.207344487006,1.180568814323,1.180568814323,1.207344487006)
    ,(0.953437611962,0.932292914904,0.932292914904,0.953437611962)
    ,(0.953437611962,0.932292914904,0.932292914904,0.953437611962)
    ,(1.207344487006,1.180568814323,1.180568814323,1.207344487006
))) REPRESENTATION_ITEM('') SURFACE() );
#7025 = CARTESIAN_POINT('',(-2.158789098871,-5.181297353779,
    -0.608532829692));
#7026 = CARTESIAN_POINT('',(-2.014105186136,-4.633383813229,
    -0.599430089466));
#7027 = CARTESIAN_POINT('',(-2.014105186136,-4.066616186771,
    -0.599430089466));
#7028 = CARTESIAN_POINT('',(-2.158789098871,-3.518702646221,
    -0.608532829692));
#7029 = CARTESIAN_POINT('',(-2.145578232376,-5.181297353779,
    -0.81851353963));
#7030 = CARTESIAN_POINT('',(-1.995292506073,-4.633383813229,
    -0.898449076352));
#7031 = CARTESIAN_POINT('',(-1.995292506073,-4.066616186771,
    -0.898449076352));
#7032 = CARTESIAN_POINT('',(-2.145578232376,-3.518702646221,
    -0.81851353963));
#7033 = CARTESIAN_POINT('',(-2.289604121858,-5.181297353779,
    -0.971885534134));
#7034 = CARTESIAN_POINT('',(-2.200389800825,-4.633383813229,
    -1.116855512006));
#7035 = CARTESIAN_POINT('',(-2.200389800825,-4.066616186771,
    -1.116855512006));
#7036 = CARTESIAN_POINT('',(-2.289604121858,-3.518702646221,
    -0.971885534134));
#7037 = CARTESIAN_POINT('',(-2.5,-5.181297353779,-0.971885534134));
#7038 = CARTESIAN_POINT('',(-2.5,-4.633383813229,-1.116855512006));
#7039 = CARTESIAN_POINT('',(-2.5,-4.066616186771,-1.116855512006));
#7040 = CARTESIAN_POINT('',(-2.5,-3.518702646221,-0.971885534134));
#7041 = CARTESIAN_POINT('',(-2.710395878142,-5.181297353779,
    -0.971885534134));
#7042 = CARTESIAN_POINT('',(-2.799610199175,-4.633383813229,
    -1.116855512006));
#7043 = CARTESIAN_POINT('',(-2.799610199175,-4.066616186771,
    -1.116855512006));
#7044 = CARTESIAN_POINT('',(-2.710395878142,-3.518702646221,
    -0.971885534134));
#7045 = CARTESIAN_POINT('',(-2.854421767624,-5.181297353779,
    -0.81851353963));
#7046 = CARTESIAN_POINT('',(-3.004707493927,-4.633383813229,
    -0.898449076352));
#7047 = CARTESIAN_POINT('',(-3.004707493927,-4.066616186771,
    -0.898449076352));
#7048 = CARTESIAN_POINT('',(-2.854421767624,-3.518702646221,
    -0.81851353963));
#7049 = CARTESIAN_POINT('',(-2.841210901129,-5.181297353779,
    -0.608532829692));
#7050 = CARTESIAN_POINT('',(-2.985894813864,-4.633383813229,
    -0.599430089466));
#7051 = CARTESIAN_POINT('',(-2.985894813864,-4.066616186771,
    -0.599430089466));
#7052 = CARTESIAN_POINT('',(-2.841210901129,-3.518702646221,
    -0.608532829692));
#7053 = ADVANCED_FACE('',(#7054),#7074,.T.);
#7054 = FACE_BOUND('',#7055,.T.);
#7055 = EDGE_LOOP('',(#7056,#7057,#7064,#7065,#7072,#7073));
#7056 = ORIENTED_EDGE('',*,*,#6967,.T.);
#7057 = ORIENTED_EDGE('',*,*,#7058,.T.);
#7058 = EDGE_CURVE('',#6960,#7002,#7059,.T.);
#7059 = CIRCLE('',#7060,0.35);
#7060 = AXIS2_PLACEMENT_3D('',#7061,#7062,#7063);
#7061 = CARTESIAN_POINT('',(-2.5,-3.55,-0.63));
#7062 = DIRECTION('',(0.,-1.,0.));
#7063 = DIRECTION('',(0.,0.,1.));
#7064 = ORIENTED_EDGE('',*,*,#7001,.F.);
#7065 = ORIENTED_EDGE('',*,*,#7066,.F.);
#7066 = EDGE_CURVE('',#6902,#6993,#7067,.T.);
#7067 = CIRCLE('',#7068,0.35);
#7068 = AXIS2_PLACEMENT_3D('',#7069,#7070,#7071);
#7069 = CARTESIAN_POINT('',(-2.5,-5.15,-0.63));
#7070 = DIRECTION('',(0.,-1.,0.));
#7071 = DIRECTION('',(0.,0.,1.));
#7072 = ORIENTED_EDGE('',*,*,#6899,.F.);
#7073 = ORIENTED_EDGE('',*,*,#7018,.T.);
#7074 = ( BOUNDED_SURFACE() B_SPLINE_SURFACE(3,3,(
    (#7075,#7076,#7077,#7078)
    ,(#7079,#7080,#7081,#7082)
    ,(#7083,#7084,#7085,#7086)
    ,(#7087,#7088,#7089,#7090)
    ,(#7091,#7092,#7093,#7094)
    ,(#7095,#7096,#7097,#7098)
    ,(#7099,#7100,#7101,#7102
)),.UNSPECIFIED.,.F.,.F.,.F.) B_SPLINE_SURFACE_WITH_KNOTS((4,3,4),(4,4),
  (0.,1.,2.),(0.,1.),.PIECEWISE_BEZIER_KNOTS.) 
GEOMETRIC_REPRESENTATION_ITEM() RATIONAL_B_SPLINE_SURFACE((
    (1.207344487006,1.180568814323,1.180568814323,1.207344487006)
    ,(0.953437611962,0.932292914904,0.932292914904,0.953437611962)
    ,(0.953437611962,0.932292914904,0.932292914904,0.953437611962)
    ,(1.207344487006,1.180568814323,1.180568814323,1.207344487006)
    ,(0.953437611962,0.932292914904,0.932292914904,0.953437611962)
    ,(0.953437611962,0.932292914904,0.932292914904,0.953437611962)
    ,(1.207344487006,1.180568814323,1.180568814323,1.207344487006
))) REPRESENTATION_ITEM('') SURFACE() );
#7075 = CARTESIAN_POINT('',(-2.841210901129,-5.181297353779,
    -0.651467170308));
#7076 = CARTESIAN_POINT('',(-2.985894813864,-4.633383813229,
    -0.660569910534));
#7077 = CARTESIAN_POINT('',(-2.985894813864,-4.066616186771,
    -0.660569910534));
#7078 = CARTESIAN_POINT('',(-2.841210901129,-3.518702646221,
    -0.651467170308));
#7079 = CARTESIAN_POINT('',(-2.854421767624,-5.181297353779,
    -0.441486460371));
#7080 = CARTESIAN_POINT('',(-3.004707493927,-4.633383813229,
    -0.361550923648));
#7081 = CARTESIAN_POINT('',(-3.004707493927,-4.066616186771,
    -0.361550923648));
#7082 = CARTESIAN_POINT('',(-2.854421767624,-3.518702646222,
    -0.441486460371));
#7083 = CARTESIAN_POINT('',(-2.710395878142,-5.181297353779,
    -0.288114465866));
#7084 = CARTESIAN_POINT('',(-2.799610199175,-4.633383813229,
    -0.143144487994));
#7085 = CARTESIAN_POINT('',(-2.799610199175,-4.066616186771,
    -0.143144487994));
#7086 = CARTESIAN_POINT('',(-2.710395878142,-3.518702646222,
    -0.288114465866));
#7087 = CARTESIAN_POINT('',(-2.5,-5.181297353779,-0.288114465866));
#7088 = CARTESIAN_POINT('',(-2.5,-4.633383813229,-0.143144487994));
#7089 = CARTESIAN_POINT('',(-2.5,-4.066616186771,-0.143144487994));
#7090 = CARTESIAN_POINT('',(-2.5,-3.518702646222,-0.288114465866));
#7091 = CARTESIAN_POINT('',(-2.289604121858,-5.181297353779,
    -0.288114465866));
#7092 = CARTESIAN_POINT('',(-2.200389800825,-4.633383813229,
    -0.143144487994));
#7093 = CARTESIAN_POINT('',(-2.200389800825,-4.066616186771,
    -0.143144487994));
#7094 = CARTESIAN_POINT('',(-2.289604121858,-3.518702646222,
    -0.288114465866));
#7095 = CARTESIAN_POINT('',(-2.145578232376,-5.181297353779,
    -0.441486460371));
#7096 = CARTESIAN_POINT('',(-1.995292506073,-4.633383813229,
    -0.361550923648));
#7097 = CARTESIAN_POINT('',(-1.995292506073,-4.066616186771,
    -0.361550923648));
#7098 = CARTESIAN_POINT('',(-2.145578232376,-3.518702646222,
    -0.441486460371));
#7099 = CARTESIAN_POINT('',(-2.158789098871,-5.181297353779,
    -0.651467170308));
#7100 = CARTESIAN_POINT('',(-2.014105186136,-4.633383813229,
    -0.660569910534));
#7101 = CARTESIAN_POINT('',(-2.014105186136,-4.066616186771,
    -0.660569910534));
#7102 = CARTESIAN_POINT('',(-2.158789098871,-3.518702646221,
    -0.651467170308));
#7103 = ADVANCED_FACE('',(#7104),#7117,.T.);
#7104 = FACE_BOUND('',#7105,.T.);
#7105 = EDGE_LOOP('',(#7106,#7107,#7108,#7115,#7116));
#7106 = ORIENTED_EDGE('',*,*,#6992,.T.);
#7107 = ORIENTED_EDGE('',*,*,#6927,.F.);
#7108 = ORIENTED_EDGE('',*,*,#7109,.T.);
#7109 = EDGE_CURVE('',#6919,#6911,#7110,.T.);
#7110 = CIRCLE('',#7111,0.35);
#7111 = AXIS2_PLACEMENT_3D('',#7112,#7113,#7114);
#7112 = CARTESIAN_POINT('',(-2.5,-6.25,-0.63));
#7113 = DIRECTION('',(0.,1.,0.));
#7114 = DIRECTION('',(0.,0.,-1.));
#7115 = ORIENTED_EDGE('',*,*,#6910,.T.);
#7116 = ORIENTED_EDGE('',*,*,#7066,.T.);
#7117 = CYLINDRICAL_SURFACE('',#7118,0.35);
#7118 = AXIS2_PLACEMENT_3D('',#7119,#7120,#7121);
#7119 = CARTESIAN_POINT('',(-2.5,2.895,-0.63));
#7120 = DIRECTION('',(0.,-1.,0.));
#7121 = DIRECTION('',(0.,0.,1.));
#7122 = ADVANCED_FACE('',(#7123),#7130,.T.);
#7123 = FACE_BOUND('',#7124,.T.);
#7124 = EDGE_LOOP('',(#7125,#7126,#7127,#7128,#7129));
#7125 = ORIENTED_EDGE('',*,*,#7058,.F.);
#7126 = ORIENTED_EDGE('',*,*,#6959,.T.);
#7127 = ORIENTED_EDGE('',*,*,#5036,.T.);
#7128 = ORIENTED_EDGE('',*,*,#6950,.F.);
#7129 = ORIENTED_EDGE('',*,*,#7010,.F.);
#7130 = CYLINDRICAL_SURFACE('',#7131,0.35);
#7131 = AXIS2_PLACEMENT_3D('',#7132,#7133,#7134);
#7132 = CARTESIAN_POINT('',(-2.5,2.895,-0.63));
#7133 = DIRECTION('',(0.,-1.,0.));
#7134 = DIRECTION('',(0.,0.,1.));
#7135 = ADVANCED_FACE('',(#7136),#7164,.T.);
#7136 = FACE_BOUND('',#7137,.T.);
#7137 = EDGE_LOOP('',(#7138,#7149,#7156,#7157));
#7138 = ORIENTED_EDGE('',*,*,#7139,.T.);
#7139 = EDGE_CURVE('',#7140,#7142,#7144,.T.);
#7140 = VERTEX_POINT('',#7141);
#7141 = CARTESIAN_POINT('',(-2.5,-6.45,-0.78));
#7142 = VERTEX_POINT('',#7143);
#7143 = CARTESIAN_POINT('',(-2.5,-6.45,-0.48));
#7144 = CIRCLE('',#7145,0.15);
#7145 = AXIS2_PLACEMENT_3D('',#7146,#7147,#7148);
#7146 = CARTESIAN_POINT('',(-2.5,-6.45,-0.63));
#7147 = DIRECTION('',(0.,1.,0.));
#7148 = DIRECTION('',(0.,0.,-1.));
#7149 = ORIENTED_EDGE('',*,*,#7150,.T.);
#7150 = EDGE_CURVE('',#7142,#6911,#7151,.T.);
#7151 = CIRCLE('',#7152,0.2);
#7152 = AXIS2_PLACEMENT_3D('',#7153,#7154,#7155);
#7153 = CARTESIAN_POINT('',(-2.5,-6.25,-0.48));
#7154 = DIRECTION('',(-1.,0.,0.));
#7155 = DIRECTION('',(0.,-1.,0.));
#7156 = ORIENTED_EDGE('',*,*,#7109,.F.);
#7157 = ORIENTED_EDGE('',*,*,#7158,.F.);
#7158 = EDGE_CURVE('',#7140,#6919,#7159,.T.);
#7159 = CIRCLE('',#7160,0.2);
#7160 = AXIS2_PLACEMENT_3D('',#7161,#7162,#7163);
#7161 = CARTESIAN_POINT('',(-2.5,-6.25,-0.78));
#7162 = DIRECTION('',(1.,0.,0.));
#7163 = DIRECTION('',(0.,-1.,0.));
#7164 = ( BOUNDED_SURFACE() B_SPLINE_SURFACE(3,3,(
    (#7165,#7166,#7167,#7168)
    ,(#7169,#7170,#7171,#7172)
    ,(#7173,#7174,#7175,#7176)
    ,(#7177,#7178,#7179,#7180)
    ,(#7181,#7182,#7183,#7184)
    ,(#7185,#7186,#7187,#7188)
    ,(#7189,#7190,#7191,#7192
)),.UNSPECIFIED.,.F.,.F.,.F.) B_SPLINE_SURFACE_WITH_KNOTS((4,3,4),(4,4),
  (0.,1.,2.),(0.,1.),.PIECEWISE_BEZIER_KNOTS.) 
GEOMETRIC_REPRESENTATION_ITEM() RATIONAL_B_SPLINE_SURFACE((
    (1.432830936972,1.111333878147,1.111333878147,1.432830936972)
    ,(1.125501372994,0.872962589956,0.872962589956,1.125501372994)
    ,(1.125501372994,0.872962589956,0.872962589956,1.125501372994)
    ,(1.432830936972,1.111333878147,1.111333878147,1.432830936972)
    ,(1.125501372994,0.872962589956,0.872962589956,1.125501372994)
    ,(1.125501372994,0.872962589956,0.872962589956,1.125501372994)
    ,(1.432830936972,1.111333878147,1.111333878147,1.432830936972
))) REPRESENTATION_ITEM('') SURFACE() );
#7165 = CARTESIAN_POINT('',(-2.472057504757,-6.238006719549,
    -0.281478261877));
#7166 = CARTESIAN_POINT('',(-2.471441079769,-6.366401096345,
    -0.273789703418));
#7167 = CARTESIAN_POINT('',(-2.478709788122,-6.457353308808,
    -0.364451000733));
#7168 = CARTESIAN_POINT('',(-2.488970795015,-6.449640079203,
    -0.492434701767));
#7169 = CARTESIAN_POINT('',(-2.68941163734,-6.238006719549,
    -0.264052040923));
#7170 = CARTESIAN_POINT('',(-2.693590149861,-6.366401096345,
    -0.255979051584));
#7171 = CARTESIAN_POINT('',(-2.644318317176,-6.457353308808,
    -0.351173448634));
#7172 = CARTESIAN_POINT('',(-2.574762821165,-6.449640079203,
    -0.485556383945));
#7173 = CARTESIAN_POINT('',(-2.849640079203,-6.238006719549,
    -0.411948418654));
#7174 = CARTESIAN_POINT('',(-2.857353308808,-6.366401096345,
    -0.407138095087));
#7175 = CARTESIAN_POINT('',(-2.766401096345,-6.457353308808,
    -0.463860064147));
#7176 = CARTESIAN_POINT('',(-2.638006719549,-6.449640079203,
    -0.543932683282));
#7177 = CARTESIAN_POINT('',(-2.849640079203,-6.238006719549,-0.63));
#7178 = CARTESIAN_POINT('',(-2.857353308808,-6.366401096345,-0.63));
#7179 = CARTESIAN_POINT('',(-2.766401096345,-6.457353308808,-0.63));
#7180 = CARTESIAN_POINT('',(-2.638006719549,-6.449640079203,-0.63));
#7181 = CARTESIAN_POINT('',(-2.849640079203,-6.238006719549,
    -0.848051581346));
#7182 = CARTESIAN_POINT('',(-2.857353308808,-6.366401096345,
    -0.852861904913));
#7183 = CARTESIAN_POINT('',(-2.766401096345,-6.457353308808,
    -0.796139935853));
#7184 = CARTESIAN_POINT('',(-2.638006719549,-6.449640079203,
    -0.716067316718));
#7185 = CARTESIAN_POINT('',(-2.68941163734,-6.238006719549,
    -0.995947959077));
#7186 = CARTESIAN_POINT('',(-2.693590149861,-6.366401096345,
    -1.004020948416));
#7187 = CARTESIAN_POINT('',(-2.644318317176,-6.457353308808,
    -0.908826551366));
#7188 = CARTESIAN_POINT('',(-2.574762821165,-6.449640079203,
    -0.774443616055));
#7189 = CARTESIAN_POINT('',(-2.472057504757,-6.238006719549,
    -0.978521738123));
#7190 = CARTESIAN_POINT('',(-2.471441079769,-6.366401096345,
    -0.986210296582));
#7191 = CARTESIAN_POINT('',(-2.478709788122,-6.457353308808,
    -0.895548999267));
#7192 = CARTESIAN_POINT('',(-2.488970795015,-6.449640079203,
    -0.767565298233));
#7193 = ADVANCED_FACE('',(#7194),#7206,.T.);
#7194 = FACE_BOUND('',#7195,.T.);
#7195 = EDGE_LOOP('',(#7196,#7197,#7198,#7205));
#7196 = ORIENTED_EDGE('',*,*,#6918,.T.);
#7197 = ORIENTED_EDGE('',*,*,#7150,.F.);
#7198 = ORIENTED_EDGE('',*,*,#7199,.F.);
#7199 = EDGE_CURVE('',#7140,#7142,#7200,.T.);
#7200 = CIRCLE('',#7201,0.15);
#7201 = AXIS2_PLACEMENT_3D('',#7202,#7203,#7204);
#7202 = CARTESIAN_POINT('',(-2.5,-6.45,-0.63));
#7203 = DIRECTION('',(0.,-1.,0.));
#7204 = DIRECTION('',(0.,0.,-1.));
#7205 = ORIENTED_EDGE('',*,*,#7158,.T.);
#7206 = ( BOUNDED_SURFACE() B_SPLINE_SURFACE(3,3,(
    (#7207,#7208,#7209,#7210)
    ,(#7211,#7212,#7213,#7214)
    ,(#7215,#7216,#7217,#7218)
    ,(#7219,#7220,#7221,#7222)
    ,(#7223,#7224,#7225,#7226)
    ,(#7227,#7228,#7229,#7230)
    ,(#7231,#7232,#7233,#7234
)),.UNSPECIFIED.,.F.,.F.,.F.) B_SPLINE_SURFACE_WITH_KNOTS((4,3,4),(4,4),
  (0.,1.,2.),(0.,1.),.PIECEWISE_BEZIER_KNOTS.) 
GEOMETRIC_REPRESENTATION_ITEM() RATIONAL_B_SPLINE_SURFACE((
    (1.432830936972,1.111333878147,1.111333878147,1.432830936972)
    ,(1.125501372994,0.872962589956,0.872962589956,1.125501372994)
    ,(1.125501372994,0.872962589956,0.872962589956,1.125501372994)
    ,(1.432830936972,1.111333878147,1.111333878147,1.432830936972)
    ,(1.125501372994,0.872962589956,0.872962589956,1.125501372994)
    ,(1.125501372994,0.872962589956,0.872962589956,1.125501372994)
    ,(1.432830936972,1.111333878147,1.111333878147,1.432830936972
))) REPRESENTATION_ITEM('') SURFACE() );
#7207 = CARTESIAN_POINT('',(-2.527942495243,-6.238006719549,
    -0.978521738123));
#7208 = CARTESIAN_POINT('',(-2.528558920231,-6.366401096345,
    -0.986210296582));
#7209 = CARTESIAN_POINT('',(-2.521290211878,-6.457353308808,
    -0.895548999267));
#7210 = CARTESIAN_POINT('',(-2.511029204985,-6.449640079203,
    -0.767565298233));
#7211 = CARTESIAN_POINT('',(-2.31058836266,-6.238006719549,
    -0.995947959077));
#7212 = CARTESIAN_POINT('',(-2.306409850139,-6.366401096345,
    -1.004020948416));
#7213 = CARTESIAN_POINT('',(-2.355681682824,-6.457353308808,
    -0.908826551366));
#7214 = CARTESIAN_POINT('',(-2.425237178835,-6.449640079203,
    -0.774443616055));
#7215 = CARTESIAN_POINT('',(-2.150359920797,-6.238006719549,
    -0.848051581346));
#7216 = CARTESIAN_POINT('',(-2.142646691192,-6.366401096345,
    -0.852861904913));
#7217 = CARTESIAN_POINT('',(-2.233598903655,-6.457353308808,
    -0.796139935853));
#7218 = CARTESIAN_POINT('',(-2.361993280451,-6.449640079203,
    -0.716067316718));
#7219 = CARTESIAN_POINT('',(-2.150359920797,-6.238006719549,-0.63));
#7220 = CARTESIAN_POINT('',(-2.142646691192,-6.366401096345,-0.63));
#7221 = CARTESIAN_POINT('',(-2.233598903655,-6.457353308808,-0.63));
#7222 = CARTESIAN_POINT('',(-2.361993280451,-6.449640079203,-0.63));
#7223 = CARTESIAN_POINT('',(-2.150359920797,-6.238006719549,
    -0.411948418654));
#7224 = CARTESIAN_POINT('',(-2.142646691192,-6.366401096345,
    -0.407138095087));
#7225 = CARTESIAN_POINT('',(-2.233598903655,-6.457353308808,
    -0.463860064147));
#7226 = CARTESIAN_POINT('',(-2.361993280451,-6.449640079203,
    -0.543932683282));
#7227 = CARTESIAN_POINT('',(-2.31058836266,-6.238006719549,
    -0.264052040923));
#7228 = CARTESIAN_POINT('',(-2.306409850139,-6.366401096345,
    -0.255979051584));
#7229 = CARTESIAN_POINT('',(-2.355681682824,-6.457353308808,
    -0.351173448634));
#7230 = CARTESIAN_POINT('',(-2.425237178835,-6.449640079203,
    -0.485556383945));
#7231 = CARTESIAN_POINT('',(-2.527942495243,-6.238006719549,
    -0.281478261877));
#7232 = CARTESIAN_POINT('',(-2.528558920231,-6.366401096345,
    -0.273789703418));
#7233 = CARTESIAN_POINT('',(-2.521290211878,-6.457353308808,
    -0.364451000733));
#7234 = CARTESIAN_POINT('',(-2.511029204985,-6.449640079203,
    -0.492434701767));
#7235 = ADVANCED_FACE('',(#7236),#7240,.T.);
#7236 = FACE_BOUND('',#7237,.F.);
#7237 = EDGE_LOOP('',(#7238,#7239));
#7238 = ORIENTED_EDGE('',*,*,#7139,.T.);
#7239 = ORIENTED_EDGE('',*,*,#7199,.F.);
#7240 = PLANE('',#7241);
#7241 = AXIS2_PLACEMENT_3D('',#7242,#7243,#7244);
#7242 = CARTESIAN_POINT('',(-2.5,-6.45,-0.63));
#7243 = DIRECTION('',(0.,-1.,0.));
#7244 = DIRECTION('',(0.,0.,1.));
#7245 = ( GEOMETRIC_REPRESENTATION_CONTEXT(3) 
GLOBAL_UNCERTAINTY_ASSIGNED_CONTEXT((#7249)) 
GLOBAL_UNIT_ASSIGNED_CONTEXT((#7246,#7247,#7248)) REPRESENTATION_CONTEXT
('Context #1','3D Context with UNIT and UNCERTAINTY') );
#7246 = ( LENGTH_UNIT() NAMED_UNIT(*) SI_UNIT(.MILLI.,.METRE.) );
#7247 = ( NAMED_UNIT(*) PLANE_ANGLE_UNIT() SI_UNIT($,.RADIAN.) );
#7248 = ( NAMED_UNIT(*) SI_UNIT($,.STERADIAN.) SOLID_ANGLE_UNIT() );
#7249 = UNCERTAINTY_MEASURE_WITH_UNIT(LENGTH_MEASURE(1.E-07),#7246,
  'distance_accuracy_value','confusion accuracy');
#7250 = CONTEXT_DEPENDENT_SHAPE_REPRESENTATION(#7251,#7253);
#7251 = ( REPRESENTATION_RELATIONSHIP('','',#4239,#4212) 
REPRESENTATION_RELATIONSHIP_WITH_TRANSFORMATION(#7252) 
SHAPE_REPRESENTATION_RELATIONSHIP() );
#7252 = ITEM_DEFINED_TRANSFORMATION('','',#11,#4213);
#7253 = PRODUCT_DEFINITION_SHAPE('Placement','Placement of an item',
  #7254);
#7254 = NEXT_ASSEMBLY_USAGE_OCCURRENCE('10','=>[0:1:1:2]','',#4207,#4234
  ,$);
#7255 = PRODUCT_RELATED_PRODUCT_CATEGORY('part',$,(#4236));
#7256 = SHAPE_DEFINITION_REPRESENTATION(#7257,#7263);
#7257 = PRODUCT_DEFINITION_SHAPE('','',#7258);
#7258 = PRODUCT_DEFINITION('design','',#7259,#7262);
#7259 = PRODUCT_DEFINITION_FORMATION('','',#7260);
#7260 = PRODUCT('COMPOUND','COMPOUND','',(#7261));
#7261 = PRODUCT_CONTEXT('',#2,'mechanical');
#7262 = PRODUCT_DEFINITION_CONTEXT('part definition',#2,'design');
#7263 = SHAPE_REPRESENTATION('',(#11,#7264,#7281,#7298,#7315,#7323,#7331
    ,#7339,#7347,#7355,#7363,#7371,#7379,#7387,#7395,#7403),#7411);
#7264 = GEOMETRIC_CURVE_SET('',(#7265,#7273));
#7265 = TRIMMED_CURVE('',#7266,(#7271,PARAMETER_VALUE(0.)),(#7272,
    PARAMETER_VALUE(3.141592653589)),.T.,.PARAMETER.);
#7266 = CIRCLE('',#7267,0.4);
#7267 = AXIS2_PLACEMENT_3D('',#7268,#7269,#7270);
#7268 = CARTESIAN_POINT('',(2.5,-2.95,-0.63));
#7269 = DIRECTION('',(0.,-1.,0.));
#7270 = DIRECTION('',(1.,0.,0.));
#7271 = CARTESIAN_POINT('',(2.9,-2.95,-0.63));
#7272 = CARTESIAN_POINT('',(2.1,-2.95,-0.63));
#7273 = TRIMMED_CURVE('',#7274,(#7279,PARAMETER_VALUE(0.)),(#7280,
    PARAMETER_VALUE(3.141592653589)),.T.,.PARAMETER.);
#7274 = CIRCLE('',#7275,0.4);
#7275 = AXIS2_PLACEMENT_3D('',#7276,#7277,#7278);
#7276 = CARTESIAN_POINT('',(2.5,-2.95,-0.63));
#7277 = DIRECTION('',(0.,-1.,0.));
#7278 = DIRECTION('',(-1.,0.,0.));
#7279 = CARTESIAN_POINT('',(2.1,-2.95,-0.63));
#7280 = CARTESIAN_POINT('',(2.9,-2.95,-0.63));
#7281 = GEOMETRIC_CURVE_SET('',(#7282,#7290));
#7282 = TRIMMED_CURVE('',#7283,(#7288,PARAMETER_VALUE(0.)),(#7289,
    PARAMETER_VALUE(3.141592653589)),.T.,.PARAMETER.);
#7283 = CIRCLE('',#7284,0.4);
#7284 = AXIS2_PLACEMENT_3D('',#7285,#7286,#7287);
#7285 = CARTESIAN_POINT('',(0.,-2.95,-0.63));
#7286 = DIRECTION('',(0.,-1.,0.));
#7287 = DIRECTION('',(1.,0.,0.));
#7288 = CARTESIAN_POINT('',(0.4,-2.95,-0.63));
#7289 = CARTESIAN_POINT('',(-0.4,-2.95,-0.63));
#7290 = TRIMMED_CURVE('',#7291,(#7296,PARAMETER_VALUE(0.)),(#7297,
    PARAMETER_VALUE(3.141592653589)),.T.,.PARAMETER.);
#7291 = CIRCLE('',#7292,0.4);
#7292 = AXIS2_PLACEMENT_3D('',#7293,#7294,#7295);
#7293 = CARTESIAN_POINT('',(0.,-2.95,-0.63));
#7294 = DIRECTION('',(0.,-1.,0.));
#7295 = DIRECTION('',(-1.,0.,0.));
#7296 = CARTESIAN_POINT('',(-0.4,-2.95,-0.63));
#7297 = CARTESIAN_POINT('',(0.4,-2.95,-0.63));
#7298 = GEOMETRIC_CURVE_SET('',(#7299,#7307));
#7299 = TRIMMED_CURVE('',#7300,(#7305,PARAMETER_VALUE(0.)),(#7306,
    PARAMETER_VALUE(3.141592653589)),.T.,.PARAMETER.);
#7300 = CIRCLE('',#7301,0.4);
#7301 = AXIS2_PLACEMENT_3D('',#7302,#7303,#7304);
#7302 = CARTESIAN_POINT('',(-2.5,-2.95,-0.63));
#7303 = DIRECTION('',(0.,-1.,0.));
#7304 = DIRECTION('',(1.,0.,0.));
#7305 = CARTESIAN_POINT('',(-2.1,-2.95,-0.63));
#7306 = CARTESIAN_POINT('',(-2.9,-2.95,-0.63));
#7307 = TRIMMED_CURVE('',#7308,(#7313,PARAMETER_VALUE(0.)),(#7314,
    PARAMETER_VALUE(3.141592653589)),.T.,.PARAMETER.);
#7308 = CIRCLE('',#7309,0.4);
#7309 = AXIS2_PLACEMENT_3D('',#7310,#7311,#7312);
#7310 = CARTESIAN_POINT('',(-2.5,-2.95,-0.63));
#7311 = DIRECTION('',(0.,-1.,0.));
#7312 = DIRECTION('',(-1.,0.,0.));
#7313 = CARTESIAN_POINT('',(-2.9,-2.95,-0.63));
#7314 = CARTESIAN_POINT('',(-2.1,-2.95,-0.63));
#7315 = GEOMETRIC_CURVE_SET('',(#7316));
#7316 = TRIMMED_CURVE('',#7317,(#7321,PARAMETER_VALUE(0.)),(#7322,
    PARAMETER_VALUE(8.9)),.T.,.PARAMETER.);
#7317 = LINE('',#7318,#7319);
#7318 = CARTESIAN_POINT('',(2.5,2.45,-0.63));
#7319 = VECTOR('',#7320,1.);
#7320 = DIRECTION('',(0.,-1.,0.));
#7321 = CARTESIAN_POINT('',(2.5,2.45,-0.63));
#7322 = CARTESIAN_POINT('',(2.5,-6.45,-0.63));
#7323 = GEOMETRIC_CURVE_SET('',(#7324));
#7324 = TRIMMED_CURVE('',#7325,(#7329,PARAMETER_VALUE(0.)),(#7330,
    PARAMETER_VALUE(8.9)),.T.,.PARAMETER.);
#7325 = LINE('',#7326,#7327);
#7326 = CARTESIAN_POINT('',(0.,2.45,-0.63));
#7327 = VECTOR('',#7328,1.);
#7328 = DIRECTION('',(0.,-1.,0.));
#7329 = CARTESIAN_POINT('',(0.,2.45,-0.63));
#7330 = CARTESIAN_POINT('',(0.,-6.45,-0.63));
#7331 = GEOMETRIC_CURVE_SET('',(#7332));
#7332 = TRIMMED_CURVE('',#7333,(#7337,PARAMETER_VALUE(0.)),(#7338,
    PARAMETER_VALUE(8.9)),.T.,.PARAMETER.);
#7333 = LINE('',#7334,#7335);
#7334 = CARTESIAN_POINT('',(-2.5,2.45,-0.63));
#7335 = VECTOR('',#7336,1.);
#7336 = DIRECTION('',(0.,-1.,0.));
#7337 = CARTESIAN_POINT('',(-2.5,2.45,-0.63));
#7338 = CARTESIAN_POINT('',(-2.5,-6.45,-0.63));
#7339 = GEOMETRIC_CURVE_SET('',(#7340));
#7340 = TRIMMED_CURVE('',#7341,(#7345,PARAMETER_VALUE(0.)),(#7346,
    PARAMETER_VALUE(1.031227322423)),.T.,.PARAMETER.);
#7341 = LINE('',#7342,#7343);
#7342 = CARTESIAN_POINT('',(4.246259978134,2.95,-2.18));
#7343 = VECTOR('',#7344,1.);
#7344 = DIRECTION('',(0.,0.,1.));
#7345 = CARTESIAN_POINT('',(4.246259978134,2.95,-2.18));
#7346 = CARTESIAN_POINT('',(4.246259978134,2.95,-1.148772677577));
#7347 = GEOMETRIC_CURVE_SET('',(#7348));
#7348 = TRIMMED_CURVE('',#7349,(#7353,PARAMETER_VALUE(0.)),(#7354,
    PARAMETER_VALUE(0.226870010933)),.T.,.PARAMETER.);
#7349 = LINE('',#7350,#7351);
#7350 = CARTESIAN_POINT('',(4.246259978134,2.95,-1.148772677577));
#7351 = VECTOR('',#7352,1.);
#7352 = DIRECTION('',(1.,0.,0.));
#7353 = CARTESIAN_POINT('',(4.246259978134,2.95,-1.148772677577));
#7354 = CARTESIAN_POINT('',(4.473129989067,2.95,-1.148772677577));
#7355 = GEOMETRIC_CURVE_SET('',(#7356));
#7356 = TRIMMED_CURVE('',#7357,(#7361,PARAMETER_VALUE(0.)),(#7362,
    PARAMETER_VALUE(0.273968935386)),.T.,.PARAMETER.);
#7357 = LINE('',#7358,#7359);
#7358 = CARTESIAN_POINT('',(4.473129989067,2.95,-1.148772677577));
#7359 = VECTOR('',#7360,1.);
#7360 = DIRECTION('',(0.828086624543,0.,-0.560600162552));
#7361 = CARTESIAN_POINT('',(4.473129989067,2.95,-1.148772677577));
#7362 = CARTESIAN_POINT('',(4.7,2.95,-1.302359707288));
#7363 = GEOMETRIC_CURVE_SET('',(#7364));
#7364 = TRIMMED_CURVE('',#7365,(#7369,PARAMETER_VALUE(0.)),(#7370,
    PARAMETER_VALUE(0.175528095422)),.T.,.PARAMETER.);
#7365 = LINE('',#7366,#7367);
#7366 = CARTESIAN_POINT('',(4.7,2.95,-1.302359707288));
#7367 = VECTOR('',#7368,1.);
#7368 = DIRECTION('',(0.,0.,-1.));
#7369 = CARTESIAN_POINT('',(4.7,2.95,-1.302359707288));
#7370 = CARTESIAN_POINT('',(4.7,2.95,-1.47788780271));
#7371 = GEOMETRIC_CURVE_SET('',(#7372));
#7372 = TRIMMED_CURVE('',#7373,(#7377,PARAMETER_VALUE(0.)),(#7378,
    PARAMETER_VALUE(0.273968969844)),.T.,.PARAMETER.);
#7373 = LINE('',#7374,#7375);
#7374 = CARTESIAN_POINT('',(4.7,2.95,-1.47788780271));
#7375 = VECTOR('',#7376,1.);
#7376 = DIRECTION('',(-0.828086520392,0.,0.560600316398));
#7377 = CARTESIAN_POINT('',(4.7,2.95,-1.47788780271));
#7378 = CARTESIAN_POINT('',(4.473129989067,2.95,-1.324300711533));
#7379 = GEOMETRIC_CURVE_SET('',(#7380));
#7380 = TRIMMED_CURVE('',#7381,(#7385,PARAMETER_VALUE(0.)),(#7386,
    PARAMETER_VALUE(0.855699288467)),.T.,.PARAMETER.);
#7381 = LINE('',#7382,#7383);
#7382 = CARTESIAN_POINT('',(4.473129989067,2.95,-1.324300711533));
#7383 = VECTOR('',#7384,1.);
#7384 = DIRECTION('',(0.,0.,-1.));
#7385 = CARTESIAN_POINT('',(4.473129989067,2.95,-1.324300711533));
#7386 = CARTESIAN_POINT('',(4.473129989067,2.95,-2.18));
#7387 = GEOMETRIC_CURVE_SET('',(#7388));
#7388 = TRIMMED_CURVE('',#7389,(#7393,PARAMETER_VALUE(0.)),(#7394,
    PARAMETER_VALUE(0.226870010933)),.T.,.PARAMETER.);
#7389 = LINE('',#7390,#7391);
#7390 = CARTESIAN_POINT('',(4.473129989067,2.95,-2.18));
#7391 = VECTOR('',#7392,1.);
#7392 = DIRECTION('',(-1.,0.,0.));
#7393 = CARTESIAN_POINT('',(4.473129989067,2.95,-2.18));
#7394 = CARTESIAN_POINT('',(4.246259978134,2.95,-2.18));
#7395 = GEOMETRIC_CURVE_SET('',(#7396));
#7396 = TRIMMED_CURVE('',#7397,(#7401,PARAMETER_VALUE(0.)),(#7402,
    PARAMETER_VALUE(1.6)),.T.,.PARAMETER.);
#7397 = LINE('',#7398,#7399);
#7398 = CARTESIAN_POINT('',(2.5,-3.55,-0.63));
#7399 = VECTOR('',#7400,1.);
#7400 = DIRECTION('',(0.,-1.,0.));
#7401 = CARTESIAN_POINT('',(2.5,-3.55,-0.63));
#7402 = CARTESIAN_POINT('',(2.5,-5.15,-0.63));
#7403 = GEOMETRIC_CURVE_SET('',(#7404));
#7404 = TRIMMED_CURVE('',#7405,(#7409,PARAMETER_VALUE(0.)),(#7410,
    PARAMETER_VALUE(1.6)),.T.,.PARAMETER.);
#7405 = LINE('',#7406,#7407);
#7406 = CARTESIAN_POINT('',(-2.5,-3.55,-0.63));
#7407 = VECTOR('',#7408,1.);
#7408 = DIRECTION('',(0.,-1.,0.));
#7409 = CARTESIAN_POINT('',(-2.5,-3.55,-0.63));
#7410 = CARTESIAN_POINT('',(-2.5,-5.15,-0.63));
#7411 = ( GEOMETRIC_REPRESENTATION_CONTEXT(3) 
GLOBAL_UNCERTAINTY_ASSIGNED_CONTEXT((#7415)) 
GLOBAL_UNIT_ASSIGNED_CONTEXT((#7412,#7413,#7414)) REPRESENTATION_CONTEXT
('Context #1','3D Context with UNIT and UNCERTAINTY') );
#7412 = ( LENGTH_UNIT() NAMED_UNIT(*) SI_UNIT(.MILLI.,.METRE.) );
#7413 = ( NAMED_UNIT(*) PLANE_ANGLE_UNIT() SI_UNIT($,.RADIAN.) );
#7414 = ( NAMED_UNIT(*) SI_UNIT($,.STERADIAN.) SOLID_ANGLE_UNIT() );
#7415 = UNCERTAINTY_MEASURE_WITH_UNIT(LENGTH_MEASURE(1.E-07),#7412,
  'distance_accuracy_value','confusion accuracy');
#7416 = CONTEXT_DEPENDENT_SHAPE_REPRESENTATION(#7417,#7419);
#7417 = ( REPRESENTATION_RELATIONSHIP('','',#7263,#4212) 
REPRESENTATION_RELATIONSHIP_WITH_TRANSFORMATION(#7418) 
SHAPE_REPRESENTATION_RELATIONSHIP() );
#7418 = ITEM_DEFINED_TRANSFORMATION('','',#11,#4217);
#7419 = PRODUCT_DEFINITION_SHAPE('Placement','Placement of an item',
  #7420);
#7420 = NEXT_ASSEMBLY_USAGE_OCCURRENCE('11','=>[0:1:1:3]','',#4207,#7258
  ,$);
#7421 = PRODUCT_RELATED_PRODUCT_CATEGORY('part',$,(#7260));
#7422 = CONTEXT_DEPENDENT_SHAPE_REPRESENTATION(#7423,#7425);
#7423 = ( REPRESENTATION_RELATIONSHIP('','',#80,#10) 
REPRESENTATION_RELATIONSHIP_WITH_TRANSFORMATION(#7424) 
SHAPE_REPRESENTATION_RELATIONSHIP() );
#7424 = ITEM_DEFINED_TRANSFORMATION('','',#11,#47);
#7425 = PRODUCT_DEFINITION_SHAPE('Placement','Placement of an item',
  #7426);
#7426 = NEXT_ASSEMBLY_USAGE_OCCURRENCE('13','J5','',#5,#75,$);
#7427 = CONTEXT_DEPENDENT_SHAPE_REPRESENTATION(#7428,#7430);
#7428 = ( REPRESENTATION_RELATIONSHIP('','',#80,#10) 
REPRESENTATION_RELATIONSHIP_WITH_TRANSFORMATION(#7429) 
SHAPE_REPRESENTATION_RELATIONSHIP() );
#7429 = ITEM_DEFINED_TRANSFORMATION('','',#11,#51);
#7430 = PRODUCT_DEFINITION_SHAPE('Placement','Placement of an item',
  #7431);
#7431 = NEXT_ASSEMBLY_USAGE_OCCURRENCE('14','J4','',#5,#75,$);
#7432 = CONTEXT_DEPENDENT_SHAPE_REPRESENTATION(#7433,#7435);
#7433 = ( REPRESENTATION_RELATIONSHIP('','',#4212,#10) 
REPRESENTATION_RELATIONSHIP_WITH_TRANSFORMATION(#7434) 
SHAPE_REPRESENTATION_RELATIONSHIP() );
#7434 = ITEM_DEFINED_TRANSFORMATION('','',#11,#55);
#7435 = PRODUCT_DEFINITION_SHAPE('Placement','Placement of an item',
  #7436);
#7436 = NEXT_ASSEMBLY_USAGE_OCCURRENCE('15','J12','',#5,#4207,$);
#7437 = CONTEXT_DEPENDENT_SHAPE_REPRESENTATION(#7438,#7440);
#7438 = ( REPRESENTATION_RELATIONSHIP('','',#80,#10) 
REPRESENTATION_RELATIONSHIP_WITH_TRANSFORMATION(#7439) 
SHAPE_REPRESENTATION_RELATIONSHIP() );
#7439 = ITEM_DEFINED_TRANSFORMATION('','',#11,#59);
#7440 = PRODUCT_DEFINITION_SHAPE('Placement','Placement of an item',
  #7441);
#7441 = NEXT_ASSEMBLY_USAGE_OCCURRENCE('16','J2','',#5,#75,$);
#7442 = SHAPE_DEFINITION_REPRESENTATION(#7443,#7449);
#7443 = PRODUCT_DEFINITION_SHAPE('','',#7444);
#7444 = PRODUCT_DEFINITION('design','',#7445,#7448);
#7445 = PRODUCT_DEFINITION_FORMATION('','',#7446);
#7446 = PRODUCT('Servo_Bus_PCB','Servo_Bus_PCB','',(#7447));
#7447 = PRODUCT_CONTEXT('',#2,'mechanical');
#7448 = PRODUCT_DEFINITION_CONTEXT('part definition',#2,'design');
#7449 = ADVANCED_BREP_SHAPE_REPRESENTATION('',(#11,#7450),#9684);
#7450 = MANIFOLD_SOLID_BREP('',#7451);
#7451 = CLOSED_SHELL('',(#7452,#7494,#7525,#7556,#8138,#8720,#8737,#8754
    ,#8771,#8788,#8805,#8822,#8839,#8856,#8873,#8890,#8907,#8924,#8941,
    #8958,#8975,#8992,#9009,#9026,#9038,#9055,#9072,#9089,#9106,#9123,
    #9140,#9157,#9174,#9191,#9208,#9225,#9242,#9259,#9276,#9293,#9310,
    #9327,#9344,#9361,#9378,#9395,#9412,#9429,#9446,#9463,#9480,#9497,
    #9514,#9531,#9548,#9565,#9582,#9599,#9616,#9633,#9650,#9667));
#7452 = ADVANCED_FACE('',(#7453),#7489,.F.);
#7453 = FACE_BOUND('',#7454,.T.);
#7454 = EDGE_LOOP('',(#7455,#7465,#7474,#7482));
#7455 = ORIENTED_EDGE('',*,*,#7456,.T.);
#7456 = EDGE_CURVE('',#7457,#7459,#7461,.T.);
#7457 = VERTEX_POINT('',#7458);
#7458 = CARTESIAN_POINT('',(66.9,35.,0.));
#7459 = VERTEX_POINT('',#7460);
#7460 = CARTESIAN_POINT('',(66.9,35.,1.51));
#7461 = LINE('',#7462,#7463);
#7462 = CARTESIAN_POINT('',(66.9,35.,0.));
#7463 = VECTOR('',#7464,1.);
#7464 = DIRECTION('',(0.,0.,1.));
#7465 = ORIENTED_EDGE('',*,*,#7466,.T.);
#7466 = EDGE_CURVE('',#7459,#7467,#7469,.T.);
#7467 = VERTEX_POINT('',#7468);
#7468 = CARTESIAN_POINT('',(71.,30.9,1.51));
#7469 = CIRCLE('',#7470,4.099999326939);
#7470 = AXIS2_PLACEMENT_3D('',#7471,#7472,#7473);
#7471 = CARTESIAN_POINT('',(70.999999326939,34.999999326939,1.51));
#7472 = DIRECTION('',(0.,0.,1.));
#7473 = DIRECTION('',(-1.,1.641613389185E-07,0.));
#7474 = ORIENTED_EDGE('',*,*,#7475,.F.);
#7475 = EDGE_CURVE('',#7476,#7467,#7478,.T.);
#7476 = VERTEX_POINT('',#7477);
#7477 = CARTESIAN_POINT('',(71.,30.9,0.));
#7478 = LINE('',#7479,#7480);
#7479 = CARTESIAN_POINT('',(71.,30.9,0.));
#7480 = VECTOR('',#7481,1.);
#7481 = DIRECTION('',(0.,0.,1.));
#7482 = ORIENTED_EDGE('',*,*,#7483,.F.);
#7483 = EDGE_CURVE('',#7457,#7476,#7484,.T.);
#7484 = CIRCLE('',#7485,4.099999326939);
#7485 = AXIS2_PLACEMENT_3D('',#7486,#7487,#7488);
#7486 = CARTESIAN_POINT('',(70.999999326939,34.999999326939,0.));
#7487 = DIRECTION('',(0.,0.,1.));
#7488 = DIRECTION('',(-1.,1.641613389185E-07,0.));
#7489 = CYLINDRICAL_SURFACE('',#7490,4.099999326939);
#7490 = AXIS2_PLACEMENT_3D('',#7491,#7492,#7493);
#7491 = CARTESIAN_POINT('',(70.999999326939,34.999999326939,0.));
#7492 = DIRECTION('',(-0.,-0.,-1.));
#7493 = DIRECTION('',(-1.,1.641613389185E-07,0.));
#7494 = ADVANCED_FACE('',(#7495),#7520,.T.);
#7495 = FACE_BOUND('',#7496,.T.);
#7496 = EDGE_LOOP('',(#7497,#7507,#7513,#7514));
#7497 = ORIENTED_EDGE('',*,*,#7498,.T.);
#7498 = EDGE_CURVE('',#7499,#7501,#7503,.T.);
#7499 = VERTEX_POINT('',#7500);
#7500 = CARTESIAN_POINT('',(66.9,39.,0.));
#7501 = VERTEX_POINT('',#7502);
#7502 = CARTESIAN_POINT('',(66.9,39.,1.51));
#7503 = LINE('',#7504,#7505);
#7504 = CARTESIAN_POINT('',(66.9,39.,0.));
#7505 = VECTOR('',#7506,1.);
#7506 = DIRECTION('',(0.,0.,1.));
#7507 = ORIENTED_EDGE('',*,*,#7508,.T.);
#7508 = EDGE_CURVE('',#7501,#7459,#7509,.T.);
#7509 = LINE('',#7510,#7511);
#7510 = CARTESIAN_POINT('',(66.9,39.,1.51));
#7511 = VECTOR('',#7512,1.);
#7512 = DIRECTION('',(0.,-1.,0.));
#7513 = ORIENTED_EDGE('',*,*,#7456,.F.);
#7514 = ORIENTED_EDGE('',*,*,#7515,.F.);
#7515 = EDGE_CURVE('',#7499,#7457,#7516,.T.);
#7516 = LINE('',#7517,#7518);
#7517 = CARTESIAN_POINT('',(66.9,39.,0.));
#7518 = VECTOR('',#7519,1.);
#7519 = DIRECTION('',(0.,-1.,0.));
#7520 = PLANE('',#7521);
#7521 = AXIS2_PLACEMENT_3D('',#7522,#7523,#7524);
#7522 = CARTESIAN_POINT('',(66.9,39.,0.));
#7523 = DIRECTION('',(1.,0.,-0.));
#7524 = DIRECTION('',(0.,-1.,0.));
#7525 = ADVANCED_FACE('',(#7526),#7551,.T.);
#7526 = FACE_BOUND('',#7527,.T.);
#7527 = EDGE_LOOP('',(#7528,#7529,#7537,#7545));
#7528 = ORIENTED_EDGE('',*,*,#7475,.T.);
#7529 = ORIENTED_EDGE('',*,*,#7530,.T.);
#7530 = EDGE_CURVE('',#7467,#7531,#7533,.T.);
#7531 = VERTEX_POINT('',#7532);
#7532 = CARTESIAN_POINT('',(75.,30.9,1.51));
#7533 = LINE('',#7534,#7535);
#7534 = CARTESIAN_POINT('',(71.,30.9,1.51));
#7535 = VECTOR('',#7536,1.);
#7536 = DIRECTION('',(1.,0.,0.));
#7537 = ORIENTED_EDGE('',*,*,#7538,.F.);
#7538 = EDGE_CURVE('',#7539,#7531,#7541,.T.);
#7539 = VERTEX_POINT('',#7540);
#7540 = CARTESIAN_POINT('',(75.,30.9,0.));
#7541 = LINE('',#7542,#7543);
#7542 = CARTESIAN_POINT('',(75.,30.9,0.));
#7543 = VECTOR('',#7544,1.);
#7544 = DIRECTION('',(0.,0.,1.));
#7545 = ORIENTED_EDGE('',*,*,#7546,.F.);
#7546 = EDGE_CURVE('',#7476,#7539,#7547,.T.);
#7547 = LINE('',#7548,#7549);
#7548 = CARTESIAN_POINT('',(71.,30.9,0.));
#7549 = VECTOR('',#7550,1.);
#7550 = DIRECTION('',(1.,0.,0.));
#7551 = PLANE('',#7552);
#7552 = AXIS2_PLACEMENT_3D('',#7553,#7554,#7555);
#7553 = CARTESIAN_POINT('',(71.,30.9,0.));
#7554 = DIRECTION('',(0.,1.,0.));
#7555 = DIRECTION('',(1.,0.,0.));
#7556 = ADVANCED_FACE('',(#7557,#7715,#7726,#7737,#7748,#7759,#7770,
    #7781,#7792,#7803,#7814,#7825,#7836,#7847,#7858,#7869,#7880,#7891,
    #7902,#7913,#7924,#7935,#7946,#7957,#7968,#7979,#7990,#8001,#8012,
    #8023,#8034,#8045,#8056,#8067,#8078,#8089,#8100,#8111,#8122),#8133,
  .F.);
#7557 = FACE_BOUND('',#7558,.F.);
#7558 = EDGE_LOOP('',(#7559,#7560,#7561,#7569,#7577,#7585,#7594,#7602,
    #7610,#7618,#7626,#7634,#7643,#7651,#7659,#7667,#7675,#7684,#7692,
    #7700,#7708,#7714));
#7559 = ORIENTED_EDGE('',*,*,#7483,.F.);
#7560 = ORIENTED_EDGE('',*,*,#7515,.F.);
#7561 = ORIENTED_EDGE('',*,*,#7562,.F.);
#7562 = EDGE_CURVE('',#7563,#7499,#7565,.T.);
#7563 = VERTEX_POINT('',#7564);
#7564 = CARTESIAN_POINT('',(43.25,39.,0.));
#7565 = LINE('',#7566,#7567);
#7566 = CARTESIAN_POINT('',(43.25,39.,0.));
#7567 = VECTOR('',#7568,1.);
#7568 = DIRECTION('',(1.,0.,0.));
#7569 = ORIENTED_EDGE('',*,*,#7570,.F.);
#7570 = EDGE_CURVE('',#7571,#7563,#7573,.T.);
#7571 = VERTEX_POINT('',#7572);
#7572 = CARTESIAN_POINT('',(8.1,39.,0.));
#7573 = LINE('',#7574,#7575);
#7574 = CARTESIAN_POINT('',(8.1,39.,0.));
#7575 = VECTOR('',#7576,1.);
#7576 = DIRECTION('',(1.,0.,0.));
#7577 = ORIENTED_EDGE('',*,*,#7578,.F.);
#7578 = EDGE_CURVE('',#7579,#7571,#7581,.T.);
#7579 = VERTEX_POINT('',#7580);
#7580 = CARTESIAN_POINT('',(8.1,35.,0.));
#7581 = LINE('',#7582,#7583);
#7582 = CARTESIAN_POINT('',(8.1,35.,0.));
#7583 = VECTOR('',#7584,1.);
#7584 = DIRECTION('',(0.,1.,0.));
#7585 = ORIENTED_EDGE('',*,*,#7586,.F.);
#7586 = EDGE_CURVE('',#7587,#7579,#7589,.T.);
#7587 = VERTEX_POINT('',#7588);
#7588 = CARTESIAN_POINT('',(4.,30.9,0.));
#7589 = CIRCLE('',#7590,4.099999326939);
#7590 = AXIS2_PLACEMENT_3D('',#7591,#7592,#7593);
#7591 = CARTESIAN_POINT('',(4.000000673061,34.999999326939,0.));
#7592 = DIRECTION('',(0.,0.,1.));
#7593 = DIRECTION('',(-1.64161339785E-07,-1.,0.));
#7594 = ORIENTED_EDGE('',*,*,#7595,.F.);
#7595 = EDGE_CURVE('',#7596,#7587,#7598,.T.);
#7596 = VERTEX_POINT('',#7597);
#7597 = CARTESIAN_POINT('',(0.,30.9,0.));
#7598 = LINE('',#7599,#7600);
#7599 = CARTESIAN_POINT('',(0.,30.9,0.));
#7600 = VECTOR('',#7601,1.);
#7601 = DIRECTION('',(1.,0.,0.));
#7602 = ORIENTED_EDGE('',*,*,#7603,.F.);
#7603 = EDGE_CURVE('',#7604,#7596,#7606,.T.);
#7604 = VERTEX_POINT('',#7605);
#7605 = CARTESIAN_POINT('',(0.,24.,0.));
#7606 = LINE('',#7607,#7608);
#7607 = CARTESIAN_POINT('',(0.,24.,0.));
#7608 = VECTOR('',#7609,1.);
#7609 = DIRECTION('',(0.,1.,0.));
#7610 = ORIENTED_EDGE('',*,*,#7611,.F.);
#7611 = EDGE_CURVE('',#7612,#7604,#7614,.T.);
#7612 = VERTEX_POINT('',#7613);
#7613 = CARTESIAN_POINT('',(0.,14.,0.));
#7614 = LINE('',#7615,#7616);
#7615 = CARTESIAN_POINT('',(0.,14.,0.));
#7616 = VECTOR('',#7617,1.);
#7617 = DIRECTION('',(0.,1.,0.));
#7618 = ORIENTED_EDGE('',*,*,#7619,.F.);
#7619 = EDGE_CURVE('',#7620,#7612,#7622,.T.);
#7620 = VERTEX_POINT('',#7621);
#7621 = CARTESIAN_POINT('',(0.,8.1,0.));
#7622 = LINE('',#7623,#7624);
#7623 = CARTESIAN_POINT('',(0.,8.1,0.));
#7624 = VECTOR('',#7625,1.);
#7625 = DIRECTION('',(0.,1.,0.));
#7626 = ORIENTED_EDGE('',*,*,#7627,.F.);
#7627 = EDGE_CURVE('',#7628,#7620,#7630,.T.);
#7628 = VERTEX_POINT('',#7629);
#7629 = CARTESIAN_POINT('',(4.,8.1,0.));
#7630 = LINE('',#7631,#7632);
#7631 = CARTESIAN_POINT('',(4.,8.1,0.));
#7632 = VECTOR('',#7633,1.);
#7633 = DIRECTION('',(-1.,0.,0.));
#7634 = ORIENTED_EDGE('',*,*,#7635,.F.);
#7635 = EDGE_CURVE('',#7636,#7628,#7638,.T.);
#7636 = VERTEX_POINT('',#7637);
#7637 = CARTESIAN_POINT('',(8.1,4.,0.));
#7638 = CIRCLE('',#7639,4.099999326939);
#7639 = AXIS2_PLACEMENT_3D('',#7640,#7641,#7642);
#7640 = CARTESIAN_POINT('',(4.000000673061,4.000000673061,0.));
#7641 = DIRECTION('',(0.,0.,1.));
#7642 = DIRECTION('',(1.,-1.641613408681E-07,0.));
#7643 = ORIENTED_EDGE('',*,*,#7644,.F.);
#7644 = EDGE_CURVE('',#7645,#7636,#7647,.T.);
#7645 = VERTEX_POINT('',#7646);
#7646 = CARTESIAN_POINT('',(8.1,-0.,0.));
#7647 = LINE('',#7648,#7649);
#7648 = CARTESIAN_POINT('',(8.1,-0.,0.));
#7649 = VECTOR('',#7650,1.);
#7650 = DIRECTION('',(0.,1.,0.));
#7651 = ORIENTED_EDGE('',*,*,#7652,.F.);
#7652 = EDGE_CURVE('',#7653,#7645,#7655,.T.);
#7653 = VERTEX_POINT('',#7654);
#7654 = CARTESIAN_POINT('',(43.25,-0.,0.));
#7655 = LINE('',#7656,#7657);
#7656 = CARTESIAN_POINT('',(43.25,-0.,0.));
#7657 = VECTOR('',#7658,1.);
#7658 = DIRECTION('',(-1.,0.,0.));
#7659 = ORIENTED_EDGE('',*,*,#7660,.F.);
#7660 = EDGE_CURVE('',#7661,#7653,#7663,.T.);
#7661 = VERTEX_POINT('',#7662);
#7662 = CARTESIAN_POINT('',(66.9,-0.,0.));
#7663 = LINE('',#7664,#7665);
#7664 = CARTESIAN_POINT('',(66.9,-0.,0.));
#7665 = VECTOR('',#7666,1.);
#7666 = DIRECTION('',(-1.,0.,0.));
#7667 = ORIENTED_EDGE('',*,*,#7668,.F.);
#7668 = EDGE_CURVE('',#7669,#7661,#7671,.T.);
#7669 = VERTEX_POINT('',#7670);
#7670 = CARTESIAN_POINT('',(66.9,4.,0.));
#7671 = LINE('',#7672,#7673);
#7672 = CARTESIAN_POINT('',(66.9,4.,0.));
#7673 = VECTOR('',#7674,1.);
#7674 = DIRECTION('',(0.,-1.,0.));
#7675 = ORIENTED_EDGE('',*,*,#7676,.F.);
#7676 = EDGE_CURVE('',#7677,#7669,#7679,.T.);
#7677 = VERTEX_POINT('',#7678);
#7678 = CARTESIAN_POINT('',(71.,8.1,0.));
#7679 = CIRCLE('',#7680,4.099999326939);
#7680 = AXIS2_PLACEMENT_3D('',#7681,#7682,#7683);
#7681 = CARTESIAN_POINT('',(70.999999326939,4.000000673061,0.));
#7682 = DIRECTION('',(0.,0.,1.));
#7683 = DIRECTION('',(1.641613389185E-07,1.,-0.));
#7684 = ORIENTED_EDGE('',*,*,#7685,.F.);
#7685 = EDGE_CURVE('',#7686,#7677,#7688,.T.);
#7686 = VERTEX_POINT('',#7687);
#7687 = CARTESIAN_POINT('',(75.,8.1,0.));
#7688 = LINE('',#7689,#7690);
#7689 = CARTESIAN_POINT('',(75.,8.1,0.));
#7690 = VECTOR('',#7691,1.);
#7691 = DIRECTION('',(-1.,0.,0.));
#7692 = ORIENTED_EDGE('',*,*,#7693,.F.);
#7693 = EDGE_CURVE('',#7694,#7686,#7696,.T.);
#7694 = VERTEX_POINT('',#7695);
#7695 = CARTESIAN_POINT('',(75.,14.,0.));
#7696 = LINE('',#7697,#7698);
#7697 = CARTESIAN_POINT('',(75.,14.,0.));
#7698 = VECTOR('',#7699,1.);
#7699 = DIRECTION('',(0.,-1.,0.));
#7700 = ORIENTED_EDGE('',*,*,#7701,.F.);
#7701 = EDGE_CURVE('',#7702,#7694,#7704,.T.);
#7702 = VERTEX_POINT('',#7703);
#7703 = CARTESIAN_POINT('',(75.,24.,0.));
#7704 = LINE('',#7705,#7706);
#7705 = CARTESIAN_POINT('',(75.,24.,0.));
#7706 = VECTOR('',#7707,1.);
#7707 = DIRECTION('',(0.,-1.,0.));
#7708 = ORIENTED_EDGE('',*,*,#7709,.F.);
#7709 = EDGE_CURVE('',#7539,#7702,#7710,.T.);
#7710 = LINE('',#7711,#7712);
#7711 = CARTESIAN_POINT('',(75.,30.9,0.));
#7712 = VECTOR('',#7713,1.);
#7713 = DIRECTION('',(0.,-1.,0.));
#7714 = ORIENTED_EDGE('',*,*,#7546,.F.);
#7715 = FACE_BOUND('',#7716,.F.);
#7716 = EDGE_LOOP('',(#7717));
#7717 = ORIENTED_EDGE('',*,*,#7718,.T.);
#7718 = EDGE_CURVE('',#7719,#7719,#7721,.T.);
#7719 = VERTEX_POINT('',#7720);
#7720 = CARTESIAN_POINT('',(12.,11.825,0.));
#7721 = CIRCLE('',#7722,0.425);
#7722 = AXIS2_PLACEMENT_3D('',#7723,#7724,#7725);
#7723 = CARTESIAN_POINT('',(12.,12.25,0.));
#7724 = DIRECTION('',(-0.,0.,-1.));
#7725 = DIRECTION('',(-0.,-1.,0.));
#7726 = FACE_BOUND('',#7727,.F.);
#7727 = EDGE_LOOP('',(#7728));
#7728 = ORIENTED_EDGE('',*,*,#7729,.T.);
#7729 = EDGE_CURVE('',#7730,#7730,#7732,.T.);
#7730 = VERTEX_POINT('',#7731);
#7731 = CARTESIAN_POINT('',(14.5,11.825,0.));
#7732 = CIRCLE('',#7733,0.425);
#7733 = AXIS2_PLACEMENT_3D('',#7734,#7735,#7736);
#7734 = CARTESIAN_POINT('',(14.5,12.25,0.));
#7735 = DIRECTION('',(-0.,0.,-1.));
#7736 = DIRECTION('',(-0.,-1.,0.));
#7737 = FACE_BOUND('',#7738,.F.);
#7738 = EDGE_LOOP('',(#7739));
#7739 = ORIENTED_EDGE('',*,*,#7740,.T.);
#7740 = EDGE_CURVE('',#7741,#7741,#7743,.T.);
#7741 = VERTEX_POINT('',#7742);
#7742 = CARTESIAN_POINT('',(17.,11.825,0.));
#7743 = CIRCLE('',#7744,0.425);
#7744 = AXIS2_PLACEMENT_3D('',#7745,#7746,#7747);
#7745 = CARTESIAN_POINT('',(17.,12.25,0.));
#7746 = DIRECTION('',(-0.,0.,-1.));
#7747 = DIRECTION('',(-0.,-1.,0.));
#7748 = FACE_BOUND('',#7749,.F.);
#7749 = EDGE_LOOP('',(#7750));
#7750 = ORIENTED_EDGE('',*,*,#7751,.T.);
#7751 = EDGE_CURVE('',#7752,#7752,#7754,.T.);
#7752 = VERTEX_POINT('',#7753);
#7753 = CARTESIAN_POINT('',(23.5,11.825,0.));
#7754 = CIRCLE('',#7755,0.425);
#7755 = AXIS2_PLACEMENT_3D('',#7756,#7757,#7758);
#7756 = CARTESIAN_POINT('',(23.5,12.25,0.));
#7757 = DIRECTION('',(-0.,0.,-1.));
#7758 = DIRECTION('',(-0.,-1.,0.));
#7759 = FACE_BOUND('',#7760,.F.);
#7760 = EDGE_LOOP('',(#7761));
#7761 = ORIENTED_EDGE('',*,*,#7762,.T.);
#7762 = EDGE_CURVE('',#7763,#7763,#7765,.T.);
#7763 = VERTEX_POINT('',#7764);
#7764 = CARTESIAN_POINT('',(26.,11.825,0.));
#7765 = CIRCLE('',#7766,0.425);
#7766 = AXIS2_PLACEMENT_3D('',#7767,#7768,#7769);
#7767 = CARTESIAN_POINT('',(26.,12.25,0.));
#7768 = DIRECTION('',(-0.,0.,-1.));
#7769 = DIRECTION('',(-0.,-1.,0.));
#7770 = FACE_BOUND('',#7771,.F.);
#7771 = EDGE_LOOP('',(#7772));
#7772 = ORIENTED_EDGE('',*,*,#7773,.T.);
#7773 = EDGE_CURVE('',#7774,#7774,#7776,.T.);
#7774 = VERTEX_POINT('',#7775);
#7775 = CARTESIAN_POINT('',(28.5,11.825,0.));
#7776 = CIRCLE('',#7777,0.425);
#7777 = AXIS2_PLACEMENT_3D('',#7778,#7779,#7780);
#7778 = CARTESIAN_POINT('',(28.5,12.25,0.));
#7779 = DIRECTION('',(-0.,0.,-1.));
#7780 = DIRECTION('',(-0.,-1.,0.));
#7781 = FACE_BOUND('',#7782,.F.);
#7782 = EDGE_LOOP('',(#7783));
#7783 = ORIENTED_EDGE('',*,*,#7784,.T.);
#7784 = EDGE_CURVE('',#7785,#7785,#7787,.T.);
#7785 = VERTEX_POINT('',#7786);
#7786 = CARTESIAN_POINT('',(35.,11.825,0.));
#7787 = CIRCLE('',#7788,0.425);
#7788 = AXIS2_PLACEMENT_3D('',#7789,#7790,#7791);
#7789 = CARTESIAN_POINT('',(35.,12.25,0.));
#7790 = DIRECTION('',(-0.,0.,-1.));
#7791 = DIRECTION('',(-0.,-1.,0.));
#7792 = FACE_BOUND('',#7793,.F.);
#7793 = EDGE_LOOP('',(#7794));
#7794 = ORIENTED_EDGE('',*,*,#7795,.T.);
#7795 = EDGE_CURVE('',#7796,#7796,#7798,.T.);
#7796 = VERTEX_POINT('',#7797);
#7797 = CARTESIAN_POINT('',(4.5,17.9,0.));
#7798 = CIRCLE('',#7799,1.6);
#7799 = AXIS2_PLACEMENT_3D('',#7800,#7801,#7802);
#7800 = CARTESIAN_POINT('',(4.5,19.5,0.));
#7801 = DIRECTION('',(-0.,0.,-1.));
#7802 = DIRECTION('',(-0.,-1.,0.));
#7803 = FACE_BOUND('',#7804,.F.);
#7804 = EDGE_LOOP('',(#7805));
#7805 = ORIENTED_EDGE('',*,*,#7806,.T.);
#7806 = EDGE_CURVE('',#7807,#7807,#7809,.T.);
#7807 = VERTEX_POINT('',#7808);
#7808 = CARTESIAN_POINT('',(34.,17.575,0.));
#7809 = CIRCLE('',#7810,0.425);
#7810 = AXIS2_PLACEMENT_3D('',#7811,#7812,#7813);
#7811 = CARTESIAN_POINT('',(34.,18.,0.));
#7812 = DIRECTION('',(-0.,0.,-1.));
#7813 = DIRECTION('',(-0.,-1.,0.));
#7814 = FACE_BOUND('',#7815,.F.);
#7815 = EDGE_LOOP('',(#7816));
#7816 = ORIENTED_EDGE('',*,*,#7817,.T.);
#7817 = EDGE_CURVE('',#7818,#7818,#7820,.T.);
#7818 = VERTEX_POINT('',#7819);
#7819 = CARTESIAN_POINT('',(37.5,11.825,0.));
#7820 = CIRCLE('',#7821,0.425);
#7821 = AXIS2_PLACEMENT_3D('',#7822,#7823,#7824);
#7822 = CARTESIAN_POINT('',(37.5,12.25,0.));
#7823 = DIRECTION('',(-0.,0.,-1.));
#7824 = DIRECTION('',(-0.,-1.,0.));
#7825 = FACE_BOUND('',#7826,.F.);
#7826 = EDGE_LOOP('',(#7827));
#7827 = ORIENTED_EDGE('',*,*,#7828,.T.);
#7828 = EDGE_CURVE('',#7829,#7829,#7831,.T.);
#7829 = VERTEX_POINT('',#7830);
#7830 = CARTESIAN_POINT('',(40.,11.825,0.));
#7831 = CIRCLE('',#7832,0.425);
#7832 = AXIS2_PLACEMENT_3D('',#7833,#7834,#7835);
#7833 = CARTESIAN_POINT('',(40.,12.25,0.));
#7834 = DIRECTION('',(-0.,0.,-1.));
#7835 = DIRECTION('',(-0.,-1.,0.));
#7836 = FACE_BOUND('',#7837,.F.);
#7837 = EDGE_LOOP('',(#7838));
#7838 = ORIENTED_EDGE('',*,*,#7839,.T.);
#7839 = EDGE_CURVE('',#7840,#7840,#7842,.T.);
#7840 = VERTEX_POINT('',#7841);
#7841 = CARTESIAN_POINT('',(46.5,11.825,0.));
#7842 = CIRCLE('',#7843,0.425);
#7843 = AXIS2_PLACEMENT_3D('',#7844,#7845,#7846);
#7844 = CARTESIAN_POINT('',(46.5,12.25,0.));
#7845 = DIRECTION('',(-0.,0.,-1.));
#7846 = DIRECTION('',(-0.,-1.,0.));
#7847 = FACE_BOUND('',#7848,.F.);
#7848 = EDGE_LOOP('',(#7849));
#7849 = ORIENTED_EDGE('',*,*,#7850,.T.);
#7850 = EDGE_CURVE('',#7851,#7851,#7853,.T.);
#7851 = VERTEX_POINT('',#7852);
#7852 = CARTESIAN_POINT('',(49.,11.825,0.));
#7853 = CIRCLE('',#7854,0.425);
#7854 = AXIS2_PLACEMENT_3D('',#7855,#7856,#7857);
#7855 = CARTESIAN_POINT('',(49.,12.25,0.));
#7856 = DIRECTION('',(-0.,0.,-1.));
#7857 = DIRECTION('',(-0.,-1.,0.));
#7858 = FACE_BOUND('',#7859,.F.);
#7859 = EDGE_LOOP('',(#7860));
#7860 = ORIENTED_EDGE('',*,*,#7861,.T.);
#7861 = EDGE_CURVE('',#7862,#7862,#7864,.T.);
#7862 = VERTEX_POINT('',#7863);
#7863 = CARTESIAN_POINT('',(51.5,11.825,0.));
#7864 = CIRCLE('',#7865,0.425);
#7865 = AXIS2_PLACEMENT_3D('',#7866,#7867,#7868);
#7866 = CARTESIAN_POINT('',(51.5,12.25,0.));
#7867 = DIRECTION('',(-0.,0.,-1.));
#7868 = DIRECTION('',(-0.,-1.,0.));
#7869 = FACE_BOUND('',#7870,.F.);
#7870 = EDGE_LOOP('',(#7871));
#7871 = ORIENTED_EDGE('',*,*,#7872,.T.);
#7872 = EDGE_CURVE('',#7873,#7873,#7875,.T.);
#7873 = VERTEX_POINT('',#7874);
#7874 = CARTESIAN_POINT('',(58.,11.825,0.));
#7875 = CIRCLE('',#7876,0.425);
#7876 = AXIS2_PLACEMENT_3D('',#7877,#7878,#7879);
#7877 = CARTESIAN_POINT('',(58.,12.25,0.));
#7878 = DIRECTION('',(-0.,0.,-1.));
#7879 = DIRECTION('',(-0.,-1.,0.));
#7880 = FACE_BOUND('',#7881,.F.);
#7881 = EDGE_LOOP('',(#7882));
#7882 = ORIENTED_EDGE('',*,*,#7883,.T.);
#7883 = EDGE_CURVE('',#7884,#7884,#7886,.T.);
#7884 = VERTEX_POINT('',#7885);
#7885 = CARTESIAN_POINT('',(60.5,11.825,0.));
#7886 = CIRCLE('',#7887,0.425);
#7887 = AXIS2_PLACEMENT_3D('',#7888,#7889,#7890);
#7888 = CARTESIAN_POINT('',(60.5,12.25,0.));
#7889 = DIRECTION('',(-0.,0.,-1.));
#7890 = DIRECTION('',(-0.,-1.,0.));
#7891 = FACE_BOUND('',#7892,.F.);
#7892 = EDGE_LOOP('',(#7893));
#7893 = ORIENTED_EDGE('',*,*,#7894,.T.);
#7894 = EDGE_CURVE('',#7895,#7895,#7897,.T.);
#7895 = VERTEX_POINT('',#7896);
#7896 = CARTESIAN_POINT('',(63.,11.825,0.));
#7897 = CIRCLE('',#7898,0.425);
#7898 = AXIS2_PLACEMENT_3D('',#7899,#7900,#7901);
#7899 = CARTESIAN_POINT('',(63.,12.25,0.));
#7900 = DIRECTION('',(-0.,0.,-1.));
#7901 = DIRECTION('',(-0.,-1.,0.));
#7902 = FACE_BOUND('',#7903,.F.);
#7903 = EDGE_LOOP('',(#7904));
#7904 = ORIENTED_EDGE('',*,*,#7905,.T.);
#7905 = EDGE_CURVE('',#7906,#7906,#7908,.T.);
#7906 = VERTEX_POINT('',#7907);
#7907 = CARTESIAN_POINT('',(40.,17.075,0.));
#7908 = CIRCLE('',#7909,0.425);
#7909 = AXIS2_PLACEMENT_3D('',#7910,#7911,#7912);
#7910 = CARTESIAN_POINT('',(40.,17.5,0.));
#7911 = DIRECTION('',(-0.,0.,-1.));
#7912 = DIRECTION('',(-0.,-1.,0.));
#7913 = FACE_BOUND('',#7914,.F.);
#7914 = EDGE_LOOP('',(#7915));
#7915 = ORIENTED_EDGE('',*,*,#7916,.T.);
#7916 = EDGE_CURVE('',#7917,#7917,#7919,.T.);
#7917 = VERTEX_POINT('',#7918);
#7918 = CARTESIAN_POINT('',(40.,19.575,0.));
#7919 = CIRCLE('',#7920,0.425);
#7920 = AXIS2_PLACEMENT_3D('',#7921,#7922,#7923);
#7921 = CARTESIAN_POINT('',(40.,20.,0.));
#7922 = DIRECTION('',(-0.,0.,-1.));
#7923 = DIRECTION('',(-0.,-1.,0.));
#7924 = FACE_BOUND('',#7925,.F.);
#7925 = EDGE_LOOP('',(#7926));
#7926 = ORIENTED_EDGE('',*,*,#7927,.T.);
#7927 = EDGE_CURVE('',#7928,#7928,#7930,.T.);
#7928 = VERTEX_POINT('',#7929);
#7929 = CARTESIAN_POINT('',(70.5,17.9,0.));
#7930 = CIRCLE('',#7931,1.6);
#7931 = AXIS2_PLACEMENT_3D('',#7932,#7933,#7934);
#7932 = CARTESIAN_POINT('',(70.5,19.5,0.));
#7933 = DIRECTION('',(-0.,0.,-1.));
#7934 = DIRECTION('',(-0.,-1.,0.));
#7935 = FACE_BOUND('',#7936,.F.);
#7936 = EDGE_LOOP('',(#7937));
#7937 = ORIENTED_EDGE('',*,*,#7938,.T.);
#7938 = EDGE_CURVE('',#7939,#7939,#7941,.T.);
#7939 = VERTEX_POINT('',#7940);
#7940 = CARTESIAN_POINT('',(34.,20.075,0.));
#7941 = CIRCLE('',#7942,0.425);
#7942 = AXIS2_PLACEMENT_3D('',#7943,#7944,#7945);
#7943 = CARTESIAN_POINT('',(34.,20.5,0.));
#7944 = DIRECTION('',(-0.,0.,-1.));
#7945 = DIRECTION('',(-0.,-1.,0.));
#7946 = FACE_BOUND('',#7947,.F.);
#7947 = EDGE_LOOP('',(#7948));
#7948 = ORIENTED_EDGE('',*,*,#7949,.T.);
#7949 = EDGE_CURVE('',#7950,#7950,#7952,.T.);
#7950 = VERTEX_POINT('',#7951);
#7951 = CARTESIAN_POINT('',(34.,22.575,0.));
#7952 = CIRCLE('',#7953,0.425);
#7953 = AXIS2_PLACEMENT_3D('',#7954,#7955,#7956);
#7954 = CARTESIAN_POINT('',(34.,23.,0.));
#7955 = DIRECTION('',(-0.,0.,-1.));
#7956 = DIRECTION('',(-0.,-1.,0.));
#7957 = FACE_BOUND('',#7958,.F.);
#7958 = EDGE_LOOP('',(#7959));
#7959 = ORIENTED_EDGE('',*,*,#7960,.T.);
#7960 = EDGE_CURVE('',#7961,#7961,#7963,.T.);
#7961 = VERTEX_POINT('',#7962);
#7962 = CARTESIAN_POINT('',(11.,27.175,0.));
#7963 = CIRCLE('',#7964,0.425);
#7964 = AXIS2_PLACEMENT_3D('',#7965,#7966,#7967);
#7965 = CARTESIAN_POINT('',(11.,27.6,0.));
#7966 = DIRECTION('',(-0.,0.,-1.));
#7967 = DIRECTION('',(-0.,-1.,0.));
#7968 = FACE_BOUND('',#7969,.F.);
#7969 = EDGE_LOOP('',(#7970));
#7970 = ORIENTED_EDGE('',*,*,#7971,.T.);
#7971 = EDGE_CURVE('',#7972,#7972,#7974,.T.);
#7972 = VERTEX_POINT('',#7973);
#7973 = CARTESIAN_POINT('',(13.5,27.175,0.));
#7974 = CIRCLE('',#7975,0.425);
#7975 = AXIS2_PLACEMENT_3D('',#7976,#7977,#7978);
#7976 = CARTESIAN_POINT('',(13.5,27.6,0.));
#7977 = DIRECTION('',(-0.,0.,-1.));
#7978 = DIRECTION('',(-0.,-1.,0.));
#7979 = FACE_BOUND('',#7980,.F.);
#7980 = EDGE_LOOP('',(#7981));
#7981 = ORIENTED_EDGE('',*,*,#7982,.T.);
#7982 = EDGE_CURVE('',#7983,#7983,#7985,.T.);
#7983 = VERTEX_POINT('',#7984);
#7984 = CARTESIAN_POINT('',(16.,27.175,0.));
#7985 = CIRCLE('',#7986,0.425);
#7986 = AXIS2_PLACEMENT_3D('',#7987,#7988,#7989);
#7987 = CARTESIAN_POINT('',(16.,27.6,0.));
#7988 = DIRECTION('',(-0.,0.,-1.));
#7989 = DIRECTION('',(-0.,-1.,0.));
#7990 = FACE_BOUND('',#7991,.F.);
#7991 = EDGE_LOOP('',(#7992));
#7992 = ORIENTED_EDGE('',*,*,#7993,.T.);
#7993 = EDGE_CURVE('',#7994,#7994,#7996,.T.);
#7994 = VERTEX_POINT('',#7995);
#7995 = CARTESIAN_POINT('',(22.75,27.175,0.));
#7996 = CIRCLE('',#7997,0.425);
#7997 = AXIS2_PLACEMENT_3D('',#7998,#7999,#8000);
#7998 = CARTESIAN_POINT('',(22.75,27.6,0.));
#7999 = DIRECTION('',(-0.,0.,-1.));
#8000 = DIRECTION('',(-0.,-1.,0.));
#8001 = FACE_BOUND('',#8002,.F.);
#8002 = EDGE_LOOP('',(#8003));
#8003 = ORIENTED_EDGE('',*,*,#8004,.T.);
#8004 = EDGE_CURVE('',#8005,#8005,#8007,.T.);
#8005 = VERTEX_POINT('',#8006);
#8006 = CARTESIAN_POINT('',(25.25,27.175,0.));
#8007 = CIRCLE('',#8008,0.425);
#8008 = AXIS2_PLACEMENT_3D('',#8009,#8010,#8011);
#8009 = CARTESIAN_POINT('',(25.25,27.6,0.));
#8010 = DIRECTION('',(-0.,0.,-1.));
#8011 = DIRECTION('',(-0.,-1.,0.));
#8012 = FACE_BOUND('',#8013,.F.);
#8013 = EDGE_LOOP('',(#8014));
#8014 = ORIENTED_EDGE('',*,*,#8015,.T.);
#8015 = EDGE_CURVE('',#8016,#8016,#8018,.T.);
#8016 = VERTEX_POINT('',#8017);
#8017 = CARTESIAN_POINT('',(27.75,27.175,0.));
#8018 = CIRCLE('',#8019,0.425);
#8019 = AXIS2_PLACEMENT_3D('',#8020,#8021,#8022);
#8020 = CARTESIAN_POINT('',(27.75,27.6,0.));
#8021 = DIRECTION('',(-0.,0.,-1.));
#8022 = DIRECTION('',(-0.,-1.,0.));
#8023 = FACE_BOUND('',#8024,.F.);
#8024 = EDGE_LOOP('',(#8025));
#8025 = ORIENTED_EDGE('',*,*,#8026,.T.);
#8026 = EDGE_CURVE('',#8027,#8027,#8029,.T.);
#8027 = VERTEX_POINT('',#8028);
#8028 = CARTESIAN_POINT('',(35.,27.375,0.));
#8029 = CIRCLE('',#8030,0.425);
#8030 = AXIS2_PLACEMENT_3D('',#8031,#8032,#8033);
#8031 = CARTESIAN_POINT('',(35.,27.8,0.));
#8032 = DIRECTION('',(-0.,0.,-1.));
#8033 = DIRECTION('',(-0.,-1.,0.));
#8034 = FACE_BOUND('',#8035,.F.);
#8035 = EDGE_LOOP('',(#8036));
#8036 = ORIENTED_EDGE('',*,*,#8037,.T.);
#8037 = EDGE_CURVE('',#8038,#8038,#8040,.T.);
#8038 = VERTEX_POINT('',#8039);
#8039 = CARTESIAN_POINT('',(40.,22.075,0.));
#8040 = CIRCLE('',#8041,0.425);
#8041 = AXIS2_PLACEMENT_3D('',#8042,#8043,#8044);
#8042 = CARTESIAN_POINT('',(40.,22.5,0.));
#8043 = DIRECTION('',(-0.,0.,-1.));
#8044 = DIRECTION('',(-0.,-1.,0.));
#8045 = FACE_BOUND('',#8046,.F.);
#8046 = EDGE_LOOP('',(#8047));
#8047 = ORIENTED_EDGE('',*,*,#8048,.T.);
#8048 = EDGE_CURVE('',#8049,#8049,#8051,.T.);
#8049 = VERTEX_POINT('',#8050);
#8050 = CARTESIAN_POINT('',(37.5,27.375,0.));
#8051 = CIRCLE('',#8052,0.425);
#8052 = AXIS2_PLACEMENT_3D('',#8053,#8054,#8055);
#8053 = CARTESIAN_POINT('',(37.5,27.8,0.));
#8054 = DIRECTION('',(-0.,0.,-1.));
#8055 = DIRECTION('',(-0.,-1.,0.));
#8056 = FACE_BOUND('',#8057,.F.);
#8057 = EDGE_LOOP('',(#8058));
#8058 = ORIENTED_EDGE('',*,*,#8059,.T.);
#8059 = EDGE_CURVE('',#8060,#8060,#8062,.T.);
#8060 = VERTEX_POINT('',#8061);
#8061 = CARTESIAN_POINT('',(40.,27.375,0.));
#8062 = CIRCLE('',#8063,0.425);
#8063 = AXIS2_PLACEMENT_3D('',#8064,#8065,#8066);
#8064 = CARTESIAN_POINT('',(40.,27.8,0.));
#8065 = DIRECTION('',(-0.,0.,-1.));
#8066 = DIRECTION('',(-0.,-1.,0.));
#8067 = FACE_BOUND('',#8068,.F.);
#8068 = EDGE_LOOP('',(#8069));
#8069 = ORIENTED_EDGE('',*,*,#8070,.T.);
#8070 = EDGE_CURVE('',#8071,#8071,#8073,.T.);
#8071 = VERTEX_POINT('',#8072);
#8072 = CARTESIAN_POINT('',(47.,27.175,0.));
#8073 = CIRCLE('',#8074,0.425);
#8074 = AXIS2_PLACEMENT_3D('',#8075,#8076,#8077);
#8075 = CARTESIAN_POINT('',(47.,27.6,0.));
#8076 = DIRECTION('',(-0.,0.,-1.));
#8077 = DIRECTION('',(-0.,-1.,0.));
#8078 = FACE_BOUND('',#8079,.F.);
#8079 = EDGE_LOOP('',(#8080));
#8080 = ORIENTED_EDGE('',*,*,#8081,.T.);
#8081 = EDGE_CURVE('',#8082,#8082,#8084,.T.);
#8082 = VERTEX_POINT('',#8083);
#8083 = CARTESIAN_POINT('',(49.5,27.175,0.));
#8084 = CIRCLE('',#8085,0.425);
#8085 = AXIS2_PLACEMENT_3D('',#8086,#8087,#8088);
#8086 = CARTESIAN_POINT('',(49.5,27.6,0.));
#8087 = DIRECTION('',(-0.,0.,-1.));
#8088 = DIRECTION('',(-0.,-1.,0.));
#8089 = FACE_BOUND('',#8090,.F.);
#8090 = EDGE_LOOP('',(#8091));
#8091 = ORIENTED_EDGE('',*,*,#8092,.T.);
#8092 = EDGE_CURVE('',#8093,#8093,#8095,.T.);
#8093 = VERTEX_POINT('',#8094);
#8094 = CARTESIAN_POINT('',(52.,27.175,0.));
#8095 = CIRCLE('',#8096,0.425);
#8096 = AXIS2_PLACEMENT_3D('',#8097,#8098,#8099);
#8097 = CARTESIAN_POINT('',(52.,27.6,0.));
#8098 = DIRECTION('',(-0.,0.,-1.));
#8099 = DIRECTION('',(-0.,-1.,0.));
#8100 = FACE_BOUND('',#8101,.F.);
#8101 = EDGE_LOOP('',(#8102));
#8102 = ORIENTED_EDGE('',*,*,#8103,.T.);
#8103 = EDGE_CURVE('',#8104,#8104,#8106,.T.);
#8104 = VERTEX_POINT('',#8105);
#8105 = CARTESIAN_POINT('',(59.,27.175,0.));
#8106 = CIRCLE('',#8107,0.425);
#8107 = AXIS2_PLACEMENT_3D('',#8108,#8109,#8110);
#8108 = CARTESIAN_POINT('',(59.,27.6,0.));
#8109 = DIRECTION('',(-0.,0.,-1.));
#8110 = DIRECTION('',(-0.,-1.,0.));
#8111 = FACE_BOUND('',#8112,.F.);
#8112 = EDGE_LOOP('',(#8113));
#8113 = ORIENTED_EDGE('',*,*,#8114,.T.);
#8114 = EDGE_CURVE('',#8115,#8115,#8117,.T.);
#8115 = VERTEX_POINT('',#8116);
#8116 = CARTESIAN_POINT('',(61.5,27.175,0.));
#8117 = CIRCLE('',#8118,0.425);
#8118 = AXIS2_PLACEMENT_3D('',#8119,#8120,#8121);
#8119 = CARTESIAN_POINT('',(61.5,27.6,0.));
#8120 = DIRECTION('',(-0.,0.,-1.));
#8121 = DIRECTION('',(-0.,-1.,0.));
#8122 = FACE_BOUND('',#8123,.F.);
#8123 = EDGE_LOOP('',(#8124));
#8124 = ORIENTED_EDGE('',*,*,#8125,.T.);
#8125 = EDGE_CURVE('',#8126,#8126,#8128,.T.);
#8126 = VERTEX_POINT('',#8127);
#8127 = CARTESIAN_POINT('',(64.,27.175,0.));
#8128 = CIRCLE('',#8129,0.425);
#8129 = AXIS2_PLACEMENT_3D('',#8130,#8131,#8132);
#8130 = CARTESIAN_POINT('',(64.,27.6,0.));
#8131 = DIRECTION('',(-0.,0.,-1.));
#8132 = DIRECTION('',(-0.,-1.,0.));
#8133 = PLANE('',#8134);
#8134 = AXIS2_PLACEMENT_3D('',#8135,#8136,#8137);
#8135 = CARTESIAN_POINT('',(0.,0.,0.));
#8136 = DIRECTION('',(0.,0.,1.));
#8137 = DIRECTION('',(1.,0.,-0.));
#8138 = ADVANCED_FACE('',(#8139,#8297,#8308,#8319,#8330,#8341,#8352,
    #8363,#8374,#8385,#8396,#8407,#8418,#8429,#8440,#8451,#8462,#8473,
    #8484,#8495,#8506,#8517,#8528,#8539,#8550,#8561,#8572,#8583,#8594,
    #8605,#8616,#8627,#8638,#8649,#8660,#8671,#8682,#8693,#8704),#8715,
  .T.);
#8139 = FACE_BOUND('',#8140,.T.);
#8140 = EDGE_LOOP('',(#8141,#8142,#8143,#8151,#8159,#8167,#8176,#8184,
    #8192,#8200,#8208,#8216,#8225,#8233,#8241,#8249,#8257,#8266,#8274,
    #8282,#8290,#8296));
#8141 = ORIENTED_EDGE('',*,*,#7466,.F.);
#8142 = ORIENTED_EDGE('',*,*,#7508,.F.);
#8143 = ORIENTED_EDGE('',*,*,#8144,.F.);
#8144 = EDGE_CURVE('',#8145,#7501,#8147,.T.);
#8145 = VERTEX_POINT('',#8146);
#8146 = CARTESIAN_POINT('',(43.25,39.,1.51));
#8147 = LINE('',#8148,#8149);
#8148 = CARTESIAN_POINT('',(43.25,39.,1.51));
#8149 = VECTOR('',#8150,1.);
#8150 = DIRECTION('',(1.,0.,0.));
#8151 = ORIENTED_EDGE('',*,*,#8152,.F.);
#8152 = EDGE_CURVE('',#8153,#8145,#8155,.T.);
#8153 = VERTEX_POINT('',#8154);
#8154 = CARTESIAN_POINT('',(8.1,39.,1.51));
#8155 = LINE('',#8156,#8157);
#8156 = CARTESIAN_POINT('',(8.1,39.,1.51));
#8157 = VECTOR('',#8158,1.);
#8158 = DIRECTION('',(1.,0.,0.));
#8159 = ORIENTED_EDGE('',*,*,#8160,.F.);
#8160 = EDGE_CURVE('',#8161,#8153,#8163,.T.);
#8161 = VERTEX_POINT('',#8162);
#8162 = CARTESIAN_POINT('',(8.1,35.,1.51));
#8163 = LINE('',#8164,#8165);
#8164 = CARTESIAN_POINT('',(8.1,35.,1.51));
#8165 = VECTOR('',#8166,1.);
#8166 = DIRECTION('',(0.,1.,0.));
#8167 = ORIENTED_EDGE('',*,*,#8168,.F.);
#8168 = EDGE_CURVE('',#8169,#8161,#8171,.T.);
#8169 = VERTEX_POINT('',#8170);
#8170 = CARTESIAN_POINT('',(4.,30.9,1.51));
#8171 = CIRCLE('',#8172,4.099999326939);
#8172 = AXIS2_PLACEMENT_3D('',#8173,#8174,#8175);
#8173 = CARTESIAN_POINT('',(4.000000673061,34.999999326939,1.51));
#8174 = DIRECTION('',(0.,0.,1.));
#8175 = DIRECTION('',(-1.64161339785E-07,-1.,0.));
#8176 = ORIENTED_EDGE('',*,*,#8177,.F.);
#8177 = EDGE_CURVE('',#8178,#8169,#8180,.T.);
#8178 = VERTEX_POINT('',#8179);
#8179 = CARTESIAN_POINT('',(0.,30.9,1.51));
#8180 = LINE('',#8181,#8182);
#8181 = CARTESIAN_POINT('',(0.,30.9,1.51));
#8182 = VECTOR('',#8183,1.);
#8183 = DIRECTION('',(1.,0.,0.));
#8184 = ORIENTED_EDGE('',*,*,#8185,.F.);
#8185 = EDGE_CURVE('',#8186,#8178,#8188,.T.);
#8186 = VERTEX_POINT('',#8187);
#8187 = CARTESIAN_POINT('',(0.,24.,1.51));
#8188 = LINE('',#8189,#8190);
#8189 = CARTESIAN_POINT('',(0.,24.,1.51));
#8190 = VECTOR('',#8191,1.);
#8191 = DIRECTION('',(0.,1.,0.));
#8192 = ORIENTED_EDGE('',*,*,#8193,.F.);
#8193 = EDGE_CURVE('',#8194,#8186,#8196,.T.);
#8194 = VERTEX_POINT('',#8195);
#8195 = CARTESIAN_POINT('',(0.,14.,1.51));
#8196 = LINE('',#8197,#8198);
#8197 = CARTESIAN_POINT('',(0.,14.,1.51));
#8198 = VECTOR('',#8199,1.);
#8199 = DIRECTION('',(0.,1.,0.));
#8200 = ORIENTED_EDGE('',*,*,#8201,.F.);
#8201 = EDGE_CURVE('',#8202,#8194,#8204,.T.);
#8202 = VERTEX_POINT('',#8203);
#8203 = CARTESIAN_POINT('',(0.,8.1,1.51));
#8204 = LINE('',#8205,#8206);
#8205 = CARTESIAN_POINT('',(0.,8.1,1.51));
#8206 = VECTOR('',#8207,1.);
#8207 = DIRECTION('',(0.,1.,0.));
#8208 = ORIENTED_EDGE('',*,*,#8209,.F.);
#8209 = EDGE_CURVE('',#8210,#8202,#8212,.T.);
#8210 = VERTEX_POINT('',#8211);
#8211 = CARTESIAN_POINT('',(4.,8.1,1.51));
#8212 = LINE('',#8213,#8214);
#8213 = CARTESIAN_POINT('',(4.,8.1,1.51));
#8214 = VECTOR('',#8215,1.);
#8215 = DIRECTION('',(-1.,0.,0.));
#8216 = ORIENTED_EDGE('',*,*,#8217,.F.);
#8217 = EDGE_CURVE('',#8218,#8210,#8220,.T.);
#8218 = VERTEX_POINT('',#8219);
#8219 = CARTESIAN_POINT('',(8.1,4.,1.51));
#8220 = CIRCLE('',#8221,4.099999326939);
#8221 = AXIS2_PLACEMENT_3D('',#8222,#8223,#8224);
#8222 = CARTESIAN_POINT('',(4.000000673061,4.000000673061,1.51));
#8223 = DIRECTION('',(0.,0.,1.));
#8224 = DIRECTION('',(1.,-1.641613408681E-07,0.));
#8225 = ORIENTED_EDGE('',*,*,#8226,.F.);
#8226 = EDGE_CURVE('',#8227,#8218,#8229,.T.);
#8227 = VERTEX_POINT('',#8228);
#8228 = CARTESIAN_POINT('',(8.1,0.,1.51));
#8229 = LINE('',#8230,#8231);
#8230 = CARTESIAN_POINT('',(8.1,0.,1.51));
#8231 = VECTOR('',#8232,1.);
#8232 = DIRECTION('',(0.,1.,0.));
#8233 = ORIENTED_EDGE('',*,*,#8234,.F.);
#8234 = EDGE_CURVE('',#8235,#8227,#8237,.T.);
#8235 = VERTEX_POINT('',#8236);
#8236 = CARTESIAN_POINT('',(43.25,0.,1.51));
#8237 = LINE('',#8238,#8239);
#8238 = CARTESIAN_POINT('',(43.25,0.,1.51));
#8239 = VECTOR('',#8240,1.);
#8240 = DIRECTION('',(-1.,0.,0.));
#8241 = ORIENTED_EDGE('',*,*,#8242,.F.);
#8242 = EDGE_CURVE('',#8243,#8235,#8245,.T.);
#8243 = VERTEX_POINT('',#8244);
#8244 = CARTESIAN_POINT('',(66.9,0.,1.51));
#8245 = LINE('',#8246,#8247);
#8246 = CARTESIAN_POINT('',(66.9,0.,1.51));
#8247 = VECTOR('',#8248,1.);
#8248 = DIRECTION('',(-1.,0.,0.));
#8249 = ORIENTED_EDGE('',*,*,#8250,.F.);
#8250 = EDGE_CURVE('',#8251,#8243,#8253,.T.);
#8251 = VERTEX_POINT('',#8252);
#8252 = CARTESIAN_POINT('',(66.9,4.,1.51));
#8253 = LINE('',#8254,#8255);
#8254 = CARTESIAN_POINT('',(66.9,4.,1.51));
#8255 = VECTOR('',#8256,1.);
#8256 = DIRECTION('',(0.,-1.,0.));
#8257 = ORIENTED_EDGE('',*,*,#8258,.F.);
#8258 = EDGE_CURVE('',#8259,#8251,#8261,.T.);
#8259 = VERTEX_POINT('',#8260);
#8260 = CARTESIAN_POINT('',(71.,8.1,1.51));
#8261 = CIRCLE('',#8262,4.099999326939);
#8262 = AXIS2_PLACEMENT_3D('',#8263,#8264,#8265);
#8263 = CARTESIAN_POINT('',(70.999999326939,4.000000673061,1.51));
#8264 = DIRECTION('',(0.,0.,1.));
#8265 = DIRECTION('',(1.641613389185E-07,1.,-0.));
#8266 = ORIENTED_EDGE('',*,*,#8267,.F.);
#8267 = EDGE_CURVE('',#8268,#8259,#8270,.T.);
#8268 = VERTEX_POINT('',#8269);
#8269 = CARTESIAN_POINT('',(75.,8.1,1.51));
#8270 = LINE('',#8271,#8272);
#8271 = CARTESIAN_POINT('',(75.,8.1,1.51));
#8272 = VECTOR('',#8273,1.);
#8273 = DIRECTION('',(-1.,0.,0.));
#8274 = ORIENTED_EDGE('',*,*,#8275,.F.);
#8275 = EDGE_CURVE('',#8276,#8268,#8278,.T.);
#8276 = VERTEX_POINT('',#8277);
#8277 = CARTESIAN_POINT('',(75.,14.,1.51));
#8278 = LINE('',#8279,#8280);
#8279 = CARTESIAN_POINT('',(75.,14.,1.51));
#8280 = VECTOR('',#8281,1.);
#8281 = DIRECTION('',(0.,-1.,0.));
#8282 = ORIENTED_EDGE('',*,*,#8283,.F.);
#8283 = EDGE_CURVE('',#8284,#8276,#8286,.T.);
#8284 = VERTEX_POINT('',#8285);
#8285 = CARTESIAN_POINT('',(75.,24.,1.51));
#8286 = LINE('',#8287,#8288);
#8287 = CARTESIAN_POINT('',(75.,24.,1.51));
#8288 = VECTOR('',#8289,1.);
#8289 = DIRECTION('',(0.,-1.,0.));
#8290 = ORIENTED_EDGE('',*,*,#8291,.F.);
#8291 = EDGE_CURVE('',#7531,#8284,#8292,.T.);
#8292 = LINE('',#8293,#8294);
#8293 = CARTESIAN_POINT('',(75.,30.9,1.51));
#8294 = VECTOR('',#8295,1.);
#8295 = DIRECTION('',(0.,-1.,0.));
#8296 = ORIENTED_EDGE('',*,*,#7530,.F.);
#8297 = FACE_BOUND('',#8298,.T.);
#8298 = EDGE_LOOP('',(#8299));
#8299 = ORIENTED_EDGE('',*,*,#8300,.T.);
#8300 = EDGE_CURVE('',#8301,#8301,#8303,.T.);
#8301 = VERTEX_POINT('',#8302);
#8302 = CARTESIAN_POINT('',(12.,11.825,1.51));
#8303 = CIRCLE('',#8304,0.425);
#8304 = AXIS2_PLACEMENT_3D('',#8305,#8306,#8307);
#8305 = CARTESIAN_POINT('',(12.,12.25,1.51));
#8306 = DIRECTION('',(-0.,0.,-1.));
#8307 = DIRECTION('',(-0.,-1.,0.));
#8308 = FACE_BOUND('',#8309,.T.);
#8309 = EDGE_LOOP('',(#8310));
#8310 = ORIENTED_EDGE('',*,*,#8311,.T.);
#8311 = EDGE_CURVE('',#8312,#8312,#8314,.T.);
#8312 = VERTEX_POINT('',#8313);
#8313 = CARTESIAN_POINT('',(14.5,11.825,1.51));
#8314 = CIRCLE('',#8315,0.425);
#8315 = AXIS2_PLACEMENT_3D('',#8316,#8317,#8318);
#8316 = CARTESIAN_POINT('',(14.5,12.25,1.51));
#8317 = DIRECTION('',(-0.,0.,-1.));
#8318 = DIRECTION('',(-0.,-1.,0.));
#8319 = FACE_BOUND('',#8320,.T.);
#8320 = EDGE_LOOP('',(#8321));
#8321 = ORIENTED_EDGE('',*,*,#8322,.T.);
#8322 = EDGE_CURVE('',#8323,#8323,#8325,.T.);
#8323 = VERTEX_POINT('',#8324);
#8324 = CARTESIAN_POINT('',(17.,11.825,1.51));
#8325 = CIRCLE('',#8326,0.425);
#8326 = AXIS2_PLACEMENT_3D('',#8327,#8328,#8329);
#8327 = CARTESIAN_POINT('',(17.,12.25,1.51));
#8328 = DIRECTION('',(-0.,0.,-1.));
#8329 = DIRECTION('',(-0.,-1.,0.));
#8330 = FACE_BOUND('',#8331,.T.);
#8331 = EDGE_LOOP('',(#8332));
#8332 = ORIENTED_EDGE('',*,*,#8333,.T.);
#8333 = EDGE_CURVE('',#8334,#8334,#8336,.T.);
#8334 = VERTEX_POINT('',#8335);
#8335 = CARTESIAN_POINT('',(23.5,11.825,1.51));
#8336 = CIRCLE('',#8337,0.425);
#8337 = AXIS2_PLACEMENT_3D('',#8338,#8339,#8340);
#8338 = CARTESIAN_POINT('',(23.5,12.25,1.51));
#8339 = DIRECTION('',(-0.,0.,-1.));
#8340 = DIRECTION('',(-0.,-1.,0.));
#8341 = FACE_BOUND('',#8342,.T.);
#8342 = EDGE_LOOP('',(#8343));
#8343 = ORIENTED_EDGE('',*,*,#8344,.T.);
#8344 = EDGE_CURVE('',#8345,#8345,#8347,.T.);
#8345 = VERTEX_POINT('',#8346);
#8346 = CARTESIAN_POINT('',(26.,11.825,1.51));
#8347 = CIRCLE('',#8348,0.425);
#8348 = AXIS2_PLACEMENT_3D('',#8349,#8350,#8351);
#8349 = CARTESIAN_POINT('',(26.,12.25,1.51));
#8350 = DIRECTION('',(-0.,0.,-1.));
#8351 = DIRECTION('',(-0.,-1.,0.));
#8352 = FACE_BOUND('',#8353,.T.);
#8353 = EDGE_LOOP('',(#8354));
#8354 = ORIENTED_EDGE('',*,*,#8355,.T.);
#8355 = EDGE_CURVE('',#8356,#8356,#8358,.T.);
#8356 = VERTEX_POINT('',#8357);
#8357 = CARTESIAN_POINT('',(28.5,11.825,1.51));
#8358 = CIRCLE('',#8359,0.425);
#8359 = AXIS2_PLACEMENT_3D('',#8360,#8361,#8362);
#8360 = CARTESIAN_POINT('',(28.5,12.25,1.51));
#8361 = DIRECTION('',(-0.,0.,-1.));
#8362 = DIRECTION('',(-0.,-1.,0.));
#8363 = FACE_BOUND('',#8364,.T.);
#8364 = EDGE_LOOP('',(#8365));
#8365 = ORIENTED_EDGE('',*,*,#8366,.T.);
#8366 = EDGE_CURVE('',#8367,#8367,#8369,.T.);
#8367 = VERTEX_POINT('',#8368);
#8368 = CARTESIAN_POINT('',(35.,11.825,1.51));
#8369 = CIRCLE('',#8370,0.425);
#8370 = AXIS2_PLACEMENT_3D('',#8371,#8372,#8373);
#8371 = CARTESIAN_POINT('',(35.,12.25,1.51));
#8372 = DIRECTION('',(-0.,0.,-1.));
#8373 = DIRECTION('',(-0.,-1.,0.));
#8374 = FACE_BOUND('',#8375,.T.);
#8375 = EDGE_LOOP('',(#8376));
#8376 = ORIENTED_EDGE('',*,*,#8377,.T.);
#8377 = EDGE_CURVE('',#8378,#8378,#8380,.T.);
#8378 = VERTEX_POINT('',#8379);
#8379 = CARTESIAN_POINT('',(4.5,17.9,1.51));
#8380 = CIRCLE('',#8381,1.6);
#8381 = AXIS2_PLACEMENT_3D('',#8382,#8383,#8384);
#8382 = CARTESIAN_POINT('',(4.5,19.5,1.51));
#8383 = DIRECTION('',(-0.,0.,-1.));
#8384 = DIRECTION('',(-0.,-1.,0.));
#8385 = FACE_BOUND('',#8386,.T.);
#8386 = EDGE_LOOP('',(#8387));
#8387 = ORIENTED_EDGE('',*,*,#8388,.T.);
#8388 = EDGE_CURVE('',#8389,#8389,#8391,.T.);
#8389 = VERTEX_POINT('',#8390);
#8390 = CARTESIAN_POINT('',(34.,17.575,1.51));
#8391 = CIRCLE('',#8392,0.425);
#8392 = AXIS2_PLACEMENT_3D('',#8393,#8394,#8395);
#8393 = CARTESIAN_POINT('',(34.,18.,1.51));
#8394 = DIRECTION('',(-0.,0.,-1.));
#8395 = DIRECTION('',(-0.,-1.,0.));
#8396 = FACE_BOUND('',#8397,.T.);
#8397 = EDGE_LOOP('',(#8398));
#8398 = ORIENTED_EDGE('',*,*,#8399,.T.);
#8399 = EDGE_CURVE('',#8400,#8400,#8402,.T.);
#8400 = VERTEX_POINT('',#8401);
#8401 = CARTESIAN_POINT('',(37.5,11.825,1.51));
#8402 = CIRCLE('',#8403,0.425);
#8403 = AXIS2_PLACEMENT_3D('',#8404,#8405,#8406);
#8404 = CARTESIAN_POINT('',(37.5,12.25,1.51));
#8405 = DIRECTION('',(-0.,0.,-1.));
#8406 = DIRECTION('',(-0.,-1.,0.));
#8407 = FACE_BOUND('',#8408,.T.);
#8408 = EDGE_LOOP('',(#8409));
#8409 = ORIENTED_EDGE('',*,*,#8410,.T.);
#8410 = EDGE_CURVE('',#8411,#8411,#8413,.T.);
#8411 = VERTEX_POINT('',#8412);
#8412 = CARTESIAN_POINT('',(40.,11.825,1.51));
#8413 = CIRCLE('',#8414,0.425);
#8414 = AXIS2_PLACEMENT_3D('',#8415,#8416,#8417);
#8415 = CARTESIAN_POINT('',(40.,12.25,1.51));
#8416 = DIRECTION('',(-0.,0.,-1.));
#8417 = DIRECTION('',(-0.,-1.,0.));
#8418 = FACE_BOUND('',#8419,.T.);
#8419 = EDGE_LOOP('',(#8420));
#8420 = ORIENTED_EDGE('',*,*,#8421,.T.);
#8421 = EDGE_CURVE('',#8422,#8422,#8424,.T.);
#8422 = VERTEX_POINT('',#8423);
#8423 = CARTESIAN_POINT('',(46.5,11.825,1.51));
#8424 = CIRCLE('',#8425,0.425);
#8425 = AXIS2_PLACEMENT_3D('',#8426,#8427,#8428);
#8426 = CARTESIAN_POINT('',(46.5,12.25,1.51));
#8427 = DIRECTION('',(-0.,0.,-1.));
#8428 = DIRECTION('',(-0.,-1.,0.));
#8429 = FACE_BOUND('',#8430,.T.);
#8430 = EDGE_LOOP('',(#8431));
#8431 = ORIENTED_EDGE('',*,*,#8432,.T.);
#8432 = EDGE_CURVE('',#8433,#8433,#8435,.T.);
#8433 = VERTEX_POINT('',#8434);
#8434 = CARTESIAN_POINT('',(49.,11.825,1.51));
#8435 = CIRCLE('',#8436,0.425);
#8436 = AXIS2_PLACEMENT_3D('',#8437,#8438,#8439);
#8437 = CARTESIAN_POINT('',(49.,12.25,1.51));
#8438 = DIRECTION('',(-0.,0.,-1.));
#8439 = DIRECTION('',(-0.,-1.,0.));
#8440 = FACE_BOUND('',#8441,.T.);
#8441 = EDGE_LOOP('',(#8442));
#8442 = ORIENTED_EDGE('',*,*,#8443,.T.);
#8443 = EDGE_CURVE('',#8444,#8444,#8446,.T.);
#8444 = VERTEX_POINT('',#8445);
#8445 = CARTESIAN_POINT('',(51.5,11.825,1.51));
#8446 = CIRCLE('',#8447,0.425);
#8447 = AXIS2_PLACEMENT_3D('',#8448,#8449,#8450);
#8448 = CARTESIAN_POINT('',(51.5,12.25,1.51));
#8449 = DIRECTION('',(-0.,0.,-1.));
#8450 = DIRECTION('',(-0.,-1.,0.));
#8451 = FACE_BOUND('',#8452,.T.);
#8452 = EDGE_LOOP('',(#8453));
#8453 = ORIENTED_EDGE('',*,*,#8454,.T.);
#8454 = EDGE_CURVE('',#8455,#8455,#8457,.T.);
#8455 = VERTEX_POINT('',#8456);
#8456 = CARTESIAN_POINT('',(58.,11.825,1.51));
#8457 = CIRCLE('',#8458,0.425);
#8458 = AXIS2_PLACEMENT_3D('',#8459,#8460,#8461);
#8459 = CARTESIAN_POINT('',(58.,12.25,1.51));
#8460 = DIRECTION('',(-0.,0.,-1.));
#8461 = DIRECTION('',(-0.,-1.,0.));
#8462 = FACE_BOUND('',#8463,.T.);
#8463 = EDGE_LOOP('',(#8464));
#8464 = ORIENTED_EDGE('',*,*,#8465,.T.);
#8465 = EDGE_CURVE('',#8466,#8466,#8468,.T.);
#8466 = VERTEX_POINT('',#8467);
#8467 = CARTESIAN_POINT('',(60.5,11.825,1.51));
#8468 = CIRCLE('',#8469,0.425);
#8469 = AXIS2_PLACEMENT_3D('',#8470,#8471,#8472);
#8470 = CARTESIAN_POINT('',(60.5,12.25,1.51));
#8471 = DIRECTION('',(-0.,0.,-1.));
#8472 = DIRECTION('',(-0.,-1.,0.));
#8473 = FACE_BOUND('',#8474,.T.);
#8474 = EDGE_LOOP('',(#8475));
#8475 = ORIENTED_EDGE('',*,*,#8476,.T.);
#8476 = EDGE_CURVE('',#8477,#8477,#8479,.T.);
#8477 = VERTEX_POINT('',#8478);
#8478 = CARTESIAN_POINT('',(63.,11.825,1.51));
#8479 = CIRCLE('',#8480,0.425);
#8480 = AXIS2_PLACEMENT_3D('',#8481,#8482,#8483);
#8481 = CARTESIAN_POINT('',(63.,12.25,1.51));
#8482 = DIRECTION('',(-0.,0.,-1.));
#8483 = DIRECTION('',(-0.,-1.,0.));
#8484 = FACE_BOUND('',#8485,.T.);
#8485 = EDGE_LOOP('',(#8486));
#8486 = ORIENTED_EDGE('',*,*,#8487,.T.);
#8487 = EDGE_CURVE('',#8488,#8488,#8490,.T.);
#8488 = VERTEX_POINT('',#8489);
#8489 = CARTESIAN_POINT('',(40.,17.075,1.51));
#8490 = CIRCLE('',#8491,0.425);
#8491 = AXIS2_PLACEMENT_3D('',#8492,#8493,#8494);
#8492 = CARTESIAN_POINT('',(40.,17.5,1.51));
#8493 = DIRECTION('',(-0.,0.,-1.));
#8494 = DIRECTION('',(-0.,-1.,0.));
#8495 = FACE_BOUND('',#8496,.T.);
#8496 = EDGE_LOOP('',(#8497));
#8497 = ORIENTED_EDGE('',*,*,#8498,.T.);
#8498 = EDGE_CURVE('',#8499,#8499,#8501,.T.);
#8499 = VERTEX_POINT('',#8500);
#8500 = CARTESIAN_POINT('',(40.,19.575,1.51));
#8501 = CIRCLE('',#8502,0.425);
#8502 = AXIS2_PLACEMENT_3D('',#8503,#8504,#8505);
#8503 = CARTESIAN_POINT('',(40.,20.,1.51));
#8504 = DIRECTION('',(-0.,0.,-1.));
#8505 = DIRECTION('',(-0.,-1.,0.));
#8506 = FACE_BOUND('',#8507,.T.);
#8507 = EDGE_LOOP('',(#8508));
#8508 = ORIENTED_EDGE('',*,*,#8509,.T.);
#8509 = EDGE_CURVE('',#8510,#8510,#8512,.T.);
#8510 = VERTEX_POINT('',#8511);
#8511 = CARTESIAN_POINT('',(70.5,17.9,1.51));
#8512 = CIRCLE('',#8513,1.6);
#8513 = AXIS2_PLACEMENT_3D('',#8514,#8515,#8516);
#8514 = CARTESIAN_POINT('',(70.5,19.5,1.51));
#8515 = DIRECTION('',(-0.,0.,-1.));
#8516 = DIRECTION('',(-0.,-1.,0.));
#8517 = FACE_BOUND('',#8518,.T.);
#8518 = EDGE_LOOP('',(#8519));
#8519 = ORIENTED_EDGE('',*,*,#8520,.T.);
#8520 = EDGE_CURVE('',#8521,#8521,#8523,.T.);
#8521 = VERTEX_POINT('',#8522);
#8522 = CARTESIAN_POINT('',(34.,20.075,1.51));
#8523 = CIRCLE('',#8524,0.425);
#8524 = AXIS2_PLACEMENT_3D('',#8525,#8526,#8527);
#8525 = CARTESIAN_POINT('',(34.,20.5,1.51));
#8526 = DIRECTION('',(-0.,0.,-1.));
#8527 = DIRECTION('',(-0.,-1.,0.));
#8528 = FACE_BOUND('',#8529,.T.);
#8529 = EDGE_LOOP('',(#8530));
#8530 = ORIENTED_EDGE('',*,*,#8531,.T.);
#8531 = EDGE_CURVE('',#8532,#8532,#8534,.T.);
#8532 = VERTEX_POINT('',#8533);
#8533 = CARTESIAN_POINT('',(34.,22.575,1.51));
#8534 = CIRCLE('',#8535,0.425);
#8535 = AXIS2_PLACEMENT_3D('',#8536,#8537,#8538);
#8536 = CARTESIAN_POINT('',(34.,23.,1.51));
#8537 = DIRECTION('',(-0.,0.,-1.));
#8538 = DIRECTION('',(-0.,-1.,0.));
#8539 = FACE_BOUND('',#8540,.T.);
#8540 = EDGE_LOOP('',(#8541));
#8541 = ORIENTED_EDGE('',*,*,#8542,.T.);
#8542 = EDGE_CURVE('',#8543,#8543,#8545,.T.);
#8543 = VERTEX_POINT('',#8544);
#8544 = CARTESIAN_POINT('',(11.,27.175,1.51));
#8545 = CIRCLE('',#8546,0.425);
#8546 = AXIS2_PLACEMENT_3D('',#8547,#8548,#8549);
#8547 = CARTESIAN_POINT('',(11.,27.6,1.51));
#8548 = DIRECTION('',(-0.,0.,-1.));
#8549 = DIRECTION('',(-0.,-1.,0.));
#8550 = FACE_BOUND('',#8551,.T.);
#8551 = EDGE_LOOP('',(#8552));
#8552 = ORIENTED_EDGE('',*,*,#8553,.T.);
#8553 = EDGE_CURVE('',#8554,#8554,#8556,.T.);
#8554 = VERTEX_POINT('',#8555);
#8555 = CARTESIAN_POINT('',(13.5,27.175,1.51));
#8556 = CIRCLE('',#8557,0.425);
#8557 = AXIS2_PLACEMENT_3D('',#8558,#8559,#8560);
#8558 = CARTESIAN_POINT('',(13.5,27.6,1.51));
#8559 = DIRECTION('',(-0.,0.,-1.));
#8560 = DIRECTION('',(-0.,-1.,0.));
#8561 = FACE_BOUND('',#8562,.T.);
#8562 = EDGE_LOOP('',(#8563));
#8563 = ORIENTED_EDGE('',*,*,#8564,.T.);
#8564 = EDGE_CURVE('',#8565,#8565,#8567,.T.);
#8565 = VERTEX_POINT('',#8566);
#8566 = CARTESIAN_POINT('',(16.,27.175,1.51));
#8567 = CIRCLE('',#8568,0.425);
#8568 = AXIS2_PLACEMENT_3D('',#8569,#8570,#8571);
#8569 = CARTESIAN_POINT('',(16.,27.6,1.51));
#8570 = DIRECTION('',(-0.,0.,-1.));
#8571 = DIRECTION('',(-0.,-1.,0.));
#8572 = FACE_BOUND('',#8573,.T.);
#8573 = EDGE_LOOP('',(#8574));
#8574 = ORIENTED_EDGE('',*,*,#8575,.T.);
#8575 = EDGE_CURVE('',#8576,#8576,#8578,.T.);
#8576 = VERTEX_POINT('',#8577);
#8577 = CARTESIAN_POINT('',(22.75,27.175,1.51));
#8578 = CIRCLE('',#8579,0.425);
#8579 = AXIS2_PLACEMENT_3D('',#8580,#8581,#8582);
#8580 = CARTESIAN_POINT('',(22.75,27.6,1.51));
#8581 = DIRECTION('',(-0.,0.,-1.));
#8582 = DIRECTION('',(-0.,-1.,0.));
#8583 = FACE_BOUND('',#8584,.T.);
#8584 = EDGE_LOOP('',(#8585));
#8585 = ORIENTED_EDGE('',*,*,#8586,.T.);
#8586 = EDGE_CURVE('',#8587,#8587,#8589,.T.);
#8587 = VERTEX_POINT('',#8588);
#8588 = CARTESIAN_POINT('',(25.25,27.175,1.51));
#8589 = CIRCLE('',#8590,0.425);
#8590 = AXIS2_PLACEMENT_3D('',#8591,#8592,#8593);
#8591 = CARTESIAN_POINT('',(25.25,27.6,1.51));
#8592 = DIRECTION('',(-0.,0.,-1.));
#8593 = DIRECTION('',(-0.,-1.,0.));
#8594 = FACE_BOUND('',#8595,.T.);
#8595 = EDGE_LOOP('',(#8596));
#8596 = ORIENTED_EDGE('',*,*,#8597,.T.);
#8597 = EDGE_CURVE('',#8598,#8598,#8600,.T.);
#8598 = VERTEX_POINT('',#8599);
#8599 = CARTESIAN_POINT('',(27.75,27.175,1.51));
#8600 = CIRCLE('',#8601,0.425);
#8601 = AXIS2_PLACEMENT_3D('',#8602,#8603,#8604);
#8602 = CARTESIAN_POINT('',(27.75,27.6,1.51));
#8603 = DIRECTION('',(-0.,0.,-1.));
#8604 = DIRECTION('',(-0.,-1.,0.));
#8605 = FACE_BOUND('',#8606,.T.);
#8606 = EDGE_LOOP('',(#8607));
#8607 = ORIENTED_EDGE('',*,*,#8608,.T.);
#8608 = EDGE_CURVE('',#8609,#8609,#8611,.T.);
#8609 = VERTEX_POINT('',#8610);
#8610 = CARTESIAN_POINT('',(35.,27.375,1.51));
#8611 = CIRCLE('',#8612,0.425);
#8612 = AXIS2_PLACEMENT_3D('',#8613,#8614,#8615);
#8613 = CARTESIAN_POINT('',(35.,27.8,1.51));
#8614 = DIRECTION('',(-0.,0.,-1.));
#8615 = DIRECTION('',(-0.,-1.,0.));
#8616 = FACE_BOUND('',#8617,.T.);
#8617 = EDGE_LOOP('',(#8618));
#8618 = ORIENTED_EDGE('',*,*,#8619,.T.);
#8619 = EDGE_CURVE('',#8620,#8620,#8622,.T.);
#8620 = VERTEX_POINT('',#8621);
#8621 = CARTESIAN_POINT('',(40.,22.075,1.51));
#8622 = CIRCLE('',#8623,0.425);
#8623 = AXIS2_PLACEMENT_3D('',#8624,#8625,#8626);
#8624 = CARTESIAN_POINT('',(40.,22.5,1.51));
#8625 = DIRECTION('',(-0.,0.,-1.));
#8626 = DIRECTION('',(-0.,-1.,0.));
#8627 = FACE_BOUND('',#8628,.T.);
#8628 = EDGE_LOOP('',(#8629));
#8629 = ORIENTED_EDGE('',*,*,#8630,.T.);
#8630 = EDGE_CURVE('',#8631,#8631,#8633,.T.);
#8631 = VERTEX_POINT('',#8632);
#8632 = CARTESIAN_POINT('',(37.5,27.375,1.51));
#8633 = CIRCLE('',#8634,0.425);
#8634 = AXIS2_PLACEMENT_3D('',#8635,#8636,#8637);
#8635 = CARTESIAN_POINT('',(37.5,27.8,1.51));
#8636 = DIRECTION('',(-0.,0.,-1.));
#8637 = DIRECTION('',(-0.,-1.,0.));
#8638 = FACE_BOUND('',#8639,.T.);
#8639 = EDGE_LOOP('',(#8640));
#8640 = ORIENTED_EDGE('',*,*,#8641,.T.);
#8641 = EDGE_CURVE('',#8642,#8642,#8644,.T.);
#8642 = VERTEX_POINT('',#8643);
#8643 = CARTESIAN_POINT('',(40.,27.375,1.51));
#8644 = CIRCLE('',#8645,0.425);
#8645 = AXIS2_PLACEMENT_3D('',#8646,#8647,#8648);
#8646 = CARTESIAN_POINT('',(40.,27.8,1.51));
#8647 = DIRECTION('',(-0.,0.,-1.));
#8648 = DIRECTION('',(-0.,-1.,0.));
#8649 = FACE_BOUND('',#8650,.T.);
#8650 = EDGE_LOOP('',(#8651));
#8651 = ORIENTED_EDGE('',*,*,#8652,.T.);
#8652 = EDGE_CURVE('',#8653,#8653,#8655,.T.);
#8653 = VERTEX_POINT('',#8654);
#8654 = CARTESIAN_POINT('',(47.,27.175,1.51));
#8655 = CIRCLE('',#8656,0.425);
#8656 = AXIS2_PLACEMENT_3D('',#8657,#8658,#8659);
#8657 = CARTESIAN_POINT('',(47.,27.6,1.51));
#8658 = DIRECTION('',(-0.,0.,-1.));
#8659 = DIRECTION('',(-0.,-1.,0.));
#8660 = FACE_BOUND('',#8661,.T.);
#8661 = EDGE_LOOP('',(#8662));
#8662 = ORIENTED_EDGE('',*,*,#8663,.T.);
#8663 = EDGE_CURVE('',#8664,#8664,#8666,.T.);
#8664 = VERTEX_POINT('',#8665);
#8665 = CARTESIAN_POINT('',(49.5,27.175,1.51));
#8666 = CIRCLE('',#8667,0.425);
#8667 = AXIS2_PLACEMENT_3D('',#8668,#8669,#8670);
#8668 = CARTESIAN_POINT('',(49.5,27.6,1.51));
#8669 = DIRECTION('',(-0.,0.,-1.));
#8670 = DIRECTION('',(-0.,-1.,0.));
#8671 = FACE_BOUND('',#8672,.T.);
#8672 = EDGE_LOOP('',(#8673));
#8673 = ORIENTED_EDGE('',*,*,#8674,.T.);
#8674 = EDGE_CURVE('',#8675,#8675,#8677,.T.);
#8675 = VERTEX_POINT('',#8676);
#8676 = CARTESIAN_POINT('',(52.,27.175,1.51));
#8677 = CIRCLE('',#8678,0.425);
#8678 = AXIS2_PLACEMENT_3D('',#8679,#8680,#8681);
#8679 = CARTESIAN_POINT('',(52.,27.6,1.51));
#8680 = DIRECTION('',(-0.,0.,-1.));
#8681 = DIRECTION('',(-0.,-1.,0.));
#8682 = FACE_BOUND('',#8683,.T.);
#8683 = EDGE_LOOP('',(#8684));
#8684 = ORIENTED_EDGE('',*,*,#8685,.T.);
#8685 = EDGE_CURVE('',#8686,#8686,#8688,.T.);
#8686 = VERTEX_POINT('',#8687);
#8687 = CARTESIAN_POINT('',(59.,27.175,1.51));
#8688 = CIRCLE('',#8689,0.425);
#8689 = AXIS2_PLACEMENT_3D('',#8690,#8691,#8692);
#8690 = CARTESIAN_POINT('',(59.,27.6,1.51));
#8691 = DIRECTION('',(-0.,0.,-1.));
#8692 = DIRECTION('',(-0.,-1.,0.));
#8693 = FACE_BOUND('',#8694,.T.);
#8694 = EDGE_LOOP('',(#8695));
#8695 = ORIENTED_EDGE('',*,*,#8696,.T.);
#8696 = EDGE_CURVE('',#8697,#8697,#8699,.T.);
#8697 = VERTEX_POINT('',#8698);
#8698 = CARTESIAN_POINT('',(61.5,27.175,1.51));
#8699 = CIRCLE('',#8700,0.425);
#8700 = AXIS2_PLACEMENT_3D('',#8701,#8702,#8703);
#8701 = CARTESIAN_POINT('',(61.5,27.6,1.51));
#8702 = DIRECTION('',(-0.,0.,-1.));
#8703 = DIRECTION('',(-0.,-1.,0.));
#8704 = FACE_BOUND('',#8705,.T.);
#8705 = EDGE_LOOP('',(#8706));
#8706 = ORIENTED_EDGE('',*,*,#8707,.T.);
#8707 = EDGE_CURVE('',#8708,#8708,#8710,.T.);
#8708 = VERTEX_POINT('',#8709);
#8709 = CARTESIAN_POINT('',(64.,27.175,1.51));
#8710 = CIRCLE('',#8711,0.425);
#8711 = AXIS2_PLACEMENT_3D('',#8712,#8713,#8714);
#8712 = CARTESIAN_POINT('',(64.,27.6,1.51));
#8713 = DIRECTION('',(-0.,0.,-1.));
#8714 = DIRECTION('',(-0.,-1.,0.));
#8715 = PLANE('',#8716);
#8716 = AXIS2_PLACEMENT_3D('',#8717,#8718,#8719);
#8717 = CARTESIAN_POINT('',(0.,0.,1.51));
#8718 = DIRECTION('',(0.,0.,1.));
#8719 = DIRECTION('',(1.,0.,-0.));
#8720 = ADVANCED_FACE('',(#8721),#8732,.T.);
#8721 = FACE_BOUND('',#8722,.T.);
#8722 = EDGE_LOOP('',(#8723,#8729,#8730,#8731));
#8723 = ORIENTED_EDGE('',*,*,#8724,.T.);
#8724 = EDGE_CURVE('',#7563,#8145,#8725,.T.);
#8725 = LINE('',#8726,#8727);
#8726 = CARTESIAN_POINT('',(43.25,39.,0.));
#8727 = VECTOR('',#8728,1.);
#8728 = DIRECTION('',(0.,0.,1.));
#8729 = ORIENTED_EDGE('',*,*,#8144,.T.);
#8730 = ORIENTED_EDGE('',*,*,#7498,.F.);
#8731 = ORIENTED_EDGE('',*,*,#7562,.F.);
#8732 = PLANE('',#8733);
#8733 = AXIS2_PLACEMENT_3D('',#8734,#8735,#8736);
#8734 = CARTESIAN_POINT('',(43.25,39.,0.));
#8735 = DIRECTION('',(0.,1.,0.));
#8736 = DIRECTION('',(1.,0.,0.));
#8737 = ADVANCED_FACE('',(#8738),#8749,.T.);
#8738 = FACE_BOUND('',#8739,.T.);
#8739 = EDGE_LOOP('',(#8740,#8741,#8742,#8748));
#8740 = ORIENTED_EDGE('',*,*,#7538,.T.);
#8741 = ORIENTED_EDGE('',*,*,#8291,.T.);
#8742 = ORIENTED_EDGE('',*,*,#8743,.F.);
#8743 = EDGE_CURVE('',#7702,#8284,#8744,.T.);
#8744 = LINE('',#8745,#8746);
#8745 = CARTESIAN_POINT('',(75.,24.,0.));
#8746 = VECTOR('',#8747,1.);
#8747 = DIRECTION('',(0.,0.,1.));
#8748 = ORIENTED_EDGE('',*,*,#7709,.F.);
#8749 = PLANE('',#8750);
#8750 = AXIS2_PLACEMENT_3D('',#8751,#8752,#8753);
#8751 = CARTESIAN_POINT('',(75.,30.9,0.));
#8752 = DIRECTION('',(1.,0.,-0.));
#8753 = DIRECTION('',(0.,-1.,0.));
#8754 = ADVANCED_FACE('',(#8755),#8766,.T.);
#8755 = FACE_BOUND('',#8756,.T.);
#8756 = EDGE_LOOP('',(#8757,#8763,#8764,#8765));
#8757 = ORIENTED_EDGE('',*,*,#8758,.T.);
#8758 = EDGE_CURVE('',#7571,#8153,#8759,.T.);
#8759 = LINE('',#8760,#8761);
#8760 = CARTESIAN_POINT('',(8.1,39.,0.));
#8761 = VECTOR('',#8762,1.);
#8762 = DIRECTION('',(0.,0.,1.));
#8763 = ORIENTED_EDGE('',*,*,#8152,.T.);
#8764 = ORIENTED_EDGE('',*,*,#8724,.F.);
#8765 = ORIENTED_EDGE('',*,*,#7570,.F.);
#8766 = PLANE('',#8767);
#8767 = AXIS2_PLACEMENT_3D('',#8768,#8769,#8770);
#8768 = CARTESIAN_POINT('',(8.1,39.,0.));
#8769 = DIRECTION('',(0.,1.,0.));
#8770 = DIRECTION('',(1.,0.,0.));
#8771 = ADVANCED_FACE('',(#8772),#8783,.T.);
#8772 = FACE_BOUND('',#8773,.T.);
#8773 = EDGE_LOOP('',(#8774,#8775,#8776,#8782));
#8774 = ORIENTED_EDGE('',*,*,#8743,.T.);
#8775 = ORIENTED_EDGE('',*,*,#8283,.T.);
#8776 = ORIENTED_EDGE('',*,*,#8777,.F.);
#8777 = EDGE_CURVE('',#7694,#8276,#8778,.T.);
#8778 = LINE('',#8779,#8780);
#8779 = CARTESIAN_POINT('',(75.,14.,0.));
#8780 = VECTOR('',#8781,1.);
#8781 = DIRECTION('',(0.,0.,1.));
#8782 = ORIENTED_EDGE('',*,*,#7701,.F.);
#8783 = PLANE('',#8784);
#8784 = AXIS2_PLACEMENT_3D('',#8785,#8786,#8787);
#8785 = CARTESIAN_POINT('',(75.,24.,0.));
#8786 = DIRECTION('',(1.,0.,-0.));
#8787 = DIRECTION('',(0.,-1.,0.));
#8788 = ADVANCED_FACE('',(#8789),#8800,.T.);
#8789 = FACE_BOUND('',#8790,.T.);
#8790 = EDGE_LOOP('',(#8791,#8797,#8798,#8799));
#8791 = ORIENTED_EDGE('',*,*,#8792,.T.);
#8792 = EDGE_CURVE('',#7579,#8161,#8793,.T.);
#8793 = LINE('',#8794,#8795);
#8794 = CARTESIAN_POINT('',(8.1,35.,0.));
#8795 = VECTOR('',#8796,1.);
#8796 = DIRECTION('',(0.,0.,1.));
#8797 = ORIENTED_EDGE('',*,*,#8160,.T.);
#8798 = ORIENTED_EDGE('',*,*,#8758,.F.);
#8799 = ORIENTED_EDGE('',*,*,#7578,.F.);
#8800 = PLANE('',#8801);
#8801 = AXIS2_PLACEMENT_3D('',#8802,#8803,#8804);
#8802 = CARTESIAN_POINT('',(8.1,35.,0.));
#8803 = DIRECTION('',(-1.,0.,0.));
#8804 = DIRECTION('',(0.,1.,0.));
#8805 = ADVANCED_FACE('',(#8806),#8817,.T.);
#8806 = FACE_BOUND('',#8807,.T.);
#8807 = EDGE_LOOP('',(#8808,#8809,#8810,#8816));
#8808 = ORIENTED_EDGE('',*,*,#8777,.T.);
#8809 = ORIENTED_EDGE('',*,*,#8275,.T.);
#8810 = ORIENTED_EDGE('',*,*,#8811,.F.);
#8811 = EDGE_CURVE('',#7686,#8268,#8812,.T.);
#8812 = LINE('',#8813,#8814);
#8813 = CARTESIAN_POINT('',(75.,8.1,0.));
#8814 = VECTOR('',#8815,1.);
#8815 = DIRECTION('',(0.,0.,1.));
#8816 = ORIENTED_EDGE('',*,*,#7693,.F.);
#8817 = PLANE('',#8818);
#8818 = AXIS2_PLACEMENT_3D('',#8819,#8820,#8821);
#8819 = CARTESIAN_POINT('',(75.,14.,0.));
#8820 = DIRECTION('',(1.,0.,-0.));
#8821 = DIRECTION('',(0.,-1.,0.));
#8822 = ADVANCED_FACE('',(#8823),#8834,.F.);
#8823 = FACE_BOUND('',#8824,.T.);
#8824 = EDGE_LOOP('',(#8825,#8831,#8832,#8833));
#8825 = ORIENTED_EDGE('',*,*,#8826,.T.);
#8826 = EDGE_CURVE('',#7587,#8169,#8827,.T.);
#8827 = LINE('',#8828,#8829);
#8828 = CARTESIAN_POINT('',(4.,30.9,0.));
#8829 = VECTOR('',#8830,1.);
#8830 = DIRECTION('',(0.,0.,1.));
#8831 = ORIENTED_EDGE('',*,*,#8168,.T.);
#8832 = ORIENTED_EDGE('',*,*,#8792,.F.);
#8833 = ORIENTED_EDGE('',*,*,#7586,.F.);
#8834 = CYLINDRICAL_SURFACE('',#8835,4.099999326939);
#8835 = AXIS2_PLACEMENT_3D('',#8836,#8837,#8838);
#8836 = CARTESIAN_POINT('',(4.000000673061,34.999999326939,0.));
#8837 = DIRECTION('',(-0.,-0.,-1.));
#8838 = DIRECTION('',(-1.64161339785E-07,-1.,0.));
#8839 = ADVANCED_FACE('',(#8840),#8851,.T.);
#8840 = FACE_BOUND('',#8841,.T.);
#8841 = EDGE_LOOP('',(#8842,#8843,#8844,#8850));
#8842 = ORIENTED_EDGE('',*,*,#8811,.T.);
#8843 = ORIENTED_EDGE('',*,*,#8267,.T.);
#8844 = ORIENTED_EDGE('',*,*,#8845,.F.);
#8845 = EDGE_CURVE('',#7677,#8259,#8846,.T.);
#8846 = LINE('',#8847,#8848);
#8847 = CARTESIAN_POINT('',(71.,8.1,0.));
#8848 = VECTOR('',#8849,1.);
#8849 = DIRECTION('',(0.,0.,1.));
#8850 = ORIENTED_EDGE('',*,*,#7685,.F.);
#8851 = PLANE('',#8852);
#8852 = AXIS2_PLACEMENT_3D('',#8853,#8854,#8855);
#8853 = CARTESIAN_POINT('',(75.,8.1,0.));
#8854 = DIRECTION('',(0.,-1.,0.));
#8855 = DIRECTION('',(-1.,0.,0.));
#8856 = ADVANCED_FACE('',(#8857),#8868,.T.);
#8857 = FACE_BOUND('',#8858,.T.);
#8858 = EDGE_LOOP('',(#8859,#8865,#8866,#8867));
#8859 = ORIENTED_EDGE('',*,*,#8860,.T.);
#8860 = EDGE_CURVE('',#7596,#8178,#8861,.T.);
#8861 = LINE('',#8862,#8863);
#8862 = CARTESIAN_POINT('',(0.,30.9,0.));
#8863 = VECTOR('',#8864,1.);
#8864 = DIRECTION('',(0.,0.,1.));
#8865 = ORIENTED_EDGE('',*,*,#8177,.T.);
#8866 = ORIENTED_EDGE('',*,*,#8826,.F.);
#8867 = ORIENTED_EDGE('',*,*,#7595,.F.);
#8868 = PLANE('',#8869);
#8869 = AXIS2_PLACEMENT_3D('',#8870,#8871,#8872);
#8870 = CARTESIAN_POINT('',(0.,30.9,0.));
#8871 = DIRECTION('',(0.,1.,0.));
#8872 = DIRECTION('',(1.,0.,0.));
#8873 = ADVANCED_FACE('',(#8874),#8885,.F.);
#8874 = FACE_BOUND('',#8875,.T.);
#8875 = EDGE_LOOP('',(#8876,#8877,#8878,#8884));
#8876 = ORIENTED_EDGE('',*,*,#8845,.T.);
#8877 = ORIENTED_EDGE('',*,*,#8258,.T.);
#8878 = ORIENTED_EDGE('',*,*,#8879,.F.);
#8879 = EDGE_CURVE('',#7669,#8251,#8880,.T.);
#8880 = LINE('',#8881,#8882);
#8881 = CARTESIAN_POINT('',(66.9,4.,0.));
#8882 = VECTOR('',#8883,1.);
#8883 = DIRECTION('',(0.,0.,1.));
#8884 = ORIENTED_EDGE('',*,*,#7676,.F.);
#8885 = CYLINDRICAL_SURFACE('',#8886,4.099999326939);
#8886 = AXIS2_PLACEMENT_3D('',#8887,#8888,#8889);
#8887 = CARTESIAN_POINT('',(70.999999326939,4.000000673061,0.));
#8888 = DIRECTION('',(-0.,-0.,-1.));
#8889 = DIRECTION('',(1.641613389185E-07,1.,-0.));
#8890 = ADVANCED_FACE('',(#8891),#8902,.T.);
#8891 = FACE_BOUND('',#8892,.T.);
#8892 = EDGE_LOOP('',(#8893,#8899,#8900,#8901));
#8893 = ORIENTED_EDGE('',*,*,#8894,.T.);
#8894 = EDGE_CURVE('',#7604,#8186,#8895,.T.);
#8895 = LINE('',#8896,#8897);
#8896 = CARTESIAN_POINT('',(0.,24.,0.));
#8897 = VECTOR('',#8898,1.);
#8898 = DIRECTION('',(0.,0.,1.));
#8899 = ORIENTED_EDGE('',*,*,#8185,.T.);
#8900 = ORIENTED_EDGE('',*,*,#8860,.F.);
#8901 = ORIENTED_EDGE('',*,*,#7603,.F.);
#8902 = PLANE('',#8903);
#8903 = AXIS2_PLACEMENT_3D('',#8904,#8905,#8906);
#8904 = CARTESIAN_POINT('',(0.,24.,0.));
#8905 = DIRECTION('',(-1.,0.,0.));
#8906 = DIRECTION('',(0.,1.,0.));
#8907 = ADVANCED_FACE('',(#8908),#8919,.T.);
#8908 = FACE_BOUND('',#8909,.T.);
#8909 = EDGE_LOOP('',(#8910,#8911,#8912,#8918));
#8910 = ORIENTED_EDGE('',*,*,#8879,.T.);
#8911 = ORIENTED_EDGE('',*,*,#8250,.T.);
#8912 = ORIENTED_EDGE('',*,*,#8913,.F.);
#8913 = EDGE_CURVE('',#7661,#8243,#8914,.T.);
#8914 = LINE('',#8915,#8916);
#8915 = CARTESIAN_POINT('',(66.9,-0.,0.));
#8916 = VECTOR('',#8917,1.);
#8917 = DIRECTION('',(0.,0.,1.));
#8918 = ORIENTED_EDGE('',*,*,#7668,.F.);
#8919 = PLANE('',#8920);
#8920 = AXIS2_PLACEMENT_3D('',#8921,#8922,#8923);
#8921 = CARTESIAN_POINT('',(66.9,4.,0.));
#8922 = DIRECTION('',(1.,0.,-0.));
#8923 = DIRECTION('',(0.,-1.,0.));
#8924 = ADVANCED_FACE('',(#8925),#8936,.T.);
#8925 = FACE_BOUND('',#8926,.T.);
#8926 = EDGE_LOOP('',(#8927,#8933,#8934,#8935));
#8927 = ORIENTED_EDGE('',*,*,#8928,.T.);
#8928 = EDGE_CURVE('',#7612,#8194,#8929,.T.);
#8929 = LINE('',#8930,#8931);
#8930 = CARTESIAN_POINT('',(0.,14.,0.));
#8931 = VECTOR('',#8932,1.);
#8932 = DIRECTION('',(0.,0.,1.));
#8933 = ORIENTED_EDGE('',*,*,#8193,.T.);
#8934 = ORIENTED_EDGE('',*,*,#8894,.F.);
#8935 = ORIENTED_EDGE('',*,*,#7611,.F.);
#8936 = PLANE('',#8937);
#8937 = AXIS2_PLACEMENT_3D('',#8938,#8939,#8940);
#8938 = CARTESIAN_POINT('',(0.,14.,0.));
#8939 = DIRECTION('',(-1.,0.,0.));
#8940 = DIRECTION('',(0.,1.,0.));
#8941 = ADVANCED_FACE('',(#8942),#8953,.T.);
#8942 = FACE_BOUND('',#8943,.T.);
#8943 = EDGE_LOOP('',(#8944,#8945,#8946,#8952));
#8944 = ORIENTED_EDGE('',*,*,#8913,.T.);
#8945 = ORIENTED_EDGE('',*,*,#8242,.T.);
#8946 = ORIENTED_EDGE('',*,*,#8947,.F.);
#8947 = EDGE_CURVE('',#7653,#8235,#8948,.T.);
#8948 = LINE('',#8949,#8950);
#8949 = CARTESIAN_POINT('',(43.25,-0.,0.));
#8950 = VECTOR('',#8951,1.);
#8951 = DIRECTION('',(0.,0.,1.));
#8952 = ORIENTED_EDGE('',*,*,#7660,.F.);
#8953 = PLANE('',#8954);
#8954 = AXIS2_PLACEMENT_3D('',#8955,#8956,#8957);
#8955 = CARTESIAN_POINT('',(66.9,0.,0.));
#8956 = DIRECTION('',(0.,-1.,0.));
#8957 = DIRECTION('',(-1.,0.,0.));
#8958 = ADVANCED_FACE('',(#8959),#8970,.T.);
#8959 = FACE_BOUND('',#8960,.T.);
#8960 = EDGE_LOOP('',(#8961,#8967,#8968,#8969));
#8961 = ORIENTED_EDGE('',*,*,#8962,.T.);
#8962 = EDGE_CURVE('',#7620,#8202,#8963,.T.);
#8963 = LINE('',#8964,#8965);
#8964 = CARTESIAN_POINT('',(0.,8.1,0.));
#8965 = VECTOR('',#8966,1.);
#8966 = DIRECTION('',(0.,0.,1.));
#8967 = ORIENTED_EDGE('',*,*,#8201,.T.);
#8968 = ORIENTED_EDGE('',*,*,#8928,.F.);
#8969 = ORIENTED_EDGE('',*,*,#7619,.F.);
#8970 = PLANE('',#8971);
#8971 = AXIS2_PLACEMENT_3D('',#8972,#8973,#8974);
#8972 = CARTESIAN_POINT('',(0.,8.1,0.));
#8973 = DIRECTION('',(-1.,0.,0.));
#8974 = DIRECTION('',(0.,1.,0.));
#8975 = ADVANCED_FACE('',(#8976),#8987,.T.);
#8976 = FACE_BOUND('',#8977,.T.);
#8977 = EDGE_LOOP('',(#8978,#8979,#8980,#8986));
#8978 = ORIENTED_EDGE('',*,*,#8947,.T.);
#8979 = ORIENTED_EDGE('',*,*,#8234,.T.);
#8980 = ORIENTED_EDGE('',*,*,#8981,.F.);
#8981 = EDGE_CURVE('',#7645,#8227,#8982,.T.);
#8982 = LINE('',#8983,#8984);
#8983 = CARTESIAN_POINT('',(8.1,-0.,0.));
#8984 = VECTOR('',#8985,1.);
#8985 = DIRECTION('',(0.,0.,1.));
#8986 = ORIENTED_EDGE('',*,*,#7652,.F.);
#8987 = PLANE('',#8988);
#8988 = AXIS2_PLACEMENT_3D('',#8989,#8990,#8991);
#8989 = CARTESIAN_POINT('',(43.25,0.,0.));
#8990 = DIRECTION('',(0.,-1.,0.));
#8991 = DIRECTION('',(-1.,0.,0.));
#8992 = ADVANCED_FACE('',(#8993),#9004,.T.);
#8993 = FACE_BOUND('',#8994,.T.);
#8994 = EDGE_LOOP('',(#8995,#9001,#9002,#9003));
#8995 = ORIENTED_EDGE('',*,*,#8996,.T.);
#8996 = EDGE_CURVE('',#7628,#8210,#8997,.T.);
#8997 = LINE('',#8998,#8999);
#8998 = CARTESIAN_POINT('',(4.,8.1,0.));
#8999 = VECTOR('',#9000,1.);
#9000 = DIRECTION('',(0.,0.,1.));
#9001 = ORIENTED_EDGE('',*,*,#8209,.T.);
#9002 = ORIENTED_EDGE('',*,*,#8962,.F.);
#9003 = ORIENTED_EDGE('',*,*,#7627,.F.);
#9004 = PLANE('',#9005);
#9005 = AXIS2_PLACEMENT_3D('',#9006,#9007,#9008);
#9006 = CARTESIAN_POINT('',(4.,8.1,0.));
#9007 = DIRECTION('',(0.,-1.,0.));
#9008 = DIRECTION('',(-1.,0.,0.));
#9009 = ADVANCED_FACE('',(#9010),#9021,.T.);
#9010 = FACE_BOUND('',#9011,.T.);
#9011 = EDGE_LOOP('',(#9012,#9013,#9014,#9020));
#9012 = ORIENTED_EDGE('',*,*,#8981,.T.);
#9013 = ORIENTED_EDGE('',*,*,#8226,.T.);
#9014 = ORIENTED_EDGE('',*,*,#9015,.F.);
#9015 = EDGE_CURVE('',#7636,#8218,#9016,.T.);
#9016 = LINE('',#9017,#9018);
#9017 = CARTESIAN_POINT('',(8.1,4.,0.));
#9018 = VECTOR('',#9019,1.);
#9019 = DIRECTION('',(0.,0.,1.));
#9020 = ORIENTED_EDGE('',*,*,#7644,.F.);
#9021 = PLANE('',#9022);
#9022 = AXIS2_PLACEMENT_3D('',#9023,#9024,#9025);
#9023 = CARTESIAN_POINT('',(8.1,0.,0.));
#9024 = DIRECTION('',(-1.,0.,0.));
#9025 = DIRECTION('',(0.,1.,0.));
#9026 = ADVANCED_FACE('',(#9027),#9033,.F.);
#9027 = FACE_BOUND('',#9028,.T.);
#9028 = EDGE_LOOP('',(#9029,#9030,#9031,#9032));
#9029 = ORIENTED_EDGE('',*,*,#9015,.T.);
#9030 = ORIENTED_EDGE('',*,*,#8217,.T.);
#9031 = ORIENTED_EDGE('',*,*,#8996,.F.);
#9032 = ORIENTED_EDGE('',*,*,#7635,.F.);
#9033 = CYLINDRICAL_SURFACE('',#9034,4.099999326939);
#9034 = AXIS2_PLACEMENT_3D('',#9035,#9036,#9037);
#9035 = CARTESIAN_POINT('',(4.000000673061,4.000000673061,0.));
#9036 = DIRECTION('',(-0.,-0.,-1.));
#9037 = DIRECTION('',(1.,-1.641613408681E-07,0.));
#9038 = ADVANCED_FACE('',(#9039),#9050,.F.);
#9039 = FACE_BOUND('',#9040,.T.);
#9040 = EDGE_LOOP('',(#9041,#9042,#9048,#9049));
#9041 = ORIENTED_EDGE('',*,*,#7718,.T.);
#9042 = ORIENTED_EDGE('',*,*,#9043,.T.);
#9043 = EDGE_CURVE('',#7719,#8301,#9044,.T.);
#9044 = LINE('',#9045,#9046);
#9045 = CARTESIAN_POINT('',(12.,11.825,-4.6E-02));
#9046 = VECTOR('',#9047,1.);
#9047 = DIRECTION('',(0.,0.,1.));
#9048 = ORIENTED_EDGE('',*,*,#8300,.F.);
#9049 = ORIENTED_EDGE('',*,*,#9043,.F.);
#9050 = CYLINDRICAL_SURFACE('',#9051,0.425);
#9051 = AXIS2_PLACEMENT_3D('',#9052,#9053,#9054);
#9052 = CARTESIAN_POINT('',(12.,12.25,-4.6E-02));
#9053 = DIRECTION('',(-0.,-0.,-1.));
#9054 = DIRECTION('',(-0.,-1.,0.));
#9055 = ADVANCED_FACE('',(#9056),#9067,.F.);
#9056 = FACE_BOUND('',#9057,.T.);
#9057 = EDGE_LOOP('',(#9058,#9059,#9065,#9066));
#9058 = ORIENTED_EDGE('',*,*,#7729,.T.);
#9059 = ORIENTED_EDGE('',*,*,#9060,.T.);
#9060 = EDGE_CURVE('',#7730,#8312,#9061,.T.);
#9061 = LINE('',#9062,#9063);
#9062 = CARTESIAN_POINT('',(14.5,11.825,-4.6E-02));
#9063 = VECTOR('',#9064,1.);
#9064 = DIRECTION('',(0.,0.,1.));
#9065 = ORIENTED_EDGE('',*,*,#8311,.F.);
#9066 = ORIENTED_EDGE('',*,*,#9060,.F.);
#9067 = CYLINDRICAL_SURFACE('',#9068,0.425);
#9068 = AXIS2_PLACEMENT_3D('',#9069,#9070,#9071);
#9069 = CARTESIAN_POINT('',(14.5,12.25,-4.6E-02));
#9070 = DIRECTION('',(-0.,-0.,-1.));
#9071 = DIRECTION('',(-0.,-1.,0.));
#9072 = ADVANCED_FACE('',(#9073),#9084,.F.);
#9073 = FACE_BOUND('',#9074,.T.);
#9074 = EDGE_LOOP('',(#9075,#9076,#9082,#9083));
#9075 = ORIENTED_EDGE('',*,*,#7740,.T.);
#9076 = ORIENTED_EDGE('',*,*,#9077,.T.);
#9077 = EDGE_CURVE('',#7741,#8323,#9078,.T.);
#9078 = LINE('',#9079,#9080);
#9079 = CARTESIAN_POINT('',(17.,11.825,-4.6E-02));
#9080 = VECTOR('',#9081,1.);
#9081 = DIRECTION('',(0.,0.,1.));
#9082 = ORIENTED_EDGE('',*,*,#8322,.F.);
#9083 = ORIENTED_EDGE('',*,*,#9077,.F.);
#9084 = CYLINDRICAL_SURFACE('',#9085,0.425);
#9085 = AXIS2_PLACEMENT_3D('',#9086,#9087,#9088);
#9086 = CARTESIAN_POINT('',(17.,12.25,-4.6E-02));
#9087 = DIRECTION('',(-0.,-0.,-1.));
#9088 = DIRECTION('',(-0.,-1.,0.));
#9089 = ADVANCED_FACE('',(#9090),#9101,.F.);
#9090 = FACE_BOUND('',#9091,.T.);
#9091 = EDGE_LOOP('',(#9092,#9093,#9099,#9100));
#9092 = ORIENTED_EDGE('',*,*,#7751,.T.);
#9093 = ORIENTED_EDGE('',*,*,#9094,.T.);
#9094 = EDGE_CURVE('',#7752,#8334,#9095,.T.);
#9095 = LINE('',#9096,#9097);
#9096 = CARTESIAN_POINT('',(23.5,11.825,-4.6E-02));
#9097 = VECTOR('',#9098,1.);
#9098 = DIRECTION('',(0.,0.,1.));
#9099 = ORIENTED_EDGE('',*,*,#8333,.F.);
#9100 = ORIENTED_EDGE('',*,*,#9094,.F.);
#9101 = CYLINDRICAL_SURFACE('',#9102,0.425);
#9102 = AXIS2_PLACEMENT_3D('',#9103,#9104,#9105);
#9103 = CARTESIAN_POINT('',(23.5,12.25,-4.6E-02));
#9104 = DIRECTION('',(-0.,-0.,-1.));
#9105 = DIRECTION('',(-0.,-1.,0.));
#9106 = ADVANCED_FACE('',(#9107),#9118,.F.);
#9107 = FACE_BOUND('',#9108,.T.);
#9108 = EDGE_LOOP('',(#9109,#9110,#9116,#9117));
#9109 = ORIENTED_EDGE('',*,*,#7762,.T.);
#9110 = ORIENTED_EDGE('',*,*,#9111,.T.);
#9111 = EDGE_CURVE('',#7763,#8345,#9112,.T.);
#9112 = LINE('',#9113,#9114);
#9113 = CARTESIAN_POINT('',(26.,11.825,-4.6E-02));
#9114 = VECTOR('',#9115,1.);
#9115 = DIRECTION('',(0.,0.,1.));
#9116 = ORIENTED_EDGE('',*,*,#8344,.F.);
#9117 = ORIENTED_EDGE('',*,*,#9111,.F.);
#9118 = CYLINDRICAL_SURFACE('',#9119,0.425);
#9119 = AXIS2_PLACEMENT_3D('',#9120,#9121,#9122);
#9120 = CARTESIAN_POINT('',(26.,12.25,-4.6E-02));
#9121 = DIRECTION('',(-0.,-0.,-1.));
#9122 = DIRECTION('',(-0.,-1.,0.));
#9123 = ADVANCED_FACE('',(#9124),#9135,.F.);
#9124 = FACE_BOUND('',#9125,.T.);
#9125 = EDGE_LOOP('',(#9126,#9127,#9133,#9134));
#9126 = ORIENTED_EDGE('',*,*,#7773,.T.);
#9127 = ORIENTED_EDGE('',*,*,#9128,.T.);
#9128 = EDGE_CURVE('',#7774,#8356,#9129,.T.);
#9129 = LINE('',#9130,#9131);
#9130 = CARTESIAN_POINT('',(28.5,11.825,-4.6E-02));
#9131 = VECTOR('',#9132,1.);
#9132 = DIRECTION('',(0.,0.,1.));
#9133 = ORIENTED_EDGE('',*,*,#8355,.F.);
#9134 = ORIENTED_EDGE('',*,*,#9128,.F.);
#9135 = CYLINDRICAL_SURFACE('',#9136,0.425);
#9136 = AXIS2_PLACEMENT_3D('',#9137,#9138,#9139);
#9137 = CARTESIAN_POINT('',(28.5,12.25,-4.6E-02));
#9138 = DIRECTION('',(-0.,-0.,-1.));
#9139 = DIRECTION('',(-0.,-1.,0.));
#9140 = ADVANCED_FACE('',(#9141),#9152,.F.);
#9141 = FACE_BOUND('',#9142,.T.);
#9142 = EDGE_LOOP('',(#9143,#9144,#9150,#9151));
#9143 = ORIENTED_EDGE('',*,*,#7784,.T.);
#9144 = ORIENTED_EDGE('',*,*,#9145,.T.);
#9145 = EDGE_CURVE('',#7785,#8367,#9146,.T.);
#9146 = LINE('',#9147,#9148);
#9147 = CARTESIAN_POINT('',(35.,11.825,-4.6E-02));
#9148 = VECTOR('',#9149,1.);
#9149 = DIRECTION('',(0.,0.,1.));
#9150 = ORIENTED_EDGE('',*,*,#8366,.F.);
#9151 = ORIENTED_EDGE('',*,*,#9145,.F.);
#9152 = CYLINDRICAL_SURFACE('',#9153,0.425);
#9153 = AXIS2_PLACEMENT_3D('',#9154,#9155,#9156);
#9154 = CARTESIAN_POINT('',(35.,12.25,-4.6E-02));
#9155 = DIRECTION('',(-0.,-0.,-1.));
#9156 = DIRECTION('',(-0.,-1.,0.));
#9157 = ADVANCED_FACE('',(#9158),#9169,.F.);
#9158 = FACE_BOUND('',#9159,.T.);
#9159 = EDGE_LOOP('',(#9160,#9161,#9167,#9168));
#9160 = ORIENTED_EDGE('',*,*,#7795,.T.);
#9161 = ORIENTED_EDGE('',*,*,#9162,.T.);
#9162 = EDGE_CURVE('',#7796,#8378,#9163,.T.);
#9163 = LINE('',#9164,#9165);
#9164 = CARTESIAN_POINT('',(4.5,17.9,-4.6E-02));
#9165 = VECTOR('',#9166,1.);
#9166 = DIRECTION('',(0.,0.,1.));
#9167 = ORIENTED_EDGE('',*,*,#8377,.F.);
#9168 = ORIENTED_EDGE('',*,*,#9162,.F.);
#9169 = CYLINDRICAL_SURFACE('',#9170,1.6);
#9170 = AXIS2_PLACEMENT_3D('',#9171,#9172,#9173);
#9171 = CARTESIAN_POINT('',(4.5,19.5,-4.6E-02));
#9172 = DIRECTION('',(-0.,-0.,-1.));
#9173 = DIRECTION('',(-0.,-1.,0.));
#9174 = ADVANCED_FACE('',(#9175),#9186,.F.);
#9175 = FACE_BOUND('',#9176,.T.);
#9176 = EDGE_LOOP('',(#9177,#9178,#9184,#9185));
#9177 = ORIENTED_EDGE('',*,*,#7806,.T.);
#9178 = ORIENTED_EDGE('',*,*,#9179,.T.);
#9179 = EDGE_CURVE('',#7807,#8389,#9180,.T.);
#9180 = LINE('',#9181,#9182);
#9181 = CARTESIAN_POINT('',(34.,17.575,-4.6E-02));
#9182 = VECTOR('',#9183,1.);
#9183 = DIRECTION('',(0.,0.,1.));
#9184 = ORIENTED_EDGE('',*,*,#8388,.F.);
#9185 = ORIENTED_EDGE('',*,*,#9179,.F.);
#9186 = CYLINDRICAL_SURFACE('',#9187,0.425);
#9187 = AXIS2_PLACEMENT_3D('',#9188,#9189,#9190);
#9188 = CARTESIAN_POINT('',(34.,18.,-4.6E-02));
#9189 = DIRECTION('',(-0.,-0.,-1.));
#9190 = DIRECTION('',(-0.,-1.,0.));
#9191 = ADVANCED_FACE('',(#9192),#9203,.F.);
#9192 = FACE_BOUND('',#9193,.T.);
#9193 = EDGE_LOOP('',(#9194,#9195,#9201,#9202));
#9194 = ORIENTED_EDGE('',*,*,#7817,.T.);
#9195 = ORIENTED_EDGE('',*,*,#9196,.T.);
#9196 = EDGE_CURVE('',#7818,#8400,#9197,.T.);
#9197 = LINE('',#9198,#9199);
#9198 = CARTESIAN_POINT('',(37.5,11.825,-4.6E-02));
#9199 = VECTOR('',#9200,1.);
#9200 = DIRECTION('',(0.,0.,1.));
#9201 = ORIENTED_EDGE('',*,*,#8399,.F.);
#9202 = ORIENTED_EDGE('',*,*,#9196,.F.);
#9203 = CYLINDRICAL_SURFACE('',#9204,0.425);
#9204 = AXIS2_PLACEMENT_3D('',#9205,#9206,#9207);
#9205 = CARTESIAN_POINT('',(37.5,12.25,-4.6E-02));
#9206 = DIRECTION('',(-0.,-0.,-1.));
#9207 = DIRECTION('',(-0.,-1.,0.));
#9208 = ADVANCED_FACE('',(#9209),#9220,.F.);
#9209 = FACE_BOUND('',#9210,.T.);
#9210 = EDGE_LOOP('',(#9211,#9212,#9218,#9219));
#9211 = ORIENTED_EDGE('',*,*,#7828,.T.);
#9212 = ORIENTED_EDGE('',*,*,#9213,.T.);
#9213 = EDGE_CURVE('',#7829,#8411,#9214,.T.);
#9214 = LINE('',#9215,#9216);
#9215 = CARTESIAN_POINT('',(40.,11.825,-4.6E-02));
#9216 = VECTOR('',#9217,1.);
#9217 = DIRECTION('',(0.,0.,1.));
#9218 = ORIENTED_EDGE('',*,*,#8410,.F.);
#9219 = ORIENTED_EDGE('',*,*,#9213,.F.);
#9220 = CYLINDRICAL_SURFACE('',#9221,0.425);
#9221 = AXIS2_PLACEMENT_3D('',#9222,#9223,#9224);
#9222 = CARTESIAN_POINT('',(40.,12.25,-4.6E-02));
#9223 = DIRECTION('',(-0.,-0.,-1.));
#9224 = DIRECTION('',(-0.,-1.,0.));
#9225 = ADVANCED_FACE('',(#9226),#9237,.F.);
#9226 = FACE_BOUND('',#9227,.T.);
#9227 = EDGE_LOOP('',(#9228,#9229,#9235,#9236));
#9228 = ORIENTED_EDGE('',*,*,#7839,.T.);
#9229 = ORIENTED_EDGE('',*,*,#9230,.T.);
#9230 = EDGE_CURVE('',#7840,#8422,#9231,.T.);
#9231 = LINE('',#9232,#9233);
#9232 = CARTESIAN_POINT('',(46.5,11.825,-4.6E-02));
#9233 = VECTOR('',#9234,1.);
#9234 = DIRECTION('',(0.,0.,1.));
#9235 = ORIENTED_EDGE('',*,*,#8421,.F.);
#9236 = ORIENTED_EDGE('',*,*,#9230,.F.);
#9237 = CYLINDRICAL_SURFACE('',#9238,0.425);
#9238 = AXIS2_PLACEMENT_3D('',#9239,#9240,#9241);
#9239 = CARTESIAN_POINT('',(46.5,12.25,-4.6E-02));
#9240 = DIRECTION('',(-0.,-0.,-1.));
#9241 = DIRECTION('',(-0.,-1.,0.));
#9242 = ADVANCED_FACE('',(#9243),#9254,.F.);
#9243 = FACE_BOUND('',#9244,.T.);
#9244 = EDGE_LOOP('',(#9245,#9246,#9252,#9253));
#9245 = ORIENTED_EDGE('',*,*,#7850,.T.);
#9246 = ORIENTED_EDGE('',*,*,#9247,.T.);
#9247 = EDGE_CURVE('',#7851,#8433,#9248,.T.);
#9248 = LINE('',#9249,#9250);
#9249 = CARTESIAN_POINT('',(49.,11.825,-4.6E-02));
#9250 = VECTOR('',#9251,1.);
#9251 = DIRECTION('',(0.,0.,1.));
#9252 = ORIENTED_EDGE('',*,*,#8432,.F.);
#9253 = ORIENTED_EDGE('',*,*,#9247,.F.);
#9254 = CYLINDRICAL_SURFACE('',#9255,0.425);
#9255 = AXIS2_PLACEMENT_3D('',#9256,#9257,#9258);
#9256 = CARTESIAN_POINT('',(49.,12.25,-4.6E-02));
#9257 = DIRECTION('',(-0.,-0.,-1.));
#9258 = DIRECTION('',(-0.,-1.,0.));
#9259 = ADVANCED_FACE('',(#9260),#9271,.F.);
#9260 = FACE_BOUND('',#9261,.T.);
#9261 = EDGE_LOOP('',(#9262,#9263,#9269,#9270));
#9262 = ORIENTED_EDGE('',*,*,#7861,.T.);
#9263 = ORIENTED_EDGE('',*,*,#9264,.T.);
#9264 = EDGE_CURVE('',#7862,#8444,#9265,.T.);
#9265 = LINE('',#9266,#9267);
#9266 = CARTESIAN_POINT('',(51.5,11.825,-4.6E-02));
#9267 = VECTOR('',#9268,1.);
#9268 = DIRECTION('',(0.,0.,1.));
#9269 = ORIENTED_EDGE('',*,*,#8443,.F.);
#9270 = ORIENTED_EDGE('',*,*,#9264,.F.);
#9271 = CYLINDRICAL_SURFACE('',#9272,0.425);
#9272 = AXIS2_PLACEMENT_3D('',#9273,#9274,#9275);
#9273 = CARTESIAN_POINT('',(51.5,12.25,-4.6E-02));
#9274 = DIRECTION('',(-0.,-0.,-1.));
#9275 = DIRECTION('',(-0.,-1.,0.));
#9276 = ADVANCED_FACE('',(#9277),#9288,.F.);
#9277 = FACE_BOUND('',#9278,.T.);
#9278 = EDGE_LOOP('',(#9279,#9280,#9286,#9287));
#9279 = ORIENTED_EDGE('',*,*,#7872,.T.);
#9280 = ORIENTED_EDGE('',*,*,#9281,.T.);
#9281 = EDGE_CURVE('',#7873,#8455,#9282,.T.);
#9282 = LINE('',#9283,#9284);
#9283 = CARTESIAN_POINT('',(58.,11.825,-4.6E-02));
#9284 = VECTOR('',#9285,1.);
#9285 = DIRECTION('',(0.,0.,1.));
#9286 = ORIENTED_EDGE('',*,*,#8454,.F.);
#9287 = ORIENTED_EDGE('',*,*,#9281,.F.);
#9288 = CYLINDRICAL_SURFACE('',#9289,0.425);
#9289 = AXIS2_PLACEMENT_3D('',#9290,#9291,#9292);
#9290 = CARTESIAN_POINT('',(58.,12.25,-4.6E-02));
#9291 = DIRECTION('',(-0.,-0.,-1.));
#9292 = DIRECTION('',(-0.,-1.,0.));
#9293 = ADVANCED_FACE('',(#9294),#9305,.F.);
#9294 = FACE_BOUND('',#9295,.T.);
#9295 = EDGE_LOOP('',(#9296,#9297,#9303,#9304));
#9296 = ORIENTED_EDGE('',*,*,#7883,.T.);
#9297 = ORIENTED_EDGE('',*,*,#9298,.T.);
#9298 = EDGE_CURVE('',#7884,#8466,#9299,.T.);
#9299 = LINE('',#9300,#9301);
#9300 = CARTESIAN_POINT('',(60.5,11.825,-4.6E-02));
#9301 = VECTOR('',#9302,1.);
#9302 = DIRECTION('',(0.,0.,1.));
#9303 = ORIENTED_EDGE('',*,*,#8465,.F.);
#9304 = ORIENTED_EDGE('',*,*,#9298,.F.);
#9305 = CYLINDRICAL_SURFACE('',#9306,0.425);
#9306 = AXIS2_PLACEMENT_3D('',#9307,#9308,#9309);
#9307 = CARTESIAN_POINT('',(60.5,12.25,-4.6E-02));
#9308 = DIRECTION('',(-0.,-0.,-1.));
#9309 = DIRECTION('',(-0.,-1.,0.));
#9310 = ADVANCED_FACE('',(#9311),#9322,.F.);
#9311 = FACE_BOUND('',#9312,.T.);
#9312 = EDGE_LOOP('',(#9313,#9314,#9320,#9321));
#9313 = ORIENTED_EDGE('',*,*,#7894,.T.);
#9314 = ORIENTED_EDGE('',*,*,#9315,.T.);
#9315 = EDGE_CURVE('',#7895,#8477,#9316,.T.);
#9316 = LINE('',#9317,#9318);
#9317 = CARTESIAN_POINT('',(63.,11.825,-4.6E-02));
#9318 = VECTOR('',#9319,1.);
#9319 = DIRECTION('',(0.,0.,1.));
#9320 = ORIENTED_EDGE('',*,*,#8476,.F.);
#9321 = ORIENTED_EDGE('',*,*,#9315,.F.);
#9322 = CYLINDRICAL_SURFACE('',#9323,0.425);
#9323 = AXIS2_PLACEMENT_3D('',#9324,#9325,#9326);
#9324 = CARTESIAN_POINT('',(63.,12.25,-4.6E-02));
#9325 = DIRECTION('',(-0.,-0.,-1.));
#9326 = DIRECTION('',(-0.,-1.,0.));
#9327 = ADVANCED_FACE('',(#9328),#9339,.F.);
#9328 = FACE_BOUND('',#9329,.T.);
#9329 = EDGE_LOOP('',(#9330,#9331,#9337,#9338));
#9330 = ORIENTED_EDGE('',*,*,#7905,.T.);
#9331 = ORIENTED_EDGE('',*,*,#9332,.T.);
#9332 = EDGE_CURVE('',#7906,#8488,#9333,.T.);
#9333 = LINE('',#9334,#9335);
#9334 = CARTESIAN_POINT('',(40.,17.075,-4.6E-02));
#9335 = VECTOR('',#9336,1.);
#9336 = DIRECTION('',(0.,0.,1.));
#9337 = ORIENTED_EDGE('',*,*,#8487,.F.);
#9338 = ORIENTED_EDGE('',*,*,#9332,.F.);
#9339 = CYLINDRICAL_SURFACE('',#9340,0.425);
#9340 = AXIS2_PLACEMENT_3D('',#9341,#9342,#9343);
#9341 = CARTESIAN_POINT('',(40.,17.5,-4.6E-02));
#9342 = DIRECTION('',(-0.,-0.,-1.));
#9343 = DIRECTION('',(-0.,-1.,0.));
#9344 = ADVANCED_FACE('',(#9345),#9356,.F.);
#9345 = FACE_BOUND('',#9346,.T.);
#9346 = EDGE_LOOP('',(#9347,#9348,#9354,#9355));
#9347 = ORIENTED_EDGE('',*,*,#7916,.T.);
#9348 = ORIENTED_EDGE('',*,*,#9349,.T.);
#9349 = EDGE_CURVE('',#7917,#8499,#9350,.T.);
#9350 = LINE('',#9351,#9352);
#9351 = CARTESIAN_POINT('',(40.,19.575,-4.6E-02));
#9352 = VECTOR('',#9353,1.);
#9353 = DIRECTION('',(0.,0.,1.));
#9354 = ORIENTED_EDGE('',*,*,#8498,.F.);
#9355 = ORIENTED_EDGE('',*,*,#9349,.F.);
#9356 = CYLINDRICAL_SURFACE('',#9357,0.425);
#9357 = AXIS2_PLACEMENT_3D('',#9358,#9359,#9360);
#9358 = CARTESIAN_POINT('',(40.,20.,-4.6E-02));
#9359 = DIRECTION('',(-0.,-0.,-1.));
#9360 = DIRECTION('',(-0.,-1.,0.));
#9361 = ADVANCED_FACE('',(#9362),#9373,.F.);
#9362 = FACE_BOUND('',#9363,.T.);
#9363 = EDGE_LOOP('',(#9364,#9365,#9371,#9372));
#9364 = ORIENTED_EDGE('',*,*,#7927,.T.);
#9365 = ORIENTED_EDGE('',*,*,#9366,.T.);
#9366 = EDGE_CURVE('',#7928,#8510,#9367,.T.);
#9367 = LINE('',#9368,#9369);
#9368 = CARTESIAN_POINT('',(70.5,17.9,-4.6E-02));
#9369 = VECTOR('',#9370,1.);
#9370 = DIRECTION('',(0.,0.,1.));
#9371 = ORIENTED_EDGE('',*,*,#8509,.F.);
#9372 = ORIENTED_EDGE('',*,*,#9366,.F.);
#9373 = CYLINDRICAL_SURFACE('',#9374,1.6);
#9374 = AXIS2_PLACEMENT_3D('',#9375,#9376,#9377);
#9375 = CARTESIAN_POINT('',(70.5,19.5,-4.6E-02));
#9376 = DIRECTION('',(-0.,-0.,-1.));
#9377 = DIRECTION('',(-0.,-1.,0.));
#9378 = ADVANCED_FACE('',(#9379),#9390,.F.);
#9379 = FACE_BOUND('',#9380,.T.);
#9380 = EDGE_LOOP('',(#9381,#9382,#9388,#9389));
#9381 = ORIENTED_EDGE('',*,*,#7938,.T.);
#9382 = ORIENTED_EDGE('',*,*,#9383,.T.);
#9383 = EDGE_CURVE('',#7939,#8521,#9384,.T.);
#9384 = LINE('',#9385,#9386);
#9385 = CARTESIAN_POINT('',(34.,20.075,-4.6E-02));
#9386 = VECTOR('',#9387,1.);
#9387 = DIRECTION('',(0.,0.,1.));
#9388 = ORIENTED_EDGE('',*,*,#8520,.F.);
#9389 = ORIENTED_EDGE('',*,*,#9383,.F.);
#9390 = CYLINDRICAL_SURFACE('',#9391,0.425);
#9391 = AXIS2_PLACEMENT_3D('',#9392,#9393,#9394);
#9392 = CARTESIAN_POINT('',(34.,20.5,-4.6E-02));
#9393 = DIRECTION('',(-0.,-0.,-1.));
#9394 = DIRECTION('',(-0.,-1.,0.));
#9395 = ADVANCED_FACE('',(#9396),#9407,.F.);
#9396 = FACE_BOUND('',#9397,.T.);
#9397 = EDGE_LOOP('',(#9398,#9399,#9405,#9406));
#9398 = ORIENTED_EDGE('',*,*,#7949,.T.);
#9399 = ORIENTED_EDGE('',*,*,#9400,.T.);
#9400 = EDGE_CURVE('',#7950,#8532,#9401,.T.);
#9401 = LINE('',#9402,#9403);
#9402 = CARTESIAN_POINT('',(34.,22.575,-4.6E-02));
#9403 = VECTOR('',#9404,1.);
#9404 = DIRECTION('',(0.,0.,1.));
#9405 = ORIENTED_EDGE('',*,*,#8531,.F.);
#9406 = ORIENTED_EDGE('',*,*,#9400,.F.);
#9407 = CYLINDRICAL_SURFACE('',#9408,0.425);
#9408 = AXIS2_PLACEMENT_3D('',#9409,#9410,#9411);
#9409 = CARTESIAN_POINT('',(34.,23.,-4.6E-02));
#9410 = DIRECTION('',(-0.,-0.,-1.));
#9411 = DIRECTION('',(-0.,-1.,0.));
#9412 = ADVANCED_FACE('',(#9413),#9424,.F.);
#9413 = FACE_BOUND('',#9414,.T.);
#9414 = EDGE_LOOP('',(#9415,#9416,#9422,#9423));
#9415 = ORIENTED_EDGE('',*,*,#7960,.T.);
#9416 = ORIENTED_EDGE('',*,*,#9417,.T.);
#9417 = EDGE_CURVE('',#7961,#8543,#9418,.T.);
#9418 = LINE('',#9419,#9420);
#9419 = CARTESIAN_POINT('',(11.,27.175,-4.6E-02));
#9420 = VECTOR('',#9421,1.);
#9421 = DIRECTION('',(0.,0.,1.));
#9422 = ORIENTED_EDGE('',*,*,#8542,.F.);
#9423 = ORIENTED_EDGE('',*,*,#9417,.F.);
#9424 = CYLINDRICAL_SURFACE('',#9425,0.425);
#9425 = AXIS2_PLACEMENT_3D('',#9426,#9427,#9428);
#9426 = CARTESIAN_POINT('',(11.,27.6,-4.6E-02));
#9427 = DIRECTION('',(-0.,-0.,-1.));
#9428 = DIRECTION('',(-0.,-1.,0.));
#9429 = ADVANCED_FACE('',(#9430),#9441,.F.);
#9430 = FACE_BOUND('',#9431,.T.);
#9431 = EDGE_LOOP('',(#9432,#9433,#9439,#9440));
#9432 = ORIENTED_EDGE('',*,*,#7971,.T.);
#9433 = ORIENTED_EDGE('',*,*,#9434,.T.);
#9434 = EDGE_CURVE('',#7972,#8554,#9435,.T.);
#9435 = LINE('',#9436,#9437);
#9436 = CARTESIAN_POINT('',(13.5,27.175,-4.6E-02));
#9437 = VECTOR('',#9438,1.);
#9438 = DIRECTION('',(0.,0.,1.));
#9439 = ORIENTED_EDGE('',*,*,#8553,.F.);
#9440 = ORIENTED_EDGE('',*,*,#9434,.F.);
#9441 = CYLINDRICAL_SURFACE('',#9442,0.425);
#9442 = AXIS2_PLACEMENT_3D('',#9443,#9444,#9445);
#9443 = CARTESIAN_POINT('',(13.5,27.6,-4.6E-02));
#9444 = DIRECTION('',(-0.,-0.,-1.));
#9445 = DIRECTION('',(-0.,-1.,0.));
#9446 = ADVANCED_FACE('',(#9447),#9458,.F.);
#9447 = FACE_BOUND('',#9448,.T.);
#9448 = EDGE_LOOP('',(#9449,#9450,#9456,#9457));
#9449 = ORIENTED_EDGE('',*,*,#7982,.T.);
#9450 = ORIENTED_EDGE('',*,*,#9451,.T.);
#9451 = EDGE_CURVE('',#7983,#8565,#9452,.T.);
#9452 = LINE('',#9453,#9454);
#9453 = CARTESIAN_POINT('',(16.,27.175,-4.6E-02));
#9454 = VECTOR('',#9455,1.);
#9455 = DIRECTION('',(0.,0.,1.));
#9456 = ORIENTED_EDGE('',*,*,#8564,.F.);
#9457 = ORIENTED_EDGE('',*,*,#9451,.F.);
#9458 = CYLINDRICAL_SURFACE('',#9459,0.425);
#9459 = AXIS2_PLACEMENT_3D('',#9460,#9461,#9462);
#9460 = CARTESIAN_POINT('',(16.,27.6,-4.6E-02));
#9461 = DIRECTION('',(-0.,-0.,-1.));
#9462 = DIRECTION('',(-0.,-1.,0.));
#9463 = ADVANCED_FACE('',(#9464),#9475,.F.);
#9464 = FACE_BOUND('',#9465,.T.);
#9465 = EDGE_LOOP('',(#9466,#9467,#9473,#9474));
#9466 = ORIENTED_EDGE('',*,*,#7993,.T.);
#9467 = ORIENTED_EDGE('',*,*,#9468,.T.);
#9468 = EDGE_CURVE('',#7994,#8576,#9469,.T.);
#9469 = LINE('',#9470,#9471);
#9470 = CARTESIAN_POINT('',(22.75,27.175,-4.6E-02));
#9471 = VECTOR('',#9472,1.);
#9472 = DIRECTION('',(0.,0.,1.));
#9473 = ORIENTED_EDGE('',*,*,#8575,.F.);
#9474 = ORIENTED_EDGE('',*,*,#9468,.F.);
#9475 = CYLINDRICAL_SURFACE('',#9476,0.425);
#9476 = AXIS2_PLACEMENT_3D('',#9477,#9478,#9479);
#9477 = CARTESIAN_POINT('',(22.75,27.6,-4.6E-02));
#9478 = DIRECTION('',(-0.,-0.,-1.));
#9479 = DIRECTION('',(-0.,-1.,0.));
#9480 = ADVANCED_FACE('',(#9481),#9492,.F.);
#9481 = FACE_BOUND('',#9482,.T.);
#9482 = EDGE_LOOP('',(#9483,#9484,#9490,#9491));
#9483 = ORIENTED_EDGE('',*,*,#8004,.T.);
#9484 = ORIENTED_EDGE('',*,*,#9485,.T.);
#9485 = EDGE_CURVE('',#8005,#8587,#9486,.T.);
#9486 = LINE('',#9487,#9488);
#9487 = CARTESIAN_POINT('',(25.25,27.175,-4.6E-02));
#9488 = VECTOR('',#9489,1.);
#9489 = DIRECTION('',(0.,0.,1.));
#9490 = ORIENTED_EDGE('',*,*,#8586,.F.);
#9491 = ORIENTED_EDGE('',*,*,#9485,.F.);
#9492 = CYLINDRICAL_SURFACE('',#9493,0.425);
#9493 = AXIS2_PLACEMENT_3D('',#9494,#9495,#9496);
#9494 = CARTESIAN_POINT('',(25.25,27.6,-4.6E-02));
#9495 = DIRECTION('',(-0.,-0.,-1.));
#9496 = DIRECTION('',(-0.,-1.,0.));
#9497 = ADVANCED_FACE('',(#9498),#9509,.F.);
#9498 = FACE_BOUND('',#9499,.T.);
#9499 = EDGE_LOOP('',(#9500,#9501,#9507,#9508));
#9500 = ORIENTED_EDGE('',*,*,#8015,.T.);
#9501 = ORIENTED_EDGE('',*,*,#9502,.T.);
#9502 = EDGE_CURVE('',#8016,#8598,#9503,.T.);
#9503 = LINE('',#9504,#9505);
#9504 = CARTESIAN_POINT('',(27.75,27.175,-4.6E-02));
#9505 = VECTOR('',#9506,1.);
#9506 = DIRECTION('',(0.,0.,1.));
#9507 = ORIENTED_EDGE('',*,*,#8597,.F.);
#9508 = ORIENTED_EDGE('',*,*,#9502,.F.);
#9509 = CYLINDRICAL_SURFACE('',#9510,0.425);
#9510 = AXIS2_PLACEMENT_3D('',#9511,#9512,#9513);
#9511 = CARTESIAN_POINT('',(27.75,27.6,-4.6E-02));
#9512 = DIRECTION('',(-0.,-0.,-1.));
#9513 = DIRECTION('',(-0.,-1.,0.));
#9514 = ADVANCED_FACE('',(#9515),#9526,.F.);
#9515 = FACE_BOUND('',#9516,.T.);
#9516 = EDGE_LOOP('',(#9517,#9518,#9524,#9525));
#9517 = ORIENTED_EDGE('',*,*,#8026,.T.);
#9518 = ORIENTED_EDGE('',*,*,#9519,.T.);
#9519 = EDGE_CURVE('',#8027,#8609,#9520,.T.);
#9520 = LINE('',#9521,#9522);
#9521 = CARTESIAN_POINT('',(35.,27.375,-4.6E-02));
#9522 = VECTOR('',#9523,1.);
#9523 = DIRECTION('',(0.,0.,1.));
#9524 = ORIENTED_EDGE('',*,*,#8608,.F.);
#9525 = ORIENTED_EDGE('',*,*,#9519,.F.);
#9526 = CYLINDRICAL_SURFACE('',#9527,0.425);
#9527 = AXIS2_PLACEMENT_3D('',#9528,#9529,#9530);
#9528 = CARTESIAN_POINT('',(35.,27.8,-4.6E-02));
#9529 = DIRECTION('',(-0.,-0.,-1.));
#9530 = DIRECTION('',(-0.,-1.,0.));
#9531 = ADVANCED_FACE('',(#9532),#9543,.F.);
#9532 = FACE_BOUND('',#9533,.T.);
#9533 = EDGE_LOOP('',(#9534,#9535,#9541,#9542));
#9534 = ORIENTED_EDGE('',*,*,#8037,.T.);
#9535 = ORIENTED_EDGE('',*,*,#9536,.T.);
#9536 = EDGE_CURVE('',#8038,#8620,#9537,.T.);
#9537 = LINE('',#9538,#9539);
#9538 = CARTESIAN_POINT('',(40.,22.075,-4.6E-02));
#9539 = VECTOR('',#9540,1.);
#9540 = DIRECTION('',(0.,0.,1.));
#9541 = ORIENTED_EDGE('',*,*,#8619,.F.);
#9542 = ORIENTED_EDGE('',*,*,#9536,.F.);
#9543 = CYLINDRICAL_SURFACE('',#9544,0.425);
#9544 = AXIS2_PLACEMENT_3D('',#9545,#9546,#9547);
#9545 = CARTESIAN_POINT('',(40.,22.5,-4.6E-02));
#9546 = DIRECTION('',(-0.,-0.,-1.));
#9547 = DIRECTION('',(-0.,-1.,0.));
#9548 = ADVANCED_FACE('',(#9549),#9560,.F.);
#9549 = FACE_BOUND('',#9550,.T.);
#9550 = EDGE_LOOP('',(#9551,#9552,#9558,#9559));
#9551 = ORIENTED_EDGE('',*,*,#8048,.T.);
#9552 = ORIENTED_EDGE('',*,*,#9553,.T.);
#9553 = EDGE_CURVE('',#8049,#8631,#9554,.T.);
#9554 = LINE('',#9555,#9556);
#9555 = CARTESIAN_POINT('',(37.5,27.375,-4.6E-02));
#9556 = VECTOR('',#9557,1.);
#9557 = DIRECTION('',(0.,0.,1.));
#9558 = ORIENTED_EDGE('',*,*,#8630,.F.);
#9559 = ORIENTED_EDGE('',*,*,#9553,.F.);
#9560 = CYLINDRICAL_SURFACE('',#9561,0.425);
#9561 = AXIS2_PLACEMENT_3D('',#9562,#9563,#9564);
#9562 = CARTESIAN_POINT('',(37.5,27.8,-4.6E-02));
#9563 = DIRECTION('',(-0.,-0.,-1.));
#9564 = DIRECTION('',(-0.,-1.,0.));
#9565 = ADVANCED_FACE('',(#9566),#9577,.F.);
#9566 = FACE_BOUND('',#9567,.T.);
#9567 = EDGE_LOOP('',(#9568,#9569,#9575,#9576));
#9568 = ORIENTED_EDGE('',*,*,#8059,.T.);
#9569 = ORIENTED_EDGE('',*,*,#9570,.T.);
#9570 = EDGE_CURVE('',#8060,#8642,#9571,.T.);
#9571 = LINE('',#9572,#9573);
#9572 = CARTESIAN_POINT('',(40.,27.375,-4.6E-02));
#9573 = VECTOR('',#9574,1.);
#9574 = DIRECTION('',(0.,0.,1.));
#9575 = ORIENTED_EDGE('',*,*,#8641,.F.);
#9576 = ORIENTED_EDGE('',*,*,#9570,.F.);
#9577 = CYLINDRICAL_SURFACE('',#9578,0.425);
#9578 = AXIS2_PLACEMENT_3D('',#9579,#9580,#9581);
#9579 = CARTESIAN_POINT('',(40.,27.8,-4.6E-02));
#9580 = DIRECTION('',(-0.,-0.,-1.));
#9581 = DIRECTION('',(-0.,-1.,0.));
#9582 = ADVANCED_FACE('',(#9583),#9594,.F.);
#9583 = FACE_BOUND('',#9584,.T.);
#9584 = EDGE_LOOP('',(#9585,#9586,#9592,#9593));
#9585 = ORIENTED_EDGE('',*,*,#8070,.T.);
#9586 = ORIENTED_EDGE('',*,*,#9587,.T.);
#9587 = EDGE_CURVE('',#8071,#8653,#9588,.T.);
#9588 = LINE('',#9589,#9590);
#9589 = CARTESIAN_POINT('',(47.,27.175,-4.6E-02));
#9590 = VECTOR('',#9591,1.);
#9591 = DIRECTION('',(0.,0.,1.));
#9592 = ORIENTED_EDGE('',*,*,#8652,.F.);
#9593 = ORIENTED_EDGE('',*,*,#9587,.F.);
#9594 = CYLINDRICAL_SURFACE('',#9595,0.425);
#9595 = AXIS2_PLACEMENT_3D('',#9596,#9597,#9598);
#9596 = CARTESIAN_POINT('',(47.,27.6,-4.6E-02));
#9597 = DIRECTION('',(-0.,-0.,-1.));
#9598 = DIRECTION('',(-0.,-1.,0.));
#9599 = ADVANCED_FACE('',(#9600),#9611,.F.);
#9600 = FACE_BOUND('',#9601,.T.);
#9601 = EDGE_LOOP('',(#9602,#9603,#9609,#9610));
#9602 = ORIENTED_EDGE('',*,*,#8081,.T.);
#9603 = ORIENTED_EDGE('',*,*,#9604,.T.);
#9604 = EDGE_CURVE('',#8082,#8664,#9605,.T.);
#9605 = LINE('',#9606,#9607);
#9606 = CARTESIAN_POINT('',(49.5,27.175,-4.6E-02));
#9607 = VECTOR('',#9608,1.);
#9608 = DIRECTION('',(0.,0.,1.));
#9609 = ORIENTED_EDGE('',*,*,#8663,.F.);
#9610 = ORIENTED_EDGE('',*,*,#9604,.F.);
#9611 = CYLINDRICAL_SURFACE('',#9612,0.425);
#9612 = AXIS2_PLACEMENT_3D('',#9613,#9614,#9615);
#9613 = CARTESIAN_POINT('',(49.5,27.6,-4.6E-02));
#9614 = DIRECTION('',(-0.,-0.,-1.));
#9615 = DIRECTION('',(-0.,-1.,0.));
#9616 = ADVANCED_FACE('',(#9617),#9628,.F.);
#9617 = FACE_BOUND('',#9618,.T.);
#9618 = EDGE_LOOP('',(#9619,#9620,#9626,#9627));
#9619 = ORIENTED_EDGE('',*,*,#8092,.T.);
#9620 = ORIENTED_EDGE('',*,*,#9621,.T.);
#9621 = EDGE_CURVE('',#8093,#8675,#9622,.T.);
#9622 = LINE('',#9623,#9624);
#9623 = CARTESIAN_POINT('',(52.,27.175,-4.6E-02));
#9624 = VECTOR('',#9625,1.);
#9625 = DIRECTION('',(0.,0.,1.));
#9626 = ORIENTED_EDGE('',*,*,#8674,.F.);
#9627 = ORIENTED_EDGE('',*,*,#9621,.F.);
#9628 = CYLINDRICAL_SURFACE('',#9629,0.425);
#9629 = AXIS2_PLACEMENT_3D('',#9630,#9631,#9632);
#9630 = CARTESIAN_POINT('',(52.,27.6,-4.6E-02));
#9631 = DIRECTION('',(-0.,-0.,-1.));
#9632 = DIRECTION('',(-0.,-1.,0.));
#9633 = ADVANCED_FACE('',(#9634),#9645,.F.);
#9634 = FACE_BOUND('',#9635,.T.);
#9635 = EDGE_LOOP('',(#9636,#9637,#9643,#9644));
#9636 = ORIENTED_EDGE('',*,*,#8103,.T.);
#9637 = ORIENTED_EDGE('',*,*,#9638,.T.);
#9638 = EDGE_CURVE('',#8104,#8686,#9639,.T.);
#9639 = LINE('',#9640,#9641);
#9640 = CARTESIAN_POINT('',(59.,27.175,-4.6E-02));
#9641 = VECTOR('',#9642,1.);
#9642 = DIRECTION('',(0.,0.,1.));
#9643 = ORIENTED_EDGE('',*,*,#8685,.F.);
#9644 = ORIENTED_EDGE('',*,*,#9638,.F.);
#9645 = CYLINDRICAL_SURFACE('',#9646,0.425);
#9646 = AXIS2_PLACEMENT_3D('',#9647,#9648,#9649);
#9647 = CARTESIAN_POINT('',(59.,27.6,-4.6E-02));
#9648 = DIRECTION('',(-0.,-0.,-1.));
#9649 = DIRECTION('',(-0.,-1.,0.));
#9650 = ADVANCED_FACE('',(#9651),#9662,.F.);
#9651 = FACE_BOUND('',#9652,.T.);
#9652 = EDGE_LOOP('',(#9653,#9654,#9660,#9661));
#9653 = ORIENTED_EDGE('',*,*,#8114,.T.);
#9654 = ORIENTED_EDGE('',*,*,#9655,.T.);
#9655 = EDGE_CURVE('',#8115,#8697,#9656,.T.);
#9656 = LINE('',#9657,#9658);
#9657 = CARTESIAN_POINT('',(61.5,27.175,-4.6E-02));
#9658 = VECTOR('',#9659,1.);
#9659 = DIRECTION('',(0.,0.,1.));
#9660 = ORIENTED_EDGE('',*,*,#8696,.F.);
#9661 = ORIENTED_EDGE('',*,*,#9655,.F.);
#9662 = CYLINDRICAL_SURFACE('',#9663,0.425);
#9663 = AXIS2_PLACEMENT_3D('',#9664,#9665,#9666);
#9664 = CARTESIAN_POINT('',(61.5,27.6,-4.6E-02));
#9665 = DIRECTION('',(-0.,-0.,-1.));
#9666 = DIRECTION('',(-0.,-1.,0.));
#9667 = ADVANCED_FACE('',(#9668),#9679,.F.);
#9668 = FACE_BOUND('',#9669,.T.);
#9669 = EDGE_LOOP('',(#9670,#9671,#9677,#9678));
#9670 = ORIENTED_EDGE('',*,*,#8125,.T.);
#9671 = ORIENTED_EDGE('',*,*,#9672,.T.);
#9672 = EDGE_CURVE('',#8126,#8708,#9673,.T.);
#9673 = LINE('',#9674,#9675);
#9674 = CARTESIAN_POINT('',(64.,27.175,-4.6E-02));
#9675 = VECTOR('',#9676,1.);
#9676 = DIRECTION('',(0.,0.,1.));
#9677 = ORIENTED_EDGE('',*,*,#8707,.F.);
#9678 = ORIENTED_EDGE('',*,*,#9672,.F.);
#9679 = CYLINDRICAL_SURFACE('',#9680,0.425);
#9680 = AXIS2_PLACEMENT_3D('',#9681,#9682,#9683);
#9681 = CARTESIAN_POINT('',(64.,27.6,-4.6E-02));
#9682 = DIRECTION('',(-0.,-0.,-1.));
#9683 = DIRECTION('',(-0.,-1.,0.));
#9684 = ( GEOMETRIC_REPRESENTATION_CONTEXT(3) 
GLOBAL_UNCERTAINTY_ASSIGNED_CONTEXT((#9688)) 
GLOBAL_UNIT_ASSIGNED_CONTEXT((#9685,#9686,#9687)) REPRESENTATION_CONTEXT
('Context #1','3D Context with UNIT and UNCERTAINTY') );
#9685 = ( LENGTH_UNIT() NAMED_UNIT(*) SI_UNIT(.MILLI.,.METRE.) );
#9686 = ( NAMED_UNIT(*) PLANE_ANGLE_UNIT() SI_UNIT($,.RADIAN.) );
#9687 = ( NAMED_UNIT(*) SI_UNIT($,.STERADIAN.) SOLID_ANGLE_UNIT() );
#9688 = UNCERTAINTY_MEASURE_WITH_UNIT(LENGTH_MEASURE(1.E-07),#9685,
  'distance_accuracy_value','confusion accuracy');
#9689 = CONTEXT_DEPENDENT_SHAPE_REPRESENTATION(#9690,#9692);
#9690 = ( REPRESENTATION_RELATIONSHIP('','',#7449,#10) 
REPRESENTATION_RELATIONSHIP_WITH_TRANSFORMATION(#9691) 
SHAPE_REPRESENTATION_RELATIONSHIP() );
#9691 = ITEM_DEFINED_TRANSFORMATION('','',#11,#63);
#9692 = PRODUCT_DEFINITION_SHAPE('Placement','Placement of an item',
  #9693);
#9693 = NEXT_ASSEMBLY_USAGE_OCCURRENCE('17','=>[0:1:1:4]','',#5,#7444,$
  );
#9694 = PRODUCT_RELATED_PRODUCT_CATEGORY('part',$,(#7446));
#9695 = MECHANICAL_DESIGN_GEOMETRIC_PRESENTATION_REPRESENTATION('',(
    #9696),#9684);
#9696 = STYLED_ITEM('color',(#9697),#7450);
#9697 = PRESENTATION_STYLE_ASSIGNMENT((#9698));
#9698 = SURFACE_STYLE_USAGE(.BOTH.,#9699);
#9699 = SURFACE_SIDE_STYLE('',(#9700));
#9700 = SURFACE_STYLE_FILL_AREA(#9701);
#9701 = FILL_AREA_STYLE('',(#9702));
#9702 = FILL_AREA_STYLE_COLOUR('',#9703);
#9703 = COLOUR_RGB('',0.313304153717,0.484529207832,0.410020903123);
ENDSEC;
END-ISO-10303-21;
